customer_id,final_score,churn_prob,purchase_prob,expected_revenue,selected
C00001,91419.98955,0.183360742,0.789293718,111946.6014,1
C00002,58380.46644,0.197961223,0.975129682,72790.07959,1
C00003,50682.063,0.024746611,0.991919652,51968.09727,1
C00004,47741.53701,0.016266591,0.994075516,48530.97047,1
C00005,47150.7573,0.017246409,0.907776616,47978.20914,1
C00006,44356.37308,0.052161119,0.990116866,46797.37663,1
C00007,43190.27171,0.050866382,0.953593411,45504.94356,1
C00008,43148.54317,0.004469842,0.994233686,43342.27631,1
C00009,42178.09484,0.000861138,0.999268258,42214.44731,1
C00010,37941.55898,0.159653946,0.969291176,45149.92221,1
C00011,37135.24942,0.026549276,0.973567031,38148.05258,1
C00012,37106.97126,0.038791154,0.991510481,38604.48371,1
C00013,36103.3673,0.172172474,0.913046662,43612.1851,1
C00014,35789.76492,0.060060101,0.986794482,38076.65251,1
C00015,34923.85154,0.000724374,0.995245163,34949.16781,1
C00016,34921.08313,0.002216091,0.998414444,34998.64331,1
C00017,34168.46173,1.76E-09,0.999996296,34168.46179,1
C00018,33945.29244,6.08E-06,0.999692265,33945.49867,1
C00019,33912.84548,0.097232697,0.957440556,37565.43392,1
C00020,33907.24748,0.035628908,0.986765882,35159.95839,1
C00021,33757.93877,9.14E-05,0.999514708,33761.02342,1
C00022,33509.47617,0.020588787,0.95774089,34213.89884,1
C00023,33282.44571,0.415135558,0.712433898,56906.25607,1
C00024,32951.12646,0.007067098,0.99342111,33185.65273,1
C00025,32783.80901,3.93E-05,0.999825822,32785.09668,1
C00026,32749.65856,0.003155657,0.998888553,32853.33241,1
C00027,32720.7581,0.108741041,0.97986891,36712.96404,1
C00028,32674.44664,0.002547075,0.999336365,32757.88344,1
C00029,32468.08299,0.110413507,0.987130865,36497.94958,1
C00030,31918.75301,0.003239661,0.979117381,32022.49504,1
C00031,31848.13094,3.93E-06,0.999908582,31848.25597,1
C00032,31628.38702,0.00597831,0.998288378,31818.60852,1
C00033,31218.86425,0.018848562,0.996422107,31818.5991,1
C00034,30880.55443,3.67E-05,0.99976742,30881.6892,1
C00035,30789.87887,0.000166034,0.999358708,30794.99189,1
C00036,30652.93527,0.0003212,0.99915713,30662.78416,1
C00037,30559.37259,0.000147082,0.999863953,30563.86799,1
C00038,30552.34723,0.005762343,0.99555674,30729.42069,1
C00039,30327.06487,0.000335603,0.999775694,30337.24614,1
C00040,30198.44067,0.001233746,0.992169914,30235.7439,1
C00041,29877.52931,5.97E-07,0.999990051,29877.54716,1
C00042,29583.42028,0.001533978,0.996974371,29628.87031,1
C00043,29551.17724,0.000133178,0.996370512,29555.11333,1
C00044,28957.313,0.120949906,0.799825473,32941.59594,1
C00045,28705.99723,0.005360856,0.996528404,28860.71536,1
C00046,28574.68693,0.000973445,0.998639849,28602.52991,1
C00047,28466.64897,9.57E-08,0.999988654,28466.65169,1
C00048,28447.42239,0.005101587,0.99067938,28593.29357,1
C00049,28267.11632,0.027257899,0.987580849,29059.20931,1
C00050,28169.03166,1.68E-05,0.999622017,28169.5043,1
C00051,28102.90687,0.112175266,0.910389707,31653.66518,1
C00052,28047.02982,5.99E-15,0.999999993,28047.02982,1
C00053,27993.5855,0.014440245,0.990759983,28403.74251,1
C00054,27988.82381,0.042086258,0.968373335,29218.52205,1
C00056,27916.54736,0.000319531,0.999222357,27925.4704,1
C00057,27904.49517,1.51E-08,0.999986619,27904.49559,1
C00058,27878.79966,0.001035885,0.994770125,27907.70883,1
C00059,27872.98454,0.020106969,0.993047108,28444.92578,1
C00060,27689.60299,0.001650151,0.997543628,27735.37053,1
C00061,27572.96914,0.00032014,0.996314293,27581.79918,1
C00062,27505.03623,0.000338481,0.999146966,27514.3493,1
C00063,27374.32601,0.088284654,0.866007364,30025.07979,1
C00064,27185.6351,3.41E-18,0.999999999,27185.6351,1
C00065,27110.63065,0.054771621,0.985087726,28681.56655,1
C00066,27094.37191,0.060447583,0.979716732,28837.53094,1
C00067,27029.06886,0.000190819,0.998301763,27034.2275,1
C00068,26984.47595,0.002947416,0.998035699,27064.24553,1
C00069,26980.69047,0.133347604,0.855253857,31132.07856,1
C00070,26955.77899,0.069056949,0.977048985,28955.34691,1
C00071,26863.37591,5.50E-07,0.9999959,26863.39069,1
C00072,26699.31292,0.026154538,0.974072957,27416.37557,1
C00073,26508.04126,5.57E-13,0.99999979,26508.04126,1
C00074,26452.35273,4.78E-05,0.999774684,26453.61718,1
C00075,26414.00087,0.021196129,0.992646909,26985.9996,1
C00076,26172.82042,0.001751799,0.998946316,26218.75041,1
C00077,26045.21602,1.58E-05,0.999868839,26045.62861,1
C00078,26029.19527,0.000114967,0.998740587,26032.18811,1
C00079,25896.44542,1.81E-05,0.999971705,25896.91334,1
C00080,25873.74931,0.026610839,0.995724935,26581.09453,1
C00081,25820.09111,0.000356548,0.997592882,25829.30051,1
C00082,25780.44252,1.53E-07,0.999980155,25780.44645,1
C00083,25686.91089,6.15E-07,0.999802156,25686.9267,1
C00085,25615.18878,0.004809739,0.998832662,25738.98658,1
C00086,25589.30542,0.000331337,0.997196923,25597.78692,1
C00087,25553.9277,1.47E-05,0.998346315,25554.30403,1
C00088,25439.81893,0.147999155,0.978741998,29858.91278,1
C00089,25400.38249,0.001367752,0.998144755,25435.1715,1
C00090,25378.56263,2.61E-06,0.99998106,25378.62888,1
C00091,25359.98236,2.21E-09,0.999975236,25359.98242,1
C00092,25349.00489,2.10E-05,0.999935687,25349.5381,1
C00093,25317.28369,1.07E-08,0.999977408,25317.28396,1
C00094,25264.40997,0.000827933,0.9987937,25285.34453,1
C00095,25254.74133,1.09E-06,0.999985332,25254.76875,1
C00096,25245.51377,0.000623042,0.999572236,25261.25259,1
C00097,25228.33647,7.16E-05,0.999924484,25230.1427,1
C00098,25196.79286,1.54E-05,0.999015276,25197.17995,1
C00099,25188.39727,0.005583295,0.98799836,25329.82112,1
C00100,25033.15784,0.000858112,0.999488362,25054.65753,1
C00101,24987.72246,1.51E-06,0.999922029,24987.7601,1
C00102,24963.79669,6.17E-06,0.999956435,24963.95067,1
C00103,24920.64971,0.000177088,0.999825499,24925.06365,1
C00104,24908.161,2.46E-13,0.999999717,24908.161,1
C00105,24882.23506,0.218976585,0.973984507,31858.50077,1
C00106,24866.67559,0.001995646,0.996979649,24916.39989,1
C00107,24792.00075,1.05E-10,0.999999635,24792.00075,1
C00108,24744.40107,0.001048054,0.998437012,24770.36175,1
C00109,24688.15178,0.416044731,0.699322019,42277.47068,1
C00110,24606.72629,1.25E-06,0.99995521,24606.75704,1
C00111,24580.60978,0.000149355,0.999185956,24584.28156,1
C00112,24509.9998,0.022256504,0.987008819,25067.92414,1
C00113,24504.42517,0.000893133,0.998854057,24526.33043,1
C00114,24380.02835,0.000131902,0.996986707,24383.24455,1
C00115,24213.38394,0.001500959,0.998159125,24249.78186,1
C00116,24194.14618,5.19E-05,0.999579665,24195.40128,1
C00117,24176.33669,2.28E-05,0.999966875,24176.88735,1
C00118,24154.07299,0.000847745,0.999052581,24174.56685,1
C00119,24078.79664,3.55E-05,0.999862554,24079.65085,1
C00120,24052.42132,0.024644645,0.993957086,24660.16226,1
C00121,24003.81496,5.99E-07,0.999989468,24003.82933,1
C00122,23979.05266,0.01369452,0.994721808,24311.99373,1
C00123,23947.00702,2.01E-06,0.999992608,23947.05515,1
C00125,23927.25332,1.02E-05,0.999929117,23927.49668,1
C00126,23911.25294,0.099807766,0.984794569,26562.38529,1
C00127,23803.45374,5.74E-08,0.999991248,23803.45511,1
C00128,23775.90082,3.25E-07,0.999748759,23775.90855,1
C00129,23668.23943,4.09E-05,0.999861763,23669.20759,1
C00130,23653.05207,0.00109577,0.999523459,23678.99879,1
C00131,23563.77746,1.58E-11,0.999999591,23563.77746,1
C00132,23471.26159,5.51E-07,0.999794627,23471.27453,1
C00133,23397.34547,0.000675838,0.999517672,23413.16899,1
C00134,23385.41038,2.07E-16,1,23385.41038,1
C00135,23378.63541,0.00023874,0.998709691,23384.21816,1
C00136,23285.97835,3.50E-11,0.999998617,23285.97835,1
C00137,23281.23923,0.000203824,0.999707269,23285.98547,1
C00138,23227.22424,9.39E-06,0.999908763,23227.44226,1
C00139,23209.10689,6.65E-15,0.999999952,23209.10689,1
C00140,23181.44494,1.09E-18,1,23181.44494,1
C00141,23176.10314,3.78E-16,0.99999998,23176.10314,1
C00142,23006.41279,0.145669001,0.982350374,26929.15606,1
C00143,22996.65742,1.54E-06,0.99996155,22996.69277,1
C00144,22992.41365,0.000298782,0.999700114,22999.28543,1
C00145,22960.49787,1.72E-19,0.999999999,22960.49787,1
C00146,22936.20305,5.41E-13,0.999999968,22936.20305,1
C00147,22924.50999,0.002342763,0.996713679,22978.3428,1
C00148,22911.42212,0.018189921,0.991635075,23335.90031,1
C00149,22878.30888,0.064654293,0.975489627,24459.73581,1
C00150,22870.28325,0.000826604,0.999417033,22889.20356,1
C00151,22852.29354,4.45E-15,0.999999978,22852.29354,1
C00152,22835.09629,0.009878067,0.993045503,23062.9133,1
C00153,22791.9798,1.68E-07,0.999995099,22791.98362,1
C00154,22786.66512,1.38E-13,0.999999896,22786.66512,1
C00155,22782.55091,3.88E-06,0.999943903,22782.63929,1
C00156,22745.3469,3.06E-05,0.999882001,22746.04187,1
C00157,22703.3065,3.24E-13,0.99999984,22703.3065,1
C00159,22699.58111,0.006183992,0.998516754,22840.82861,1
C00160,22692.366,3.05E-14,0.999999958,22692.366,1
C00161,22684.2329,2.17E-22,1,22684.2329,1
C00162,22649.3299,5.31E-08,0.999641132,22649.3311,1
C00163,22639.84538,0.245921558,0.76874163,30023.19669,1
C00164,22604.85229,0.281933703,0.732589107,31480.17444,1
C00165,22603.73704,0.001513979,0.99799427,22638.01051,1
C00166,22601.57778,0.010224056,0.991228741,22835.04455,1
C00167,22552.85098,0.001997599,0.998189702,22597.99271,1
C00168,22528.71308,0.000156417,0.997628002,22532.2375,1
C00169,22506.21648,4.58E-05,0.999848267,22507.24807,1
C00170,22477.84352,8.87E-06,0.999899413,22478.04295,1
C00171,22449.15574,0.252746006,0.856718916,30042.2024,1
C00172,22436.59139,0.001239527,0.995787679,22464.43667,1
C00173,22384.00685,3.46E-07,0.999979642,22384.0146,1
C00174,22381.19961,0.000609921,0.99924409,22394.8587,1
C00175,22378.74601,0.000109719,0.999835558,22381.20166,1
C00176,22376.30762,1.12E-06,0.999970376,22376.33276,1
C00177,22340.78622,2.75E-06,0.999953741,22340.84769,1
C00178,22339.27008,5.77E-07,0.999988288,22339.28298,1
C00179,22328.29324,1.66E-07,0.999932893,22328.29694,1
C00180,22315.57847,1.60E-12,0.999999939,22315.57847,1
C00181,22293.35672,1.12E-19,0.999999999,22293.35672,1
C00182,22278.85156,1.01E-15,0.999999996,22278.85156,1
C00183,22272.25774,5.62E-07,0.999991619,22272.27027,1
C00184,22271.3752,5.10E-08,0.999987979,22271.37634,1
C00185,22251.3543,1.50E-13,0.999999986,22251.3543,1
C00186,22065.5616,6.10E-10,0.999990741,22065.56161,1
C00187,22039.94303,7.40E-16,0.999999994,22039.94303,1
C00188,22038.61952,1.80E-05,0.999848218,22039.01709,1
C00189,22016.46636,0.000572807,0.999463396,22029.08476,1
C00190,22004.15094,1.83E-05,0.999834324,22004.55471,1
C00191,21959.23398,4.02E-07,0.999993281,21959.2428,1
C00192,21909.00407,5.00E-09,0.999976399,21909.00418,1
C00193,21904.73795,7.16E-06,0.999890447,21904.8948,1
C00194,21901.54328,4.25E-06,0.99998066,21901.63642,1
C00196,21877.28242,1.55E-13,0.999999942,21877.28242,1
C00197,21857.70992,7.85E-06,0.999939908,21857.88144,1
C00198,21849.96569,1.09E-08,0.999954377,21849.96593,1
C00199,21836.42938,0.021831979,0.993593578,22323.80217,1
C00200,21825.76021,0.006959724,0.989370118,21978.72608,1
C00201,21742.52263,0.00073218,0.998467091,21758.45373,1
C00202,21695.1609,0.001234898,0.998920724,21721.98533,1
C00203,21674.17466,1.83E-18,0.999999998,21674.17466,1
C00204,21622.25695,1.44E-06,0.99994389,21622.28813,1
C00205,21590.83415,1.03E-07,0.999987528,21590.83638,1
C00206,21574.4697,0.000201568,0.999620908,21578.81931,1
C00207,21561.36992,7.45E-06,0.999806661,21561.53051,1
C00208,21534.62132,2.38E-05,0.999454886,21535.13326,1
C00209,21510.62405,7.41E-07,0.999990202,21510.63999,1
C00210,21496.41388,0.00138414,0.999494491,21526.20916,1
C00211,21491.50908,4.90E-08,0.999907399,21491.51014,1
C00212,21486.55576,0.003765492,0.995500846,21567.76902,1
C00213,21475.79443,0.001851112,0.998275077,21515.62226,1
C00214,21409.42576,3.09E-06,0.999962921,21409.4919,1
C00215,21402.89314,0.00048842,0.998861192,21413.35184,1
C00216,21399.27967,9.12E-05,0.998901913,21401.23232,1
C00217,21360.24415,0.000614633,0.998519855,21373.38093,1
C00218,21354.93027,3.18E-05,0.999875463,21355.60912,1
C00219,21313.76094,6.29E-06,0.999861243,21313.89493,1
C00220,21294.49377,7.50E-08,0.99998929,21294.49537,1
C00221,21288.18437,7.19E-08,0.999984763,21288.1859,1
C00222,21265.87148,3.93E-05,0.999872874,21266.70778,1
C00223,21253.42924,0.000827943,0.998852506,21271.04044,1
C00224,21245.80846,2.67E-07,0.999994579,21245.81414,1
C00225,21244.22331,3.30E-05,0.999815248,21244.9247,1
C00226,21223.47532,0.036424293,0.989372973,22025.74761,1
C00227,21206.46237,0.000245443,0.999748352,21211.66863,1
C00228,21197.23476,2.25E-05,0.998324268,21197.71128,1
C00229,21179.47129,2.59E-05,0.999964438,21180.01888,1
C00230,21170.73965,2.54E-06,0.99998276,21170.79347,1
C00231,21157.10839,0.004297345,0.99514689,21248.42019,1
C00232,21153.85949,5.98E-06,0.99997038,21153.98589,1
C00233,21119.64109,3.92E-06,0.999599247,21119.72385,1
C00234,21092.24806,5.90E-07,0.999958702,21092.26051,1
C00235,21079.96325,2.35E-07,0.999983929,21079.9682,1
C00236,21079.19078,0.000523037,0.999837988,21090.22174,1
C00237,20958.98164,4.94E-05,0.99988217,20960.0161,1
C00238,20952.10444,9.75E-06,0.998497055,20952.30877,1
C00240,20935.91706,7.45E-05,0.999734372,20937.47638,1
C00242,20905.75702,7.09E-15,0.999999993,20905.75702,1
C00243,20873.77544,0.000573003,0.995775645,20885.74304,1
C00244,20833.90298,0.000401565,0.999711367,20842.2725,1
C00245,20813.51005,0.018328399,0.993925973,21202.1108,1
C00246,20809.89199,0.009663071,0.982663164,21012.94155,1
C00247,20782.67226,1.11E-08,0.999986352,20782.67249,1
C00248,20761.0322,1.06E-14,0.999999987,20761.0322,1
C00249,20735.99281,0.000807842,0.998126842,20752.75775,1
C00250,20707.20891,9.51E-07,0.99995454,20707.2286,1
C00251,20705.21235,6.19E-06,0.99995144,20705.34059,1
C00252,20675.51566,7.96E-06,0.999080917,20675.6802,1
C00253,20664.88763,0.000728428,0.998667431,20679.95149,1
C00254,20660.54872,0.001683676,0.996232427,20695.39305,1
C00255,20656.3345,3.91E-11,0.999999077,20656.3345,1
C00256,20629.16212,4.53E-06,0.999982656,20629.25567,1
C00257,20628.57976,3.49E-14,0.999999911,20628.57976,1
C00258,20611.06436,0.001134386,0.998233908,20634.47181,1
C00259,20606.4797,0.001098235,0.992093362,20629.13534,1
C00261,20550.32906,1.11E-06,0.999980225,20550.35195,1
C00262,20535.85695,4.15E-10,0.999993657,20535.85696,1
C00263,20516.30074,0.266300504,0.764266,27962.81156,1
C00264,20510.51647,9.70E-06,0.999300387,20510.71539,1
C00265,20483.78301,0.022411497,0.986151636,20953.37961,1
C00266,20476.73588,0.049938634,0.98637761,21553.0666,1
C00267,20443.28863,0.000472251,0.989854841,20452.94755,1
C00268,20388.38673,1.89E-12,0.999999708,20388.38673,1
C00269,20387.55064,1.69E-10,0.999993432,20387.55065,1
C00270,20380.00813,1.17E-06,0.999973668,20380.03196,1
C00271,20378.84514,1.73E-17,0.999999999,20378.84514,1
C00272,20361.639,0.000339381,0.999770791,20368.55171,1
C00273,20353.93564,0.050595641,0.976434249,21438.63725,1
C00274,20333.51623,5.65E-05,0.999549478,20334.66557,1
C00275,20303.98671,4.22E-14,0.999999961,20303.98671,1
C00276,20299.05258,0.000293714,0.99922517,20305.01644,1
C00277,20263.89658,0.009047834,0.993900552,20448.91498,1
C00278,20252.40556,0.000201931,0.999578798,20256.49599,1
C00279,20242.21228,3.24E-09,0.999996197,20242.21234,1
C00280,20232.66878,7.43E-05,0.999899411,20234.17211,1
C00281,20206.57479,5.24E-13,0.999999917,20206.57479,1
C00282,20194.29282,0.011276382,0.994536373,20424.60852,1
C00283,20145.03202,1.17E-06,0.999986361,20145.05559,1
C00284,20132.2284,0.002285829,0.995231949,20178.35265,1
C00285,20118.20884,2.71E-05,0.99987984,20118.75355,1
C00286,20096.56983,5.46E-09,0.99997158,20096.56994,1
C00287,20089.8639,0.000546909,0.990131072,20100.85725,1
C00288,20077.16319,1.75E-06,0.999991626,20077.19828,1
C00289,20061.05304,7.81E-08,0.9999917,20061.0546,1
C00290,19945.77015,2.96E-06,0.99998853,19945.82914,1
C00291,19917.90568,0.000385295,0.999686469,19925.5829,1
C00292,19911.12748,1.73E-06,0.999963711,19911.16186,1
C00293,19863.98171,5.18E-13,0.999999769,19863.98171,1
C00294,19825.45122,8.51E-08,0.999996433,19825.45291,1
C00295,19789.21163,2.43E-05,0.999964513,19789.6917,1
C00296,19770.81955,1.33E-05,0.999969857,19771.08311,1
C00297,19752.27562,7.48E-06,0.999961099,19752.4234,1
C00298,19730.31483,6.86E-15,0.999999995,19730.31483,1
C00299,19722.39442,0.01460052,0.989824259,20014.61825,1
C00300,19701.46574,5.34E-06,0.999811913,19701.57093,1
C00301,19693.06392,0.033673115,0.982694702,20379.29838,1
C00302,19665.44899,0.005311487,0.99082561,19770.45953,1
C00303,19659.99689,1.20E-06,0.999907004,19660.02049,1
C00304,19642.55184,1.80E-05,0.999940203,19642.90533,1
C00305,19619.94589,1.20E-14,0.999999984,19619.94589,1
C00306,19599.53878,5.29E-11,0.999999446,19599.53879,1
C00307,19567.63418,3.25E-16,0.999999998,19567.63418,1
C00308,19551.4361,0.000189086,0.999812584,19555.1337,1
C00309,19543.86715,1.18E-05,0.99996808,19544.09788,1
C00310,19506.21054,0.000977467,0.99952879,19525.29587,1
C00311,19495.17056,5.50E-17,1,19495.17056,1
C00312,19480.89384,3.69E-17,0.999999997,19480.89384,1
C00313,19460.46981,8.51E-08,0.999989813,19460.47147,1
C00314,19458.80676,3.12E-05,0.999864296,19459.41464,1
C00315,19447.00279,6.80E-06,0.999933698,19447.13511,1
C00316,19343.53835,4.55E-06,0.999941475,19343.62643,1
C00317,19321.5078,6.16E-11,0.999999484,19321.5078,1
C00318,19311.68845,3.35E-06,0.999920124,19311.75314,1
C00319,19283.87,1.52E-15,0.999999994,19283.87,1
C00320,19280.29506,3.59E-07,0.999973266,19280.30198,1
C00321,19257.70209,9.27E-08,0.999971369,19257.70388,1
C00322,19256.43906,3.27E-05,0.99987465,19257.068,1
C00323,19219.29215,1.14E-12,0.999999922,19219.29215,1
C00324,19201.14912,3.34E-14,0.999999752,19201.14912,1
C00325,19172.65225,8.31E-06,0.999905888,19172.81158,1
C00326,19155.71848,4.91E-05,0.99952258,19156.65986,1
C00327,19136.20593,1.29E-06,0.999981119,19136.2306,1
C00328,19095.60137,1.84E-05,0.99994439,19095.95257,1
C00329,19076.1088,1.16E-11,0.99999959,19076.1088,1
C00330,19052.24185,1.13E-07,0.999974944,19052.24401,1
C00331,19045.59998,7.79E-13,0.999999885,19045.59998,1
C00332,19038.63877,4.56E-15,0.999999994,19038.63877,1
C00333,19038.21249,1.10E-14,0.99999999,19038.21249,1
C00334,18991.94527,8.63E-08,0.99999576,18991.94691,1
C00335,18990.89358,9.67E-05,0.999241163,18992.72984,1
C00337,18976.6689,0.000789632,0.999451515,18991.66533,1
C00338,18970.34626,4.29E-10,0.999997645,18970.34627,1
C00339,18961.52483,1.43E-05,0.999961556,18961.79646,1
C00340,18912.15302,0.011211347,0.993210063,19126.58784,1
C00341,18868.49545,2.59E-06,0.99998745,18868.5443,1
C00342,18852.87266,0.002203571,0.998738039,18894.50806,1
C00343,18852.02855,0.075318088,0.974728506,20387.58226,1
C00344,18843.92057,0.00143001,0.998706145,18870.90615,1
C00345,18828.68436,1.98E-17,0.999999999,18828.68436,1
C00346,18813.93381,6.66E-06,0.999965115,18814.05903,1
C00347,18800.79852,0.000310375,0.999075389,18806.63564,1
C00348,18782.01183,3.82E-05,0.99987111,18782.72924,1
C00349,18754.44298,0.04129306,0.986270695,19562.22719,1
C00350,18712.39287,2.25E-07,0.999987706,18712.39709,1
C00351,18690.61673,2.80E-12,0.999999809,18690.61673,1
C00352,18657.61957,1.71E-17,1,18657.61957,1
C00353,18653.47844,9.84E-07,0.999984067,18653.4968,1
C00354,18626.79158,3.00E-09,0.999995104,18626.79163,1
C00355,18622.38502,0.007326604,0.996402805,18759.83087,1
C00356,18617.71725,7.27E-06,0.999954468,18617.85266,1
C00357,18616.5884,8.53E-05,0.999877811,18618.17595,1
C00358,18604.80976,0.015152835,0.99541404,18891.06292,1
C00359,18602.81724,3.14E-05,0.999778884,18603.40195,1
C00360,18602.13599,1.07E-16,0.999999999,18602.13599,1
C00361,18595.46241,1.31E-11,0.999999899,18595.46241,1
C00362,18566.62429,3.20E-17,1,18566.62429,1
C00363,18538.62671,0.001407876,0.995024071,18564.76359,1
C00364,18537.71891,2.05E-07,0.999970268,18537.72272,1
C00365,18532.97981,2.42E-11,0.999999753,18532.97981,1
C00366,18491.3857,0.000281698,0.999787197,18496.59616,1
C00367,18478.72162,1.20E-05,0.999700904,18478.94395,1
C00368,18447.63274,8.67E-08,0.999959906,18447.63434,1
C00369,18445.28311,4.00E-17,1,18445.28311,1
C00370,18444.05284,0.02114802,0.993086704,18842.53516,1
C00371,18422.59077,2.74E-06,0.999979119,18422.64124,1
C00372,18372.7958,1.87E-06,0.999446402,18372.83017,1
C00373,18334.62945,4.76E-17,0.999999999,18334.62945,1
C00374,18320.66886,0.072397044,0.980345748,19750.55032,1
C00375,18315.2102,0.000355967,0.99965864,18321.73213,1
C00376,18309.7342,0.000433718,0.999002956,18317.6789,1
C00377,18303.94797,0.013817228,0.989665908,18560.40128,1
C00378,18300.00283,1.32E-12,0.999999984,18300.00283,1
C00379,18294.31574,1.66E-06,0.99998989,18294.34619,1
C00380,18293.8879,7.76E-06,0.999694614,18294.02988,1
C00381,18293.51021,9.78E-07,0.999975589,18293.5281,1
C00382,18280.62592,1.01E-15,0.999999998,18280.62592,1
C00383,18275.69745,2.17E-06,0.999493578,18275.73713,1
C00384,18259.0272,1.01E-06,0.99999207,18259.04559,1
C00385,18253.52056,1.31E-05,0.999747043,18253.76031,1
C00386,18242.36465,5.54E-05,0.999883248,18243.37559,1
C00387,18229.58086,3.11E-05,0.999694176,18230.14787,1
C00388,18227.26196,9.05E-09,0.999987791,18227.26213,1
C00389,18191.25093,1.00E-05,0.99994918,18191.43319,1
C00390,18180.61934,1.58E-06,0.99998221,18180.6481,1
C00391,18145.16801,6.15E-08,0.999988843,18145.16912,1
C00392,18141.76405,6.59E-17,0.999999999,18141.76405,1
C00393,18110.38116,1.21E-06,0.999990126,18110.40303,1
C00394,18100.11546,1.25E-06,0.999993478,18100.13811,1
C00395,18088.88563,7.84E-06,0.999955862,18089.02739,1
C00396,18048.45475,0.000215137,0.99990941,18052.33848,1
C00397,18045.65488,7.66E-13,0.999999212,18045.65488,1
C00398,18043.62562,0.000234005,0.999032755,18047.84891,1
C00399,18030.99465,4.60E-10,0.999979645,18030.99466,1
C00400,18020.5015,2.68E-17,1,18020.5015,1
C00401,18006.95298,5.48E-07,0.99998614,18006.96285,1
C00402,17984.38769,2.47E-16,0.999999994,17984.38769,1
C00403,17983.11831,9.08E-06,0.999981884,17983.2816,1
C00404,17973.43314,0.009928054,0.998062209,18153.6637,1
C00405,17966.91384,7.25E-06,0.999949848,17967.04405,1
C00406,17962.06696,8.34E-07,0.999949717,17962.08193,1
C00407,17958.36536,1.67E-06,0.999941278,17958.39539,1
C00408,17935.02035,1.47E-06,0.999984472,17935.04668,1
C00409,17911.8354,3.07E-05,0.999895244,17912.38479,1
C00410,17870.84141,2.37E-12,0.999999962,17870.84141,1
C00411,17860.76451,0.0062381,0.988562961,17972.88114,1
C00412,17823.24482,1.05E-14,0.999999973,17823.24482,1
C00413,17803.02016,0.032970285,0.961257478,18410.00321,1
C00414,17801.67114,6.14E-14,0.999999994,17801.67114,1
C00415,17799.28703,1.13E-09,0.999998161,17799.28705,1
C00416,17793.4169,0.000395297,0.997217491,17800.45337,1
C00417,17780.6004,2.71E-17,0.999999999,17780.6004,1
C00418,17757.34508,0.049568179,0.982218349,18683.44967,1
C00419,17725.42243,5.86E-07,0.999990493,17725.43282,1
C00420,17725.05206,1.12E-05,0.999850131,17725.25074,1
C00421,17693.83503,6.21E-05,0.999778082,17694.93421,1
C00422,17678.06339,0.096425146,0.982419312,19564.58096,1
C00423,17672.82847,0.00035026,0.999535228,17679.02072,1
C00424,17657.05627,1.08E-09,0.999969447,17657.05629,1
C00425,17644.59325,0.000825587,0.994142703,17659.17243,1
C00426,17628.33044,3.89E-15,0.999999991,17628.33044,1
C00427,17616.19065,0.048073924,0.985697834,18505.83895,1
C00428,17603.76077,1.26E-11,0.99999932,17603.76077,1
C00429,17597.03877,3.85E-10,0.999998493,17597.03877,1
C00430,17570.64593,8.96E-06,0.999905897,17570.80342,1
C00431,17566.44391,1.29E-05,0.99974395,17566.67019,1
C00433,17556.55988,1.45E-16,1,17556.55988,1
C00434,17555.98006,0.111394454,0.912548072,19756.77526,1
C00435,17534.174,1.45E-06,0.999965846,17534.19945,1
C00436,17510.38121,7.51E-12,0.999999857,17510.38121,1
C00437,17510.18702,0.079628634,0.985971693,19025.13232,1
C00438,17489.99751,1.97E-08,0.999985956,17489.99785,1
C00439,17434.12238,1.63E-13,0.999999968,17434.12238,1
C00440,17416.13538,1.86E-16,1,17416.13538,1
C00441,17410.22925,0.000266936,0.998213916,17414.87791,1
C00442,17404.57945,8.55E-11,0.999999261,17404.57945,1
C00443,17362.13228,9.87E-08,0.99993877,17362.134,1
C00444,17359.53727,3.02E-05,0.999936066,17360.06094,1
C00445,17356.90625,0.044546719,0.984578077,18166.14857,1
C00446,17343.8824,1.56E-08,0.999981563,17343.88267,1
C00447,17334.80463,1.28E-06,0.999967237,17334.82688,1
C00448,17319.34652,1.39E-06,0.999980579,17319.37052,1
C00449,17303.60133,1.90E-12,0.999999939,17303.60133,1
C00450,17302.49381,0.000105482,0.999913561,17304.31911,1
C00451,17297.26478,9.37E-05,0.999873612,17298.88598,1
C00452,17293.88603,9.58E-07,0.999995902,17293.9026,1
C00453,17290.07749,5.37E-16,0.999999996,17290.07749,1
C00454,17281.19166,2.36E-12,0.999999837,17281.19166,1
C00455,17164.71232,0.006299993,0.994929711,17273.53548,1
C00456,17161.39194,1.66E-14,0.999999997,17161.39194,1
C00457,17151.04807,8.64E-14,0.999999991,17151.04807,1
C00458,17136.03874,2.70E-06,0.999986702,17136.08492,1
C00459,17112.23296,0.005159816,0.994746781,17200.98688,1
C00460,17094.47223,0.041041377,0.905675207,17826.07905,1
C00461,17088.2311,0.000144804,0.999865547,17090.7059,1
C00462,17087.25475,8.30E-10,0.999998312,17087.25476,1
C00463,17053.62525,0.002341417,0.997993086,17093.6486,1
C00464,17032.77785,0.00506382,0.99781163,17119.46775,1
C00465,17016.85397,0.005898335,0.987480169,17117.82061,1
C00466,16998.72609,0.000176945,0.999615802,17001.73445,1
C00467,16997.15509,0.000220019,0.998102834,17000.89561,1
C00468,16981.14419,1.27E-17,1,16981.14419,1
C00469,16978.78619,0.000464786,0.991521585,16986.68136,1
C00470,16967.39916,7.35E-06,0.999981029,16967.52381,1
C00471,16954.06879,0.147063592,0.75783483,19877.29522,1
C00472,16949.58414,0.006978576,0.997834316,17068.69936,1
C00473,16946.15891,0.014406749,0.996121335,17193.86664,1
C00474,16926.21628,5.99E-14,0.99999996,16926.21628,1
C00475,16922.78961,0.004267692,0.996028487,16995.32039,1
C00476,16904.64252,0.005737816,0.997467231,17002.19801,1
C00477,16888.73853,9.69E-13,0.999999985,16888.73853,1
C00478,16886.0512,1.71E-08,0.999981204,16886.05149,1
C00479,16864.43958,1.15E-17,1,16864.43958,1
C00480,16841.56902,0.007205388,0.994851987,16963.79978,1
C00481,16834.8329,0.000305511,0.999660864,16839.97769,1
C00482,16827.8876,1.97E-06,0.999984002,16827.92078,1
C00483,16815.86906,1.83E-05,0.999972414,16816.17715,1
C00484,16784.97418,2.71E-06,0.999924864,16785.01972,1
C00485,16729.6713,0.000491087,0.999293291,16737.89105,1
C00486,16717.6238,0.000177272,0.999809658,16720.58788,1
C00487,16713.08811,1.42E-06,0.999993703,16713.11179,1
C00489,16711.82248,1.09E-05,0.999882323,16712.00515,1
C00491,16711.72913,3.85E-06,0.999994794,16711.79344,1
C00492,16684.27447,0.109244462,0.977896266,18730.47514,1
C00493,16679.01813,1.65E-10,0.999999089,16679.01814,1
C00494,16667.33507,7.10E-06,0.999719762,16667.45336,1
C00495,16656.9711,0.005169995,0.997911763,16743.5351,1
C00496,16625.85541,6.15E-09,0.999996984,16625.85551,1
C00497,16623.73823,4.46E-09,0.999997722,16623.7383,1
C00498,16618.80455,7.93E-06,0.999973277,16618.93633,1
C00499,16618.73295,7.76E-06,0.999983638,16618.86199,1
C00500,16617.29553,2.27E-14,0.999999996,16617.29553,1
C00501,16611.16601,0.000964407,0.996177099,16627.2014,1
C00502,16587.82421,2.04E-05,0.999858347,16588.16231,1
C00503,16570.88831,3.93E-05,0.999906133,16571.54005,1
C00504,16535.18734,0.009571864,0.966121265,16694.98951,1
C00505,16483.44744,1.81E-12,0.999999424,16483.44744,1
C00506,16478.56542,3.05E-07,0.999948603,16478.57045,1
C00507,16470.86756,5.94E-05,0.999472809,16471.84619,1
C00508,16453.60835,6.09E-06,0.999950055,16453.70854,1
C00509,16429.70972,4.14E-05,0.999873377,16430.39027,1
C00510,16424.68577,4.21E-06,0.999939058,16424.75498,1
C00511,16418.86824,1.70E-12,0.999999756,16418.86824,1
C00512,16382.21156,1.03E-16,0.999999999,16382.21156,1
C00513,16378.38181,3.05E-13,0.99999994,16378.38181,1
C00514,16366.21124,4.32E-09,0.999981823,16366.21131,1
C00515,16361.823,9.24E-06,0.999990331,16361.97418,1
C00516,16352.89466,2.02E-05,0.999803868,16353.22558,1
C00517,16282.5635,2.45E-05,0.999470095,16282.962,1
C00518,16270.32538,0.000156147,0.999350538,16272.86634,1
C00519,16261.92625,1.56E-15,0.999999999,16261.92625,1
C00520,16206.21336,3.54E-05,0.999910255,16206.78777,1
C00521,16197.7841,1.50E-09,0.999992824,16197.78413,1
C00522,16182.30484,1.13E-16,0.999999993,16182.30484,1
C00523,16173.18534,0.000132556,0.998474298,16175.32947,1
C00524,16163.58458,0.000527336,0.998620574,16172.11271,1
C00525,16145.75648,1.22E-07,0.999911766,16145.75845,1
C00526,16142.84515,0.000337822,0.999248615,16148.3004,1
C00527,16142.7594,4.82E-14,0.999999997,16142.7594,1
C00528,16104.8425,9.96E-07,0.999902416,16104.85854,1
C00529,16102.60994,0.001318518,0.998568479,16123.86955,1
C00530,16102.45289,0.001970196,0.989389247,16134.2405,1
C00531,16080.53784,1.14E-05,0.999919216,16080.7216,1
C00533,16029.66614,0.002995954,0.999208021,16077.83459,1
C00534,16015.90187,0.00714033,0.995916776,16131.08313,1
C00535,16007.14445,0.00076047,0.99930545,16019.32668,1
C00536,15982.82405,1.57E-15,1,15982.82405,1
C00537,15958.62553,1.02E-05,0.999973149,15958.78897,1
C00538,15941.70532,2.89E-05,0.999951975,15942.16577,1
C00539,15930.9211,0.010134749,0.996783843,16094.03006,1
C00540,15925.72552,0.005765572,0.996767454,16018.0789,1
C00541,15920.07851,2.84E-13,0.999999948,15920.07851,1
C00542,15909.15005,2.10E-11,0.999999859,15909.15005,1
C00543,15890.57394,2.67E-06,0.999982374,15890.61634,1
C00544,15869.17141,0.000664011,0.998471385,15879.71571,1
C00545,15849.7476,0.24659642,0.688163835,21037.52627,1
C00546,15835.45506,0.010128908,0.997352995,15997.49218,1
C00547,15829.54589,7.42E-06,0.999293008,15829.66337,1
C00548,15816.63702,1.58E-10,0.999999789,15816.63702,1
C00549,15812.47223,2.12E-07,0.999993378,15812.47558,1
C00550,15806.75277,2.97E-16,1,15806.75277,1
C00551,15800.17724,8.54E-08,0.999955146,15800.17859,1
C00552,15760.8568,1.57E-07,0.999995821,15760.85928,1
C00553,15754.10276,4.81E-17,0.999999999,15754.10276,1
C00554,15731.81956,8.12E-08,0.999980178,15731.82084,1
C00555,15729.78453,0.006767037,0.992732277,15836.95378,1
C00557,15719.28052,1.69E-06,0.999968472,15719.30715,1
C00558,15691.96171,6.70E-17,0.999999997,15691.96171,1
C00559,15686.9774,0.000115016,0.999732929,15688.78186,1
C00560,15682.59087,2.20E-06,0.999983153,15682.62544,1
C00561,15668.04526,1.22E-05,0.999914202,15668.23706,1
C00562,15664.79621,4.27E-06,0.999563658,15664.86303,1
C00563,15664.49997,1.50E-07,0.999959825,15664.50233,1
C00564,15614.61387,4.02E-05,0.999741031,15615.24134,1
C00565,15582.63087,1.44E-13,0.99999998,15582.63087,1
C00566,15581.13099,9.61E-05,0.999927619,15582.6287,1
C00567,15579.41785,1.83E-05,0.999937267,15579.70257,1
C00568,15575.67385,1.53E-06,0.999964629,15575.69776,1
C00569,15504.05214,1.37E-16,0.999999999,15504.05214,1
C00570,15472.27698,1.26E-15,1,15472.27698,1
C00571,15468.3567,1.54E-14,0.999999992,15468.3567,1
C00572,15465.15192,2.31E-07,0.999881881,15465.15549,1
C00573,15464.36887,0.001644623,0.995539874,15489.84383,1
C00574,15434.98552,3.13E-12,0.999999629,15434.98552,1
C00575,15412.78829,3.07E-06,0.999926683,15412.83557,1
C00576,15385.18226,0.00097399,0.998954661,15400.18188,1
C00577,15380.10402,5.12E-16,0.999999998,15380.10402,1
C00579,15335.90936,2.14E-13,0.999999985,15335.90936,1
C00580,15324.78348,8.10E-06,0.999827656,15324.90765,1
C00581,15324.28738,0.047275668,0.99021052,16084.70243,1
C00582,15291.41434,5.60E-14,0.999999996,15291.41434,1
C00583,15290.95569,3.57E-06,0.99999345,15291.01026,1
C00584,15277.80032,0.000568717,0.998204808,15286.49401,1
C00585,15271.38487,4.26E-07,0.99992381,15271.39138,1
C00586,15254.93856,0.02012572,0.880685271,15568.26103,1
C00587,15246.97416,0.028773068,0.994076747,15698.67316,1
C00588,15244.75547,4.87E-11,0.999998013,15244.75547,1
C00589,15230.30959,0.000218136,0.999634632,15233.6326,1
C00590,15214.72231,0.001160495,0.999532007,15232.39943,1
C00591,15189.71026,3.53E-05,0.999888232,15190.24584,1
C00592,15186.07517,0.009635816,0.997487786,15333.82913,1
C00593,15175.97053,1.32E-06,0.999993183,15175.99055,1
C00594,15166.88209,0.000974743,0.999584258,15181.68033,1
C00595,15135.74789,0.00053189,0.999008679,15143.80274,1
C00596,15130.57246,4.25E-05,0.999961177,15131.21489,1
C00597,15129.33882,0.000765474,0.999500343,15140.9288,1
C00598,15127.93914,0.001901686,0.998646548,15156.76254,1
C00599,15121.79481,3.54E-14,0.999999991,15121.79481,1
C00600,15109.84186,0.001043878,0.998336609,15125.63118,1
C00601,15100.15566,2.02E-07,0.999998676,15100.15872,1
C00602,15076.06463,1.99E-18,1,15076.06463,1
C00603,15064.23973,0.001906428,0.998927172,15093.01348,1
C00604,15048.61141,4.66E-06,0.999951344,15048.68155,1
C00605,15031.97095,4.86E-06,0.999962852,15032.04408,1
C00606,15027.61914,6.60E-14,0.999999996,15027.61914,1
C00607,15017.48374,9.45E-05,0.999863543,15018.90279,1
C00608,15015.17385,0.03994061,0.982744583,15639.83854,1
C00609,14984.74519,0.020159583,0.994115119,15293.04663,1
C00610,14954.64784,2.11E-05,0.999975202,14954.9639,1
C00612,14925.6534,2.70E-13,0.999999978,14925.6534,1
C00613,14911.35404,1.28E-06,0.999991004,14911.3731,1
C00614,14911.12334,1.45E-16,0.999999996,14911.12334,1
C00615,14878.7905,1.27E-12,0.999999947,14878.7905,1
C00616,14854.33899,0.001261092,0.998737638,14873.09533,1
C00617,14852.91814,4.15E-06,0.999979518,14852.97985,1
C00618,14835.3228,2.03E-05,0.999870831,14835.62456,1
C00619,14821.78108,9.59E-07,0.999990063,14821.79529,1
C00620,14815.76938,3.82E-05,0.99995329,14816.33554,1
C00621,14804.10292,8.16E-18,1,14804.10292,1
C00622,14779.26375,1.83E-07,0.999997341,14779.26646,1
C00623,14776.22325,0.029114458,0.986665388,15219.32567,1
C00624,14755.33304,3.64E-16,0.999999999,14755.33304,1
C00625,14748.98453,1.67E-08,0.999996949,14748.98477,1
C00626,14725.23881,0.000698729,0.998151623,14735.53496,1
C00627,14714.05738,2.69E-06,0.99997933,14714.097,1
C00628,14713.94495,1.25E-05,0.999908738,14714.1289,1
C00629,14689.09964,2.23E-06,0.999995728,14689.13244,1
C00630,14680.65426,6.38E-09,0.999997768,14680.65435,1
C00631,14652.25234,8.50E-06,0.999978574,14652.37686,1
C00632,14651.02039,8.70E-05,0.99979741,14652.29462,1
C00633,14650.67978,1.21E-06,0.999992075,14650.69757,1
C00634,14648.66741,7.98E-06,0.99983679,14648.78431,1
C00635,14641.09782,1.89E-05,0.997934087,14641.37391,1
C00636,14614.31607,3.61E-13,0.999999978,14614.31607,1
C00637,14548.39532,6.71E-05,0.999605634,14549.37196,1
C00638,14548.28383,8.64E-05,0.999701988,14549.54151,1
C00639,14540.66855,1.04E-05,0.999848881,14540.81986,1
C00640,14500.16403,0.00721123,0.994066771,14605.48756,1
C00641,14498.0436,8.86E-06,0.999933612,14498.17207,1
C00642,14422.21571,4.18E-05,0.999917137,14422.81869,1
C00643,14412.94955,3.06E-05,0.999981622,14413.39074,1
C00644,14412.50565,1.76E-06,0.999944586,14412.53096,1
C00645,14398.44705,0.000244096,0.999603207,14401.96251,1
C00646,14397.44004,0.000648859,0.999173706,14406.78802,1
C00647,14376.43625,0.000465737,0.999757501,14383.13501,1
C00648,14361.92376,0.039218319,0.988359936,14948.16569,1
C00649,14331.25531,0.077018134,0.986804509,15527.12554,1
C00650,14305.79684,0.003083068,0.999408644,14350.03899,1
C00651,14299.45911,0.000216562,0.999183718,14302.5565,1
C00652,14290.80284,4.94E-05,0.99996488,14291.50865,1
C00653,14267.84718,0.138037797,0.981491304,16552.7527,1
C00654,14258.53299,0.000129427,0.99979098,14260.37867,1
C00655,14253.70747,0.003089891,0.996997736,14297.88638,1
C00656,14242.94816,0.000473684,0.99975345,14249.69801,1
C00657,14194.99338,4.73E-05,0.997919132,14195.6643,1
C00658,14184.6844,6.16E-05,0.999781072,14185.55826,1
C00659,14130.1884,0.001333427,0.999506227,14149.05513,1
C00660,14125.45462,1.02E-10,0.999999729,14125.45462,1
C00661,14102.09828,5.97E-05,0.999930207,14102.93985,1
C00662,14083.09114,0.356852535,0.76155852,21897.14164,1
C00663,14047.93001,9.72E-08,0.999993234,14047.93138,1
C00664,14022.61006,7.00E-06,0.999972432,14022.70821,1
C00666,14007.38958,0.010477853,0.994512998,14155.71105,1
C00669,14002.71322,2.68E-06,0.999985337,14002.75068,1
C00670,14002.19412,6.76E-07,0.999987503,14002.20359,1
C00671,13957.14581,1.72E-07,0.999966966,13957.14821,1
C00672,13944.52563,9.20E-05,0.999748435,13945.80846,1
C00673,13941.85639,4.71E-05,0.999902532,13942.51241,1
C00674,13887.18464,1.83E-14,0.999999991,13887.18464,1
C00675,13869.40468,0.221973265,0.853324174,17826.38573,1
C00676,13835.24038,0.002808075,0.992108807,13874.20017,1
C00677,13804.21121,7.88E-07,0.999977922,13804.22208,1
C00678,13782.8143,0.000644099,0.996242952,13791.69752,1
C00679,13757.89583,0.001508546,0.999051922,13778.68161,1
C00680,13751.53364,2.62E-11,0.999999842,13751.53364,1
C00681,13691.54691,3.82E-06,0.999992412,13691.59918,1
C00683,13660.47421,0.002563677,0.999282287,13695.58526,1
C00684,13594.25971,0.000632476,0.999004334,13602.86319,1
C00685,13589.04282,0.000903717,0.999465244,13601.33458,1
C00686,13546.55539,0.154706197,0.839945617,16025.85439,1
C00687,13503.13512,1.54E-05,0.999715837,13503.34355,1
C00688,13456.06052,0.014408007,0.983763678,13652.76972,1
C00689,13445.2535,0.001362114,0.997824335,13463.59244,1
C00690,13426.8675,0.016514523,0.986570006,13652.32921,1
C00691,13414.82366,4.35E-06,0.999987255,13414.88199,1
C00692,13396.36421,0.007923238,0.994190791,13503.3545,1
C00693,13349.06597,3.75E-16,0.999999999,13349.06597,1
C00694,13344.243,2.82E-05,0.999620197,13344.61974,1
C00695,13331.98637,1.12E-07,0.999976622,13331.98786,1
C00696,13304.12063,0.000824016,0.988441175,13315.09248,1
C00697,13285.54839,6.23E-13,0.999999978,13285.54839,1
C00698,13249.46252,2.11E-09,0.999997696,13249.46255,1
C00699,13234.95941,0.001757534,0.99835977,13258.26125,1
C00700,13212.77813,0.070632991,0.970791701,14216.96488,1
C00701,13211.94358,0.000526467,0.998938475,13218.90289,1
C00702,13198.97732,3.32E-05,0.999959875,13199.4156,1
C00703,13185.08593,0.000961183,0.999431848,13197.7714,1
C00704,13159.62823,3.95E-08,0.999989874,13159.62875,1
C00705,13151.14272,8.35E-07,0.999983857,13151.1537,1
C00706,13039.13299,0.000582542,0.999487536,13046.73326,1
C00707,13010.72952,1.80E-07,0.999996965,13010.73187,1
C00708,13005.77062,0.000506468,0.999352512,13012.36096,1
C00709,13000.83851,0.003704779,0.997745292,13049.18284,1
C00710,12975.04266,3.15E-06,0.999978467,12975.0836,1
C00711,12971.32703,0.000191018,0.999862968,12973.80526,1
C00712,12969.29293,0.000309651,0.999660822,12973.31012,1
C00713,12957.81642,1.12E-06,0.999991585,12957.83096,1
C00714,12888.63862,1.06E-09,0.99999801,12888.63863,1
C00715,12865.46367,6.15E-06,0.999972551,12865.54277,1
C00716,12853.5178,0.001453901,0.998441535,12872.23276,1
C00717,12848.6646,0.052918955,0.984785679,13566.59462,1
C00718,12779.07145,0.000358741,0.998905107,12783.65747,1
C00719,12778.55768,1.92E-15,0.999999999,12778.55768,1
C00720,12742.28026,1.30E-15,0.999999996,12742.28026,1
C00721,12732.72056,2.78E-06,0.999888728,12732.75598,1
C00722,12678.98543,1.38E-06,0.999960905,12679.00286,1
C00723,12631.67349,0.013239079,0.991044926,12801.14892,1
C00724,12611.15737,0.089154858,0.984335716,13845.55594,1
C00725,12595.68766,0.048524601,0.993970521,13238.05921,1
C00726,12592.09849,0.001168233,0.998783902,12606.82619,1
C00727,12591.5454,2.90E-08,0.999993103,12591.54577,1
C00728,12586.84335,0.000309947,0.999739974,12590.74582,1
C00729,12574.60845,0.018413904,0.992545488,12810.49975,1
C00730,12558.78576,0.000322055,0.999435712,12562.83168,1
C00731,12546.36096,0.000797457,0.998464229,12556.37413,1
C00732,12536.14599,2.96E-10,0.999999926,12536.146,1
C00733,12512.04434,0.000678027,0.998942113,12520.5336,1
C00734,12490.11079,2.66E-06,0.999981932,12490.14401,1
C00735,12482.48613,0.000954106,0.996468261,12494.40712,1
C00736,12473.68471,3.72E-05,0.999986512,12474.14841,1
C00737,12444.57815,0.000346927,0.996361219,12448.89701,1
C00738,12425.3762,0.002828706,0.997442239,12460.62364,1
C00739,12401.39451,0.000176687,0.998414091,12403.58605,1
C00740,12391.06873,5.71E-06,0.999981426,12391.13949,1
C00741,12365.66721,3.89E-06,0.999991038,12365.71525,1
C00742,12327.08396,0.001201999,0.996110096,12341.91893,1
C00743,12314.55674,0.001486782,0.999650966,12332.89306,1
C00744,12287.00357,0.000189104,0.999870007,12289.32753,1
C00745,12272.42161,8.53E-07,0.999996248,12272.43207,1
C00746,12232.47851,0.000566918,0.999289972,12239.41725,1
C00747,12201.73803,0.00255256,0.995597068,12232.9634,1
C00748,12190.66803,0.000480626,0.998121191,12196.53001,1
C00749,12181.33876,0.156929624,0.951341238,14448.78045,1
C00750,12168.52629,9.73E-05,0.999545989,12169.70991,1
C00752,12132.62575,0.023013186,0.995806712,12418.41299,1
C00753,12106.16584,0.027979365,0.98819595,12454.63871,1
C00754,12105.02523,7.41E-06,0.999565069,12105.11488,1
C00755,12045.27123,0.01565465,0.988627966,12236.83459,1
C00756,12043.85615,2.45E-05,0.999978246,12044.15149,1
C00757,12029.57442,2.11E-06,0.999920758,12029.5998,1
C00758,12018.60569,0.006729369,0.997690004,12100.03127,1
C00759,12009.895,0.000706874,0.999365417,12018.3905,1
C00760,11983.84027,2.22E-05,0.999945214,11984.10688,1
C00761,11979.88514,9.16E-07,0.999980639,11979.89611,1
C00762,11945.49006,7.50E-05,0.9999259,11946.38662,1
C00763,11940.42665,0.001003907,0.999650435,11952.42577,1
C00764,11920.47384,0.001485865,0.994024245,11938.21241,1
C00765,11909.94871,8.79E-06,0.999960888,11910.05335,1
C00766,11894.85862,9.67E-06,0.999955837,11894.97359,1
C00767,11879.54497,0.047957294,0.982185667,12477.95387,1
C00768,11862.16946,1.78E-06,0.999986037,11862.19061,1
C00769,11857.01987,1.58E-07,0.999985725,11857.02174,1
C00770,11831.8262,0.208545239,0.754557663,14949.46619,1
C00771,11809.75901,0.115336712,0.908535366,13349.43947,1
C00772,11789.34762,2.54E-05,0.999974493,11789.6471,1
C00773,11778.2952,1.36E-05,0.999686609,11778.45597,1
C00774,11720.60233,0.04544502,0.921587391,12278.60372,1
C00775,11665.88164,0.142009675,0.956248582,13596.75196,1
C00776,11660.97101,0.013090629,0.996389878,11815.64524,1
C00777,11630.40641,0.001445974,0.998808205,11647.24802,1
C00778,11623.4126,0.258690447,0.609246986,15679.56672,1
C00779,11597.10041,2.91E-06,0.999993921,11597.13412,1
C00780,11574.50897,1.87E-05,0.999280809,11574.72591,1
C00781,11487.13707,0.000155197,0.999873817,11488.92012,1
C00782,11460.63272,0.265432248,0.678918496,15601.87293,1
C00783,11445.64283,0.003505288,0.997988836,11485.90424,1
C00784,11431.62602,1.11E-10,0.999999461,11431.62602,1
C00785,11413.57558,0.001203809,0.999437558,11427.3319,1
C00786,11408.78234,0.003243667,0.999009861,11445.90906,1
C00787,11381.46863,3.46E-06,0.9999889,11381.508,1
C00788,11371.3622,0.006483299,0.994549975,11445.56724,1
C00789,11281.82858,1.15E-05,0.99997843,11281.95818,1
C00790,11275.65212,0.004358386,0.997758149,11325.01089,1
C00791,11238.03881,8.83E-06,0.999994046,11238.13809,1
C00792,11216.25103,3.41E-06,0.999991577,11216.28923,1
C00793,11192.34847,7.59E-05,0.999718119,11193.1976,1
C00794,11187.74073,0.016496606,0.994984461,11375.39616,1
C00795,11146.42569,7.59E-05,0.999766722,11147.27171,1
C00796,11107.55169,0.008718401,0.976290736,11205.24349,1
C00797,11062.31605,3.97E-05,0.99993009,11062.7556,1
C00798,11047.21756,2.78E-05,0.999969204,11047.52477,1
C00799,10939.31542,1.54E-05,0.999937332,10939.4844,1
C00800,10854.31247,2.18E-09,0.99999961,10854.3125,1
C00801,10825.10613,0.227774718,0.794481362,14018.0675,1
C00802,10807.29149,6.39E-06,0.99998977,10807.36055,1
C00803,10781.9547,2.20E-06,0.999997145,10781.97845,1
C00804,10723.59244,0.002215606,0.999007239,10747.40446,1
C00805,10673.87548,0.037913574,0.987582869,11094.50793,1
C00806,10670.88515,2.36E-08,0.999992569,10670.8854,1
C00807,10656.05988,4.33E-05,0.999941899,10656.52134,1
C00808,10652.14522,0.00859227,0.996455157,10744.46456,1
C00809,10628.05706,0.000898076,0.996950904,10637.61044,1
C00810,10594.97479,0.000105132,0.999842148,10596.08878,1
C00811,10496.39834,0.000674783,0.997020617,10503.48592,1
C00812,10461.39763,4.78E-05,0.999938324,10461.89722,1
C00813,10457.28053,0.004331611,0.998083456,10502.77446,1
C00814,10437.11552,0.00055712,0.999228636,10442.93348,1
C00815,10431.79949,0.066910269,0.985117472,11179.846,1
C00816,10421.13345,0.009656896,0.99696714,10522.75055,1
C00817,10392.17844,0.03246918,0.974741528,10740.92755,1
C00818,10290.15566,2.54E-06,0.999988017,10290.18184,1
C00819,10242.09971,0.146283322,0.89017716,11997.07113,1
C00820,10231.24823,0.001752856,0.999627564,10249.21363,1
C00821,10146.66131,0.023573246,0.988695075,10391.62566,1
C00822,10140.40852,0.188713083,0.763838819,12499.16436,1
C00823,9976.644625,0.041524992,0.980765136,10408.873,1
C00824,9886.510187,0.769995213,0.480172009,42983.93225,1
C00825,9881.813378,0.065298226,0.977448289,10572.15644,1
C00826,9788.385228,0.134544869,0.875590018,11310.10133,1
C00827,9710.330786,3.20E-05,0.999959614,9710.641564,1
C00828,9685.811678,0.58650242,0.516142314,23424.10728,1
C00829,9637.791633,0.031109326,0.989370882,9947.243677,1
C00830,9597.603801,0.040089852,0.982467082,9998.439774,1
C00831,9578.420447,0.000582303,0.999763252,9584.001236,1
C00832,9573.056312,0.000710503,0.99964551,9579.862833,1
C00833,9560.030574,0.000745121,0.996347745,9567.159262,1
C00834,9552.164996,0.100842423,0.960180666,10623.46049,1
C00835,9548.668462,2.02E-05,0.999957808,9548.861647,1
C00836,9532.529212,0.001339496,0.999506995,9545.315122,1
C00837,9530.920645,2.65E-05,0.999939349,9531.172963,1
C00838,9522.702033,0.08736213,0.976104224,10434.26133,1
C00839,9419.275515,0.020151739,0.996588351,9612.994067,1
C00840,9409.675181,0.00280515,0.999404665,9436.144983,1
C00841,9408.199333,0.05196177,0.987899033,9923.860704,1
C00842,9376.246139,0.005921312,0.987208486,9432.096527,1
C00843,9328.245181,6.64E-05,0.999746211,9328.864752,1
C00844,9287.957052,0.128991402,0.962046681,10663.45048,1
C00845,9231.062893,0.000511537,0.999574057,9235.787343,1
C00846,9186.535783,0.084026086,0.980333212,10029.25481,1
C00847,9158.782077,3.24E-05,0.999966909,9159.079287,1
C00849,9055.157525,0.019649507,0.967722332,9236.65321,1
C00850,8986.335576,0.001367804,0.999342397,8998.643958,1
C00851,8924.956738,0.084376977,0.976526498,9747.414075,1
C00852,8898.298889,3.88E-05,0.999817489,8898.644067,1
C00853,8691.310903,0.043728325,0.990411973,9088.746563,1
C00854,8655.576566,0.006380327,0.985879516,8711.156589,1
C00855,8648.376593,0.002290281,0.999062504,8668.229277,1
C00856,8612.149935,0.002083978,0.995969076,8630.13495,1
C00857,8529.613033,0.030021022,0.99087331,8793.606079,1
C00858,8506.622062,0.001462417,0.999665522,8519.080506,1
C00859,8473.608499,0.00123915,0.999154436,8484.121602,1
C00860,8460.291098,0.015778185,0.981297869,8595.919103,1
C00861,8331.952416,0.146954546,0.956935024,9767.301817,1
C00862,8239.687844,0.248188842,0.578276424,10959.78392,1
C00863,8205.925344,0.010632137,0.984452261,8294.10945,1
C00864,8140.058464,0.000551531,0.999796183,8144.550436,1
C00865,8138.160531,0.062633476,0.988678366,8681.940652,1
C00866,8096.31221,0.070061635,0.992366018,8706.289061,1
C00867,8032.272165,0.007335267,0.988770393,8091.626408,1
C00868,7880.299542,0.10885951,0.928672,8842.937368,1
C00869,7864.369054,1.92E-05,0.999989198,7864.519832,1
C00870,7852.198854,0.334930565,0.815660307,11806.58506,1
C00871,7838.038212,0.0646622,0.834369359,8379.901045,1
C00872,7619.813786,0.006628618,0.997369335,7670.659657,1
C00873,7549.607363,0.092578331,0.978905453,8319.844703,1
C00874,7491.273084,0.21191428,0.960227578,9505.657684,1
C00875,7423.360346,0.000454681,0.999897189,7426.737142,1
C00876,7331.274044,0.003390336,0.999051993,7356.214081,1
C00877,7307.329752,0.060516653,0.969427881,7778.030103,1
C00879,7254.084993,0.000589407,0.994302138,7258.363122,1
C00880,7248.297708,0.078269267,0.965492409,7863.790851,1
C00881,7246.712407,4.11E-06,0.999989219,7246.742196,1
C00882,7146.660976,0.000826083,0.999638542,7152.569591,1
C00883,7141.677679,0.001860281,0.999692472,7154.987965,1
C00884,7018.493489,0.025905108,0.993789321,7205.14351,1
C00885,6998.810395,0.024509301,0.991358697,7174.656203,1
C00886,6986.43116,0.000201929,0.999923045,6987.84221,1
C00887,6875.0676,0.056776572,0.992369631,7288.906737,1
C00888,6804.878104,0.123029604,0.983053754,7759.530004,1
C00890,6716.585288,0.063737717,0.977771156,7173.828752,1
C00891,6701.612476,0.003082495,0.998908848,6722.33404,1
C00892,6653.855808,0.101820211,0.972213596,7408.155797,1
C00893,6454.222627,0.189331486,0.777920612,7961.605166,1
C00894,6379.883247,0.630211025,0.311488706,17252.76761,1
C00895,6338.454789,0.102320303,0.986244877,7060.931435,1
C00896,6303.897395,0.009805038,0.971491226,6366.319401,1
C00897,6292.570792,0.018027114,0.961852676,6408.090167,1
C00898,6162.665522,0.000573457,0.998184232,6166.201576,1
C00899,6112.445165,0.202269839,0.979895988,7662.296679,1
C00900,6108.22976,0.044100814,0.994068567,6390.035529,1
C00901,6030.193798,0.06880224,0.989828889,6475.739159,1
C00902,6019.889381,0.022224269,0.994275154,6156.717938,1
C00903,5998.83477,0.025227203,0.997103588,6154.085123,1
C00904,5950.668799,0.319411476,0.620419897,8743.416302,1
C00905,5908.916113,0.139761958,0.955514894,6868.93142,1
C00906,5842.192485,0.114183437,0.982296116,6595.262186,1
C00907,5839.528744,0.091388526,0.987281375,6426.871015,1
C00908,5657.174212,0.109315265,0.755048294,6351.488902,1
C00909,5609.625475,0.561303244,0.40546098,12787.02293,1
C00910,5426.168596,0.000377088,0.999869368,5428.215512,1
C00911,5417.317712,0.295367142,0.814335594,7688.14234,1
C00912,5326.621629,0.800585768,0.301440697,26711.34143,1
C00913,5212.490425,0.166931804,0.966527373,6256.979259,1
C00914,5169.362939,0.151575399,0.735975012,6092.896095,1
C00915,5166.376181,0.255684672,0.770023182,6941.112168,1
C00916,5132.660846,0.227683882,0.61896679,6645.803097,1
C00917,5079.905461,0.044305354,0.994716415,5315.406423,1
C00918,4980.374031,0.166470276,0.688457578,5975.040707,1
C00919,4861.922131,0.046548193,0.963944095,5099.284613,1
C00920,4732.544013,0.05893443,0.96953487,5028.920582,1
C00921,4687.259253,0.085488736,0.980470719,5125.425391,1
C00922,4655.73519,0.480551276,0.558144386,8962.838832,1
C00923,4621.257178,0.025241221,0.976840055,4740.923887,1
C00924,4576.370847,0.609089038,0.184424895,11706.93915,1
C00925,4550.757258,0.087702009,0.978505581,4988.235537,1
C00926,4526.54597,0.566336259,0.485503914,10437.91661,1
C00927,4478.514841,0.629491973,0.367570624,12087.49747,1
C00928,4460.152346,0.065961103,0.991050137,4775.124847,1
C00929,4406.860316,0.043186638,0.944071879,4605.767951,1
C00930,4362.35054,0.540818543,0.276104033,9500.275913,1
C00931,4234.663921,0.060591115,0.980646972,4507.796325,1
C00932,4163.664443,0.006274997,0.998637118,4189.956407,1
C00933,4021.762914,0.325639722,0.637214656,5963.819409,1
C00934,4003.844601,0.163456055,0.639845681,4786.173665,1
C00935,3842.786176,0.01421169,0.983635287,3898.185986,1
C00936,3819.057985,0.260424004,0.754419112,5163.847939,1
C00937,3719.634059,0.447904185,0.435883176,6737.298046,1
C00938,3680.322579,0.128220549,0.836136781,4221.62116,1
C00939,3613.759666,0.519756601,0.36627917,7524.850261,1
C00940,3604.782603,0.454557004,0.381313368,6608.908038,1
C00941,3588.050197,0.227268351,0.683027875,4643.332779,1
C00942,3571.978647,0.300834578,0.710424422,5108.917768,1
C00943,3561.24302,0.517251422,0.37351024,7377.014003,1
C00944,3442.552883,0.379830548,0.512151045,5550.987511,1
C00945,3215.735057,0.247977973,0.737941806,4276.118174,1
C00947,3152.12606,0.235826997,0.679436372,4124.885394,1
C00948,3062.051754,0.135147925,0.96938219,3540.5497,1
C00949,3045.851387,0.007740347,0.75391897,3069.611245,1
C00950,2956.829049,0.161438828,0.869426319,3526.07436,1
C00951,2883.074967,0.205775915,0.794318691,3630.052303,1
C00952,2876.724313,0.163106441,0.834833147,3437.383742,1
C00953,2829.232505,0.614133419,0.359412531,7332.152211,1
C00954,2809.33379,0.620445836,0.257141099,7401.66769,1
C00955,2803.808295,0.308525073,0.600282285,4054.822795,1
C00956,2787.627207,0.179955542,0.95416912,3399.361072,1
C00957,2644.754406,0.527182937,0.291994509,5593.610324,1
C00958,2631.112071,0.304780975,0.485706962,3784.580075,1
C00959,2506.831233,0.482299208,0.567720276,4842.239519,1
C00960,2505.852947,0.482629779,0.353464486,4843.442557,1
C00961,2446.429944,0.276723668,0.622969942,3382.427762,1
C00962,2398.833889,0.029272005,0.987934511,2471.169989,1
C00963,2393.534958,0.175433576,0.599230425,2902.780042,1
C00964,2359.129366,0.146192808,0.743528369,2763.070383,1
C00965,2260.455078,0.209060597,0.845999064,2857.937118,1
C00967,2209.639518,0.318402418,0.698902269,3241.853516,1
C00968,2200.986625,0.160521133,0.751538925,2621.848757,1
C00969,2192.758387,0.538413466,0.267549869,4750.481707,1
C00970,2170.813501,0.452137934,0.323826074,3962.335842,1
C00971,2082.643761,0.461689659,0.536089865,3868.853337,1
C00972,2021.931966,0.485170301,0.255770408,3927.380199,1
C00973,2016.666458,0.066815642,0.872295193,2161.059002,1
C00974,2014.782689,0.244842238,0.659309769,2668.028842,1
C00975,1983.020566,0.083976667,0.804034434,2164.814471,1
C00976,1972.835787,0.134547465,0.769496973,2279.542444,1
C00977,1875.068149,0.524822547,0.536985468,3946.037713,1
C00978,1760.230693,0.181856061,0.757135957,2151.492677,1
C00979,1725.532226,0.515421407,0.271187385,3560.892398,1
C00980,1668.016975,0.296581909,0.657859069,2371.302355,1
C00982,1639.706185,0.48174542,0.302135354,3163.901003,1
C00983,1608.686913,0.252006925,0.817621222,2150.670863,1
C00984,1603.962738,0.229623458,0.68437395,2082.050337,1
C00985,1479.038154,0.241140919,0.790591224,1949.028733,1
C00986,1469.188617,0.122265508,0.713487521,1673.841725,1
C00987,1393.752142,0.168121955,0.685751657,1675.428449,1
C00988,1376.8896,0.609159911,0.047549818,3522.897567,1
C00989,1364.875573,0.461069037,0.420677929,2532.561062,1
C00990,1317.074598,0.58559408,0.315534715,3178.223413,1
C00991,1315.80904,0.21700357,0.726712467,1680.478977,1
C00992,1309.027876,0.487433731,0.314088069,2553.870504,1
C00993,1256.480506,0.085367294,0.970535504,1373.754184,1
C00994,1197.039776,0.21920882,0.82645727,1533.111295,1
C00995,1102.468214,0.253606353,0.566411665,1477.060018,1
C00996,1094.516325,0.5431986,0.393792161,2396.044154,1
C00997,1092.456446,0.462528623,0.412656574,2032.585348,1
C00998,1071.026257,0.232127394,0.783149339,1394.796804,1
C00999,1038.873975,0.446139873,0.309860021,1875.697355,1
C01000,1037.602787,0.514422787,0.315785408,2136.844068,1
C01001,1023.591271,0.477588688,0.395063903,1959.358934,1
C01002,961.6846574,0.530434958,0.148833003,2048.032908,1
C01003,960.5605989,0.470908556,0.41180803,1815.490706,1
C01004,876.9284895,0.446458117,0.168479216,1584.213439,1
C01005,869.6000573,0.287226502,0.657570267,1220.022994,1
C01006,843.3930823,0.461395569,0.396563347,1565.885896,1
C01007,814.2821807,0.446975003,0.226212134,1472.414782,1
C01008,806.404164,0.47483004,0.29453495,1535.510834,1
C01009,802.9545768,0.550958758,0.246090591,1788.153294,1
C01010,786.1795549,0.570452865,0.238547034,1830.252121,1
C01011,728.8149432,0.203616807,0.728917649,915.1561083,1
C01012,653.4119951,0.127516639,0.832122835,748.9105511,1
C01013,597.284153,0.371090289,0.322456048,949.7136746,1
C01014,594.8015828,0.438288484,0.375499774,1058.909362,1
C01015,593.4899244,0.408355291,0.409075587,1003.11879,1
C01017,532.9487671,0.457502924,0.270291652,982.3993363,1
C01018,526.7997319,0.430098286,0.204495204,924.3694456,1
C01019,480.0630852,0.205881747,0.728060776,604.5234234,1
C01020,459.0591747,0.422913179,0.343969141,795.4767946,1
C01021,441.4131719,0.492344326,0.299110055,869.5129289,1
C01022,408.6295534,0.466580064,0.306331734,766.0560212,1
C01023,385.1342101,0.443712362,0.233778132,692.3292627,1
C01024,373.1692642,0.433356832,0.445720738,658.5613045,1
C01025,342.1387927,0.457104921,0.476163284,630.2116299,1
C01026,332.3854401,0.439183549,0.277875817,592.6813298,1
C01027,317.507388,0.516923741,0.374230724,657.2614204,1
C01028,267.6402249,0.426106382,0.265534704,466.3586012,1
C01029,252.0167747,0.352383262,0.062057457,389.144937,0
C01030,192.1336733,0.305635439,0.094096952,276.7043196,0
C01031,0,0.621858277,0.374260401,0,0
C01032,0,0.342375067,0.850485365,0,0
C01033,0,0.601989665,0.38828673,0,0
C01034,0,0.58850558,0.273466714,0,0
C01035,0,0.344410125,0.085311581,0,0
C01036,0,0.421155531,0.626898217,0,0
C01037,0,0.619481897,0.342545748,0,0
C01038,0,0.568387388,0.405062933,0,0
C01039,0,0.548249683,0.241797476,0,0
C01040,0,0.384005275,0.767913838,0,0
C01041,0,0.553205032,0.17010222,0,0
C01042,0,0.386986799,0.052981011,0,0
C01043,0,0.450627013,0.555571623,0,0
C01044,0,0.543260148,0.368623657,0,0
C01045,0,0.292107984,0.036246678,0,0
C01046,0,0.504913999,0.319553955,0,0
C01047,0,0.583295481,0.3625127,0,0
C01048,0,0.568867936,0.396649366,0,0
C01049,0,0.421079387,0.148612896,0,0
C01050,0,0.410111273,0.061002894,0,0
C01051,0,0.580922525,0.503762411,0,0
C01052,0,0.527365016,0.239037048,0,0
C01053,0,0.381438236,0.118279625,0,0
C01054,0,0.552932248,0.481260737,0,0
C01055,0,0.412871434,0.135987128,0,0
C01056,0,0.444562406,0.497148605,0,0
C01057,0,0.347843045,0.055112265,0,0
C01058,0,0.571990225,0.344700971,0,0
C01059,0,0.581950274,0.380446646,0,0
C01060,0,0.59947131,0.348964974,0,0
C01061,0,0.380111502,0.055379502,0,0
C01062,0,0.540951991,0.355360588,0,0
C01063,0,0.591051431,0.348632316,0,0
C01064,0,0.330955634,0.736580118,0,0
C01065,0,0.568680363,0.196992826,0,0
C01066,0,0.541649952,0.312632851,0,0
C01067,0,0.529357422,0.365005972,0,0
C01068,0,0.496937707,0.229519564,0,0
C01069,0,0.532524815,0.226764808,0,0
C01070,0,0.350569779,0.106641575,0,0
C01071,0,0.545546249,0.429748168,0,0
C01072,0,0.432289794,0.652551304,0,0
C01073,0,0.548466767,0.356123425,0,0
C01074,0,0.470281128,0.698936879,0,0
C01075,0,0.350012755,0.880526881,0,0
C01076,0,0.55619945,0.188227292,0,0
C01077,0,0.585719982,0.32195604,0,0
C01078,0,0.586889852,0.262932234,0,0
C01079,0,0.523944763,0.082771429,0,0
C01080,0,0.596974468,0.242856345,0,0
C01081,0,0.597397696,0.513294125,0,0
C01082,0,0.468002156,0.662285899,0,0
C01083,0,0.426298915,0.785284668,0,0
C01084,0,0.408891365,0.759020094,0,0
C01085,0,0.591324026,0.274200601,0,0
C01086,0,0.607192334,0.425730529,0,0
C01087,0,0.530104759,0.06773082,0,0
C01088,0,0.44929905,0.717130955,0,0
C01089,0,0.530074684,0.119652965,0,0
C01090,0,0.540071463,0.310790074,0,0
C01091,0,0.57402885,0.42520154,0,0
C01092,0,0.519526807,0.22619204,0,0
C01093,0,0.400544164,0.734999734,0,0
C01094,0,0.615658033,0.460237304,0,0
C01095,0,0.334608646,0.043458021,0,0
C01096,0,0.523992422,0.212964144,0,0
C01097,0,0.602091852,0.337350514,0,0
C01098,0,0.316176183,0.04959089,0,0
C01099,0,0.56186956,0.185415857,0,0
C01100,0,0.594222689,0.335961643,0,0
C01101,0,0.419680058,0.594990027,0,0
C01102,0,0.55428491,0.044770641,0,0
C01103,0,0.356104882,0.052987594,0,0
C01104,0,0.560461057,0.352708996,0,0
C01106,0,0.525234347,0.452743557,0,0
C01107,0,0.556962572,0.323278641,0,0
C01108,0,0.628950459,0.324756999,0,0
C01109,0,0.360010774,0.045784833,0,0
C01110,0,0.375562616,0.080787865,0,0
C01111,0,0.631144603,0.347543735,0,0
C01112,0,0.341748816,0.86608196,0,0
C01113,0,0.330104627,0.066906957,0,0
C01114,0,0.570384505,0.304253471,0,0
C01115,0,0.552873451,0.323375262,0,0
C01116,0,0.54538804,0.280063321,0,0
C01117,0,0.594785166,0.371044807,0,0
C01118,0,0.409676026,0.555638765,0,0
C01119,0,0.543369304,0.209247512,0,0
C01120,0,0.579565345,0.306404088,0,0
C01121,0,0.325789893,0.100996287,0,0
C01122,0,0.316637383,0.016003995,0,0
C01123,0,0.565574174,0.279286671,0,0
C01124,0,0.584549704,0.289654733,0,0
C01125,0,0.491673891,0.223673773,0,0
C01126,0,0.623606229,0.421950019,0,0
C01127,0,0.562241693,0.138984351,0,0
C01128,0,0.550675147,0.365314655,0,0
C01129,0,0.415672946,0.044271637,0,0
C01130,0,0.602673586,0.554317865,0,0
C01131,0,0.423325603,0.645693954,0,0
C01132,0,0.487701159,0.188566362,0,0
C01133,0,0.434724273,0.75955071,0,0
C01134,0,0.519886901,0.251230345,0,0
C01135,0,0.34950245,0.700824214,0,0
C01136,0,0.299443338,0.036395687,0,0
C01137,0,0.317883196,0.060735648,0,0
C01138,0,0.395196522,0.65146233,0,0
C01139,0,0.62340388,0.465981802,0,0
C01140,0,0.542485742,0.186022666,0,0
C01141,0,0.373618465,0.028858141,0,0
C01142,0,0.502094763,0.123432169,0,0
C01143,0,0.328997183,0.745008461,0,0
C01144,0,0.580947042,0.170743404,0,0
C01145,0,0.541207657,0.199361211,0,0
C01146,0,0.560021943,0.196320271,0,0
C01147,0,0.370626836,0.143488856,0,0
C01148,0,0.576350307,0.288144873,0,0
C01149,0,0.54889793,0.174363157,0,0
C01150,0,0.542903516,0.448041685,0,0
C01151,0,0.363836566,0.048799065,0,0
C01152,0,0.340087874,0.038008243,0,0
C01153,0,0.327346439,0.705542378,0,0
C01154,0,0.477272467,0.191904157,0,0
C01155,0,0.596279091,0.443658932,0,0
C01156,0,0.397436435,0.041190086,0,0
C01157,0,0.569111729,0.45962121,0,0
C01158,0,0.615931271,0.336264286,0,0
C01159,0,0.560127339,0.27586781,0,0
C01160,0,0.557300112,0.414437839,0,0
C01161,0,0.434816728,0.687730899,0,0
C01162,0,0.517659744,0.243806845,0,0
C01163,0,0.537070652,0.257355482,0,0
C01164,0,0.565424442,0.327864886,0,0
C01165,0,0.47655374,0.236294084,0,0
C01166,0,0.523405935,0.177659437,0,0
C01167,0,0.330523936,0.051538585,0,0
C01168,0,0.512817542,0.253985746,0,0
C01169,0,0.412472737,0.649923135,0,0
C01170,0,0.519662055,0.214189075,0,0
C01171,0,0.547762232,0.451636946,0,0
C01172,0,0.517400068,0.315178669,0,0
C01173,0,0.562752219,0.285472349,0,0
C01174,0,0.568633519,0.376171984,0,0
C01175,0,0.63844557,0.196788284,0,0
C01176,0,0.390976739,0.14536234,0,0
C01177,0,0.462570485,0.766397573,0,0
C01178,0,0.535658695,0.274305651,0,0
C01179,0,0.53150196,0.336308481,0,0
C01180,0,0.569160393,0.169821205,0,0
C01181,0,0.467944728,0.712869483,0,0
C01182,0,0.390803925,0.044764681,0,0
C01183,0,0.381693001,0.024155881,0,0
C01184,0,0.545200283,0.44687122,0,0
C01185,0,0.529391402,0.314281222,0,0
C01186,0,0.556498732,0.406897673,0,0
C01187,0,0.589554669,0.106835363,0,0
C01188,0,0.620516926,0.436677672,0,0
C01189,0,0.530241862,0.320852905,0,0
C01190,0,0.62504814,0.433106243,0,0
C01191,0,0.488356966,0.17547769,0,0
C01192,0,0.623459143,0.254950093,0,0
C01193,0,0.451545256,0.714934236,0,0
C01194,0,0.402493391,0.670328669,0,0
C01195,0,0.405142918,0.7482917,0,0
C01196,0,0.519928448,0.21669156,0,0
C01197,0,0.37943294,0.728447809,0,0
C01198,0,0.417309986,0.42942459,0,0
C01199,0,0.348646658,0.105149473,0,0
C01200,0,0.5757812,0.487038558,0,0
C01201,0,0.601221515,0.33870435,0,0
C01202,0,0.600697892,0.252567353,0,0
C01203,0,0.404938077,0.072180629,0,0
C01204,0,0.423321355,0.084275939,0,0
C01205,0,0.44211309,0.730823752,0,0
C01207,0,0.322001277,0.970085248,0,0
C01208,0,0.38735109,0.687309308,0,0
C01209,0,0.382106366,0.056209716,0,0
C01210,0,0.573182967,0.165528027,0,0
C01211,0,0.466744788,0.205321061,0,0
C01212,0,0.327984225,0.03524185,0,0
C01213,0,0.381693001,0.024155881,0,0
C01214,0,0.322470931,0.887297,0,0
C01215,0,0.59053576,0.150561086,0,0
C01216,0,0.392514985,0.794412872,0,0
C01217,0,0.484058311,0.20953885,0,0
C01218,0,0.569540503,0.366624912,0,0
C01219,0,0.362687069,0.059577325,0,0
C01220,0,0.583570237,0.164979134,0,0
C01221,0,0.379077313,0.073358777,0,0
C01222,0,0.610079462,0.470850774,0,0
C01223,0,0.512776282,0.218052553,0,0
C01224,0,0.589972957,0.158000952,0,0
C01225,0,0.558103972,0.37840188,0,0
C01226,0,0.371686807,0.067290981,0,0
C01227,0,0.578428402,0.168033442,0,0
C07226,0,0.529472644,0.000275746,0,0
C03085,0,0.529706756,0.000276229,0,0
C07041,0,0.558529975,0.000234926,0,0
C03644,0,0.559629477,0.000264712,0,0
C06833,0,0.530150861,0.000216957,0,0
C04851,0,0.517315722,0.000235984,0,0
C03913,0,0.513624098,0.000128972,0,0
C06038,0,0.568397871,0.000406499,0,0
C02425,0,0.544084276,8.41E-05,0,0
C02937,0,0.589295348,0.000244789,0,0
C07185,0,0.542661075,0.000617623,0,0
C03364,0,0.515203544,0.000232295,0,0
C02754,0,0.514563092,0.000129878,0,0
C05772,0,0.563781293,0.000392515,0,0
C04258,0,0.560324142,0.000266106,0,0
C02099,0,0.469199076,0.000123385,0,0
C02507,0,0.528564201,0.000461642,0,0
C03590,0,0.510740224,8.83E-05,0,0
C03618,0,0.529016002,5.05E-05,0,0
C05019,0,0.486121718,3.51E-05,0,0
C03281,0,0.533747658,0.000288666,0,0
C04352,0,0.50931928,0.000494614,0,0
C03236,0,0.569502377,0.000166302,0,0
C04477,0,0.519804886,3.32E-05,0,0
C01443,0,0.580726717,0.000293328,0,0
C06858,0,0.521402846,0.000559976,0,0
C06407,0,0.522118199,9.94E-05,0,0
C04810,0,0.558997299,0.000256565,0,0
C05908,0,0.5034991,7.19E-05,0,0
C07290,0,0.515907667,0.000233518,0,0
C05659,0,0.523755293,9.25E-05,0,0
C02238,0,0.505143523,7.28E-05,0,0
C05305,0,0.57312329,0.000400637,0,0
C01584,0,0.529872193,6.63E-05,0,0
C06313,0,0.513572803,0.000153196,0,0
C01673,0,0.517446953,0.000140641,0,0
C02548,0,0.512371993,0.000505996,0,0
C04319,0,0.577031046,0.000311719,0,0
C06446,0,0.497526412,2.99E-05,0,0
C01975,0,0.541396019,0.000265812,0,0
C02882,0,0.539873454,0.000461399,0,0
C07791,0,0.522380577,3.11E-05,0,0
C06356,0,0.526979751,0.000295072,0,0
C02619,0,0.558649792,0.000153808,0,0
C05111,0,0.550681077,0.000316646,0,0
C06190,0,0.556781644,0.000322882,0,0
C01317,0,0.544992373,0.000628526,0,0
C07402,0,0.553997025,0.000316171,0,0
C03721,0,0.569546253,0.000542947,0,0
C06960,0,0.514878773,3.95E-05,0,0
C06865,0,0.534700807,0.000148604,0,0
C05827,0,0.555029552,1.49E-05,0,0
C07556,0,0.532450421,7.36E-05,0,0
C01589,0,0.561708821,0.000247099,0,0
C06004,0,0.518361419,8.88E-05,0,0
C07133,0,0.524478935,9.22E-05,0,0
C03175,0,0.578666022,0.000288743,0,0
C07029,0,0.518144246,6.70E-05,0,0
C03272,0,0.537562751,3.87E-05,0,0
C07254,0,0.488367571,3.44E-05,0,0
C02825,0,0.557375025,0.00025344,0,0
C07027,0,0.567101306,0.000239005,0,0
C01496,0,0.529781755,4.95E-05,0,0
C03218,0,0.539162467,1.12E-05,0,0
C04275,0,0.512151724,0.000173017,0,0
C06743,0,0.531325082,0.000238189,0,0
C06683,0,0.541353638,0.000238799,0,0
C06381,0,0.538956248,0.000240839,0,0
C02346,0,0.582890809,1.51E-05,0,0
C05401,0,0.510047765,4.48E-05,0,0
C02379,0,0.552079872,1.96E-05,0,0
C03741,0,0.512159581,3.68E-05,0,0
C02512,0,0.571056745,0.00042919,0,0
C01728,0,0.521382523,2.31E-05,0,0
C05723,0,0.521637346,0.000560956,0,0
C03297,0,0.510910106,0.000161747,0,0
C06493,0,0.552632801,8.49E-05,0,0
C07532,0,0.54200542,0.000139292,0,0
C01621,0,0.510269192,0.000156768,0,0
C07783,0,0.528984297,0.00016242,0,0
C04419,0,0.57124965,0.000145332,0,0
C01815,0,0.48861714,0.000298563,0,0
C05495,0,0.532285091,0.000306461,0,0
C07996,0,0.55922895,0.000257014,0,0
C01373,0,0.523933537,0.000200158,0,0
C02016,0,0.559162295,0.000242386,0,0
C04933,0,0.487459173,0.000164217,0,0
C07092,0,0.49213985,0.000306506,0,0
C01246,0,0.60145781,9.31E-05,0,0
C02266,0,0.552332384,0.000476967,0,0
C05261,0,0.510183053,3.81E-05,0,0
C04970,0,0.567936734,0.000405079,0,0
C04329,0,0.535526873,4.04E-05,0,0
C03712,0,0.547353377,0.000217213,0,0
C06571,0,0.545490098,0.000214192,0,0
C05227,0,0.536157157,0.000246518,0,0
C06073,0,0.549693437,6.03E-05,0,0
C01440,0,0.518840193,0.000414954,0,0
C00667,0,0.513529613,3.64E-05,0,0
C03770,0,0.536390856,0.00024695,0,0
C04091,0,0.533542087,4.64E-05,0,0
C02369,0,0.550976531,0.000309057,0,0
C04881,0,0.544313408,7.74E-05,0,0
C03787,0,0.527599042,0.000283091,0,0
C02850,0,0.540420181,0.000237133,0,0
C02214,0,0.528833379,0.000278247,0,0
C07979,0,0.58884426,0.000265471,0,0
C01438,0,0.570884207,0.000168058,0,0
C04532,0,0.516036296,7.18E-05,0,0
C04865,0,0.570193429,0.000167178,0,0
C03024,0,0.537193328,0.000257566,0,0
C04619,0,0.515100093,0.0001382,0,0
C04950,0,0.489306843,3.47E-05,0,0
C06709,0,0.468731015,0.000122954,0,0
C04581,0,0.529214432,0.000215443,0,0
C02749,0,0.499333097,0.00011357,0,0
C04767,0,0.490022111,0.000277238,0,0
C03059,0,0.50792613,0.000271597,0,0
C07674,0,0.533450709,0.000284075,0,0
C05139,0,0.538123761,0.000238333,0,0
C04015,0,0.50650077,0.000484334,0,0
C04799,0,0.550278952,0.000307438,0,0
C06583,0,0.590663178,0.000269215,0,0
C07661,0,0.531011946,0.000237204,0,0
C04506,0,0.550976531,0.000309057,0,0
C07952,0,0.576377051,0.000308783,0,0
C05341,0,0.567423681,0.00015042,0,0
C04086,0,0.543159212,0.000210475,0,0
C04611,0,0.520508546,3.33E-05,0,0
C01831,0,0.546153325,0.000582627,0,0
C07677,0,0.535919464,0.000226122,0,0
C07900,0,0.546153325,0.000582627,0,0
C04071,0,0.541989083,0.000191713,0,0
C04426,0,0.530643074,0.00027817,0,0
C06012,0,0.556515043,0.000535681,0,0
C02189,0,0.552072051,0.000121067,0,0
C05101,0,0.533699415,0.000167501,0,0
C05292,0,0.568807131,0.000152008,0,0
C05082,0,0.525935354,0.000210227,0,0
C04148,0,0.572663406,0.000399237,0,0
C02466,0,0.530249932,4.97E-05,0,0
C04011,0,0.57092413,0.000504176,0,0
C04591,0,0.542688835,0.000192723,0,0
C04318,0,0.550007641,0.000468692,0,0
C05865,0,0.552352651,0.000299073,0,0
C02920,0,0.553532588,0.000315066,0,0
C04694,0,0.58233143,0.000323161,0,0
C07101,0,0.564008458,0.000361306,0,0
C07966,0,0.544084294,5.84E-05,0,0
C02349,0,0.545952505,6.44E-05,0,0
C01442,0,0.515569522,0.000138685,0,0
C05108,0,0.577216698,0.000137811,0,0
C05310,0,0.470970159,0.0001206,0,0
C06678,0,0.577216698,0.000137811,0,0
C04194,0,0.517209674,7.24E-05,0,0
C01954,0,0.547570865,0.000369196,0,0
C01534,0,0.543127488,0.000619788,0,0
C04271,0,0.557733057,5.03E-05,0,0
C02531,0,0.540929333,0.000264883,0,0
C04604,0,0.577523904,0.000311497,0,0
C01468,0,0.55212028,0.00029855,0,0
C02862,0,0.535336122,0.000169566,0,0
C05956,0,0.525264143,4.51E-05,0,0
C06844,0,0.572954875,0.000170727,0,0
C07434,0,0.568987738,0.000319079,0,0
C01956,0,0.512923785,0.000139625,0,0
C02201,0,0.539640996,0.000419084,0,0
C04680,0,0.572203396,0.000397842,0,0
C05206,0,0.574280284,0.000332188,0,0
C06555,0,0.550541136,8.03E-05,0,0
C05620,0,0.566317885,0.000529806,0,0
C05712,0,0.547084896,0.00058672,0,0
C01977,0,0.535553507,0.000233787,0,0
C02744,0,0.561246054,0.000246235,0,0
C02317,0,0.540357234,0.00023377,0,0
C07579,0,0.519558428,0.000187511,0,0
C02362,0,0.543847189,7.71E-05,0,0
C01478,0,0.513624098,0.000128972,0,0
C04378,0,0.537629972,4.10E-05,0,0
C05703,0,0.500815486,3.06E-05,0,0
C07615,0,0.491431237,0.000280165,0,0
C03846,0,0.52448246,0.000194533,0,0
C06900,0,0.509529544,0.000259207,0,0
C05320,0,0.545486563,6.42E-05,0,0
C05447,0,0.539762305,0.000262574,0,0
C07344,0,0.535174771,4.51E-05,0,0
C07257,0,0.491919461,0.000137531,0,0
C07196,0,0.568242696,0.000186229,0,0
C02894,0,0.579582229,0.000290772,0,0
C03554,0,0.550681077,0.000316646,0,0
C04647,0,0.518365413,9.67E-05,0,0
C02372,0,0.51067528,0.000161464,0,0
C06889,0,0.533200843,0.000511033,0,0
C06140,0,0.520731241,0.000144131,0,0
C06433,0,0.530811005,1.32E-05,0,0
C02626,0,0.552103966,0.000518161,0,0
C02774,0,0.500444998,7.03E-05,0,0
C01230,0,0.563637526,0.000232811,0,0
C02817,0,0.532547106,5.14E-05,0,0
C03985,0,0.521414729,9.89E-05,0,0
C02786,0,0.568115539,0.000151212,0,0
C03592,0,0.536738411,0.000171357,0,0
C06993,0,0.530416649,4.69E-05,0,0
C01619,0,0.56101857,0.000267507,0,0
C04990,0,0.545434242,2.39E-05,0,0
C01434,0,0.586791196,0.00024012,0,0
C01737,0,0.531349155,0.000304323,0,0
C07293,0,0.541285625,5.71E-05,0,0
C04479,0,0.551209013,0.000309598,0,0
C04380,0,0.538594842,0.000260286,0,0
C03340,0,0.517394649,2.24E-05,0,0
C04430,0,0.532369897,2.37E-05,0,0
C06629,0,0.540925361,0.000243393,0,0
C07364,0,0.535222204,0.000244798,0,0
C01384,0,0.532337498,4.83E-05,0,0
C06688,0,0.538489438,0.000230519,0,0
C05343,0,0.543392388,0.000210844,0,0
C03310,0,0.506318044,7.34E-05,0,0
C05700,0,0.528511975,0.000214314,0,0
C04567,0,0.573357115,0.00030311,0,0
C04579,0,0.547064716,2.42E-05,0,0
C01305,0,0.577671393,0.000127074,0,0
C07176,0,0.489934358,0.000125045,0,0
C04151,0,0.588389149,0.000264543,0,0
C07099,0,0.510501398,8.10E-05,0,0
C03829,0,0.573812878,0.000402746,0,0
C02223,0,0.525709146,0.000483199,0,0
C03198,0,0.568163392,0.000372871,0,0
C03962,0,0.532083131,7.69E-05,0,0
C01514,0,0.491813455,0.0001218,0,0
C03667,0,0.512149097,8.92E-05,0,0
C07357,0,0.545024077,0.000213444,0,0
C04695,0,0.549570528,6.85E-05,0,0
C07772,0,0.507857237,6.51E-05,0,0
C06485,0,0.541508099,0.000424993,0,0
C07222,0,0.537890184,0.000237916,0,0
C06113,0,0.515203544,0.000232295,0,0
C04081,0,0.559625535,0.000243236,0,0
C07050,0,0.52601593,4.61E-05,0,0
C01662,0,0.555331007,2.01E-05,0,0
C07002,0,0.539431089,3.92E-05,0,0
C07983,0,0.585655332,0.000259044,0,0
C04305,0,0.579815093,0.000316998,0,0
C04836,0,0.563418097,4.10E-05,0,0
C01251,0,0.519082685,6.75E-05,0,0
C02577,0,0.520230206,0.000555097,0,0
C06856,0,0.463821407,0.000146299,0,0
C02343,0,0.518616497,5.58E-05,0,0
C05472,0,0.50088664,4.18E-05,0,0
C04550,0,0.50792613,0.000271597,0,0
C06971,0,0.566775504,0.00048854,0,0
C06468,0,0.53038892,0.000236527,0,0
C06646,0,0.533091641,1.44E-05,0,0
C05560,0,0.572721011,0.0001566,0,0
C02169,0,0.508168908,4.41E-05,0,0
C01916,0,0.50792199,8.65E-05,0,0
C01313,0,0.540122706,6.17E-05,0,0
C01703,0,0.53347881,0.000478926,0,0
C03420,0,0.556051126,0.000533809,0,0
C06050,0,0.551437516,0.00028498,0,0
C03466,0,0.505666359,2.25E-05,0,0
C03704,0,0.509796883,8.06E-05,0,0
C02338,0,0.541772133,0.000139048,0,0
C02111,0,0.586335408,0.000239281,0,0
C03067,0,0.561312642,0.000261096,0,0
C03571,0,0.551437516,0.00028498,0,0
C02539,0,0.534789148,7.49E-05,0,0
C02759,0,0.554561374,1.36E-05,0,0
C04033,0,0.535539091,0.000520055,0,0
C05330,0,0.532352077,4.64E-05,0,0
C01865,0,0.528540051,0.000297997,0,0
C05741,0,0.541974695,0.000426484,0,0
C06914,0,0.537554889,0.000238322,0,0
C02559,0,0.566504724,0.00016256,0,0
C05941,0,0.516034928,0.000127879,0,0
C06452,0,0.544035915,2.37E-05,0,0
C07013,0,0.571162176,0.000415128,0,0
C05591,0,0.554426653,0.00052731,0,0
C02424,0,0.522296497,0.000215179,0,0
C06205,0,0.55352593,5.33E-05,0,0
C02809,0,0.574228691,0.00012378,0,0
C07965,0,0.509189596,2.31E-05,0,0
C06402,0,0.53158316,0.000304856,0,0
C03192,0,0.561324864,0.000228771,0,0
C07942,0,0.521879727,9.12E-05,0,0
C02287,0,0.492150339,0.000126593,0,0
C06345,0,0.544060085,0.000624142,0,0
C02456,0,0.493911397,0.00022301,0,0
C07244,0,0.553942179,2.17E-05,0,0
C03276,0,0.51791361,7.28E-05,0,0
C03523,0,0.533347581,0.000221809,0,0
C02845,0,0.542890321,0.000568526,0,0
C02790,0,0.504637567,0.000265022,0,0
C04572,0,0.534384577,0.00023175,0,0
C01804,0,0.556254986,0.000330232,0,0
C04856,0,0.539874446,0.000419818,0,0
C01840,0,0.564561823,0.000234447,0,0
C05893,0,0.556447459,0.000251672,0,0
C02692,0,0.56470157,0.000523355,0,0
C04898,0,0.499373912,8.92E-05,0,0
C04922,0,0.523695127,0.00026457,0,0
C05721,0,0.466391555,0.00012082,0,0
C03341,0,0.564087525,0.000266639,0,0
C02030,0,0.565159585,0.000482592,0,0
C04097,0,0.525060742,8.91E-05,0,0
C05130,0,0.504414555,4.67E-05,0,0
C06533,0,0.544526268,0.00062633,0,0
C02313,0,0.565398395,0.000397354,0,0
C00668,0,0.550452615,1.94E-05,0,0
C01989,0,0.552603433,0.000312867,0,0
C03435,0,0.514745989,4.09E-05,0,0
C03318,0,0.517519642,3.75E-05,0,0
C03411,0,0.551194417,6.37E-05,0,0
C06523,0,0.543143858,0.00035712,0,0
C01432,0,0.517677994,5.54E-05,0,0
C07186,0,0.52182355,0.000197029,0,0
C06243,0,0.514409306,3.93E-05,0,0
C06164,0,0.501176615,0.000311693,0,0
C07595,0,0.514276514,4.07E-05,0,0
C07758,0,0.545490098,0.000214192,0,0
C03758,0,0.528547688,5.03E-05,0,0
C07507,0,0.52736506,0.000271435,0,0
C07843,0,0.491680591,0.000126151,0,0
C04832,0,0.572667338,0.000301522,0,0
C05061,0,0.553241517,1.98E-05,0,0
C02368,0,0.534750412,0.000233368,0,0
C06219,0,0.571213563,7.22E-06,0,0
C07234,0,0.522619028,3.39E-05,0,0
C03813,0,0.499329098,0.000104355,0,0
C02409,0,0.524787563,0.000277206,0,0
C06443,0,0.560845844,0.000239075,0,0
C04575,0,0.56409973,0.000233627,0,0
C02165,0,0.554823274,0.000248606,0,0
C04564,0,0.545952074,0.000197505,0,0
C05294,0,0.556844563,0.00023818,0,0
C05833,0,0.531813168,0.000280615,0,0
C03138,0,0.554866842,2.01E-05,0,0
C04888,0,0.565625367,0.000365761,0,0
C02966,0,0.529718376,5.08E-05,0,0
C02136,0,0.516036296,7.18E-05,0,0
C07494,0,0.521120025,0.000282437,0,0
C07563,0,0.510046209,3.63E-05,0,0
C05205,0,0.558761678,0.000235337,0,0
C04638,0,0.51282098,0.000289091,0,0
C01756,0,0.535685734,0.000225726,0,0
C07381,0,0.536734433,0.000157454,0,0
C07529,0,0.545221592,2.37E-05,0,0
C02207,0,0.464506629,0.000265061,0,0
C02227,0,0.554727039,9.01E-05,0,0
C04664,0,0.511929327,0.00015133,0,0
C02308,0,0.535071457,0.000184994,0,0
C03820,0,0.510183053,3.81E-05,0,0
C07536,0,0.485811563,0.000155184,0,0
C04909,0,0.544060085,0.000624142,0,0
C06158,0,0.511928779,4.00E-05,0,0
C04707,0,0.509501082,0.000160057,0,0
C05614,0,0.552780882,2.15E-05,0,0
C06657,0,0.532285091,0.000306461,0,0
C07470,0,0.508159493,0.000167943,0,0
C05063,0,0.518862557,3.03E-05,0,0
C07003,0,0.556313835,0.000295652,0,0
C04284,0,0.563880353,4.12E-05,0,0
C02876,0,0.534712654,2.62E-05,0,0
C05569,0,0.505103252,8.47E-05,0,0
C05714,0,0.511694523,0.000151065,0,0
C05682,0,0.481822111,0.000144684,0,0
C06499,0,0.549775045,0.000467872,0,0
C05990,0,0.534555342,7.48E-05,0,0
C06481,0,0.585655332,0.000259044,0,0
C03537,0,0.53001585,4.96E-05,0,0
C07384,0,0.581416887,0.000320906,0,0
C05262,0,0.501176615,0.000311693,0,0
C01407,0,0.530412999,0.0003022,0,0
C04256,0,0.550500858,6.90E-05,0,0
C04533,0,0.577520001,0.000286227,0,0
C04356,0,0.553241517,1.98E-05,0,0
C01996,0,0.558761678,0.000235337,0,0
C05351,0,0.534738666,0.00043962,0,0
C02911,0,0.589934682,4.44E-05,0,0
C03370,0,0.517327613,4.17E-05,0,0
C03905,0,0.549779004,0.000509172,0,0
C02005,0,0.560520806,7.63E-05,0,0
C01328,0,0.567320225,0.000184929,0,0
C02727,0,0.522054023,0.000261347,0,0
C02731,0,0.538136143,0.000159116,0,0
C03263,0,0.560324142,0.000266106,0,0
C03835,0,0.524228072,0.000101017,0,0
C05423,0,0.506212812,0.000156181,0,0
C06197,0,0.519331742,3.04E-05,0,0
C01743,0,0.55700959,0.000297208,0,0
C06861,0,0.554925617,0.000318392,0,0
C01273,0,0.546402581,0.000484573,0,0
C05707,0,0.461718716,0.000144012,0,0
C07171,0,0.538940542,0.000416889,0,0
C07635,0,0.553760865,0.000290013,0,0
C01551,0,0.534750655,0.000224151,0,0
C03156,0,0.583930515,0.000327145,0,0
C06390,0,0.530484001,4.97E-05,0,0
C06614,0,0.540474947,0.000176225,0,0
C03895,0,0.530718056,4.98E-05,0,0
C04462,0,0.56101463,0.000245805,0,0
C02059,0,0.529718376,5.08E-05,0,0
C06194,0,0.552075804,0.000319989,0,0
C02746,0,0.543802792,2.36E-05,0,0
C04942,0,0.55393021,0.000298177,0,0
C05246,0,0.544992373,0.000628526,0,0
C06069,0,0.567010162,0.000532595,0,0
C07549,0,0.512629163,3.70E-05,0,0
C05250,0,0.55700959,0.000297208,0,0
C01816,0,0.554689554,0.000292051,0,0
C07953,0,0.523230281,0.000286922,0,0
C04236,0,0.521883719,9.93E-05,0,0
C01238,0,0.551170292,0.000472811,0,0
C02776,0,0.570237287,0.000545805,0,0
C04172,0,0.537761198,1.11E-05,0,0
C05266,0,0.561249993,0.000267976,0,0
C07958,0,0.53038892,0.000236527,0,0
C03152,0,0.570366036,0.000426942,0,0
C05363,0,0.552568689,0.000519978,0,0
C02240,0,0.586107459,0.000238862,0,0
C05588,0,0.569160772,0.000172321,0,0
C02329,0,0.530409015,0.000277683,0,0
C04246,0,0.530174699,0.000288595,0,0
C02820,0,0.52670233,8.04E-05,0,0
C05129,0,0.51480182,0.000141595,0,0
C04251,0,0.531122769,5.13E-05,0,0
C05218,0,0.53826748,4.23E-05,0,0
C05913,0,0.514976722,3.76E-05,0,0
C02026,0,0.528543702,4.63E-05,0,0
C05849,0,0.554241472,0.000277514,0,0
C02490,0,0.532708934,0.000223822,0,0
C04668,0,0.530245948,4.56E-05,0,0
C02771,0,0.522817591,9.19E-05,0,0
C02025,0,0.466143265,0.000268329,0,0
C05030,0,0.576572244,0.000447603,0,0
C05293,0,0.531151131,8.31E-05,0,0
C07455,0,0.554461369,0.000317279,0,0
C04078,0,0.479138808,0.000305931,0,0
C01873,0,0.550705298,0.000471159,0,0
C06932,0,0.529769892,0.000280202,0,0
C02690,0,0.562493254,4.08E-05,0,0
C05931,0,0.470033689,0.000119758,0,0
C05619,0,0.556351293,9.13E-05,0,0
C05994,0,0.536858206,0.000247816,0,0
C06591,0,0.500738709,0.000105457,0,0
C02745,0,0.582559978,0.000323727,0,0
C01504,0,0.55561786,0.000294103,0,0
C03275,0,0.512061604,3.86E-05,0,0
C05684,0,0.552134762,0.000286481,0,0
C02955,0,0.546880165,8.59E-05,0,0
C05270,0,0.55992375,0.000258368,0,0
C03725,0,0.563418097,4.10E-05,0,0
C02253,0,0.503076553,0.000198185,0,0
C04123,0,0.534856175,0.000253097,0,0
C05054,0,0.558660067,5.07E-05,0,0
C03861,0,0.534362071,0.000223902,0,0
C01590,0,0.528142727,4.89E-05,0,0
C05284,0,0.574046589,0.000439067,0,0
C06160,0,0.567467608,0.000491112,0,0
C02434,0,0.545956039,0.000214944,0,0
C01249,0,0.48329329,0.000148315,0,0
C02534,0,0.525060742,8.91E-05,0,0
C03775,0,0.569271966,0.000166011,0,0
C04812,0,0.536153179,0.000226518,0,0
C02513,0,0.510938564,0.000261944,0,0
C04224,0,0.515680865,3.78E-05,0,0
C06613,0,0.509346214,0.000148443,0,0
C07312,0,0.551906325,0.000311229,0,0
C07834,0,0.527340964,0.000212446,0,0
C04848,0,0.575918078,0.000307704,0,0
C02132,0,0.481352878,0.000144178,0,0
C06883,0,0.555819131,0.000532876,0,0
C07194,0,0.556047177,0.000490513,0,0
C02840,0,0.532966936,0.000510139,0,0
C05731,0,0.528372926,4.50E-05,0,0
C02694,0,0.539057904,0.000240008,0,0
C05179,0,0.571747196,0.000299418,0,0
C03600,0,0.509815364,3.94E-05,0,0
C05225,0,0.570650059,0.000154152,0,0
C02924,0,0.533192756,0.000221951,0,0
C02472,0,0.565625367,0.000365761,0,0
C04586,0,0.539189749,0.000241261,0,0
C01486,0,0.474716466,0.000100472,0,0
C05757,0,0.567600483,0.000418068,0,0
C03777,0,0.535803615,0.000170161,0,0
C03009,0,0.536861849,3.85E-05,0,0
C03920,0,0.506750195,0.000166189,0,0
C04331,0,0.53779271,0.000249558,0,0
C07604,0,0.556047177,0.000490513,0,0
C01901,0,0.528540051,0.000297997,0,0
C06459,0,0.543356697,0.000570519,0,0
C03498,0,0.542214824,7.62E-05,0,0
C05490,0,0.573543187,0.000134004,0,0
C01649,0,0.55351019,0.000399476,0,0
C03131,0,0.529940856,0.000276713,0,0
C05238,0,0.504629428,7.75E-05,0,0
C03279,0,0.544759331,0.000627427,0,0
C04597,0,0.495085931,0.00022497,0,0
C06532,0,0.498624295,0.000103808,0,0
C01622,0,0.50682296,4.43E-05,0,0
C04372,0,0.578895125,0.000289249,0,0
C04873,0,0.51274857,0.000124783,0,0
C05355,0,0.56295573,4.09E-05,0,0
C05105,0,0.502324464,7.13E-05,0,0
C05138,0,0.554438981,0.000402282,0,0
C00055,0,0.513689024,7.05E-05,0,0
C03062,0,0.524632673,0.000266429,0,0
C04440,0,0.56272105,2.21E-05,0,0
C06147,0,0.561564039,3.72E-05,0,0
C06047,0,0.536734433,0.000157454,0,0
C01277,0,0.543127488,0.000619788,0,0
C04338,0,0.570006973,0.000544851,0,0
C04705,0,0.510468909,0.000261028,0,0
C06061,0,0.534968481,0.000404667,0,0
C02623,0,0.552592818,4.86E-05,0,0
C02442,0,0.532503062,0.000553228,0,0
C04157,0,0.553730092,0.000524548,0,0
C02015,0,0.53281208,0.000286652,0,0
C03632,0,0.485577063,0.000148794,0,0
C07302,0,0.533525637,5.09E-05,0,0
C01818,0,0.538564257,4.13E-05,0,0
C03350,0,0.529525069,6.26E-05,0,0
C07920,0,0.53347881,0.000478926,0,0
C02249,0,0.575658205,0.000335695,0,0
C04571,0,0.568393946,0.000373525,0,0
C06944,0,0.492227097,3.67E-05,0,0
C06603,0,0.536374895,0.000445039,0,0
C01364,0,0.512972822,0.000397188,0,0
C07005,0,0.495207998,0.000140943,0,0
C07237,0,0.539295372,0.000261657,0,0
C05529,0,0.531352804,4.72E-05,0,0
C06768,0,0.536711613,0.000570932,0,0
C01516,0,0.521402846,0.000559976,0,0
C03615,0,0.539991773,0.000241694,0,0
C03017,0,0.541293137,0.000207548,0,0
C05745,0,0.509092328,8.01E-05,0,0
C01473,0,0.526173639,0.00022919,0,0
C06711,0,0.553009234,1.98E-05,0,0
C01361,0,0.521589057,0.000196685,0,0
C01586,0,0.537422978,0.000237085,0,0
C05556,0,0.568811055,0.000165431,0,0
C04702,0,0.550733386,6.91E-05,0,0
C04920,0,0.513685028,6.48E-05,0,0
C07542,0,0.575918078,0.000307704,0,0
C02835,0,0.57381679,0.0004383,0,0
C03316,0,0.532857728,1.44E-05,0,0
C02938,0,0.580730612,0.000319225,0,0
C06211,0,0.492389216,0.000138013,0,0
C07102,0,0.56778152,0.000185578,0,0
C07407,0,0.506917496,0.000157004,0,0
C03689,0,0.541518949,5.72E-05,0,0
C05148,0,0.50493942,0.000348846,0,0
C05258,0,0.555090924,0.000300798,0,0
C02437,0,0.538097148,4.12E-05,0,0
C04496,0,0.520035455,3.05E-05,0,0
C03542,0,0.532269112,0.00055226,0,0
C07089,0,0.495559759,0.000245693,0,0
C03937,0,0.58118427,0.000294357,0,0
C01774,0,0.563083878,0.000516982,0,0
C02554,0,0.501432041,0.000195771,0,0
C07305,0,0.563083896,0.000358785,0,0
C07972,0,0.522599581,7.61E-05,0,0
C07444,0,0.53522585,3.80E-05,0,0
C01337,0,0.564426557,0.000160018,0,0
C07570,0,0.535553507,0.000233787,0,0
C05483,0,0.541512071,0.00046251,0,0
C05955,0,0.514624015,6.53E-05,0,0
C05359,0,0.499082693,0.000192374,0,0
C04313,0,0.529714391,4.67E-05,0,0
C03380,0,0.563267101,0.000145753,0,0
C06699,0,0.554481443,4.51E-05,0,0
C05530,0,0.529745299,9.23E-05,0,0
C04167,0,0.570467572,0.000546761,0,0
C03878,0,0.566039179,0.000148848,0,0
C01483,0,0.553245471,2.16E-05,0,0
C04803,0,0.466991652,0.000117063,0,0
C03734,0,0.51699104,4.01E-05,0,0
C06253,0,0.577485777,0.000414185,0,0
C04682,0,0.537071922,0.000411092,0,0
C06656,0,0.587933887,0.000263619,0,0
C05788,0,0.550476726,0.000511852,0,0
C05814,0,0.520230206,0.000555097,0,0
C05028,0,0.512355725,3.61E-05,0,0
C06496,0,0.508622605,7.99E-05,0,0
C04064,0,0.536608579,0.000445819,0,0
C02090,0,0.501253392,9.05E-05,0,0
C04317,0,0.531174268,0.000283161,0,0
C06990,0,0.494033458,0.000139715,0,0
C06266,0,0.553514162,0.000301702,0,0
C05375,0,0.584286923,0.000104807,0,0
C05005,0,0.57496939,0.000333937,0,0
C05832,0,0.552132056,5.27E-05,0,0
C07735,0,0.533922428,0.00031024,0,0
C02931,0,0.50697846,7.89E-05,0,0
C02638,0,0.494930417,0.000126397,0,0
C02088,0,0.5475787,5.99E-05,0,0
C04988,0,0.53779271,0.000249558,0,0
C04416,0,0.551610985,0.000318871,0,0
C07228,0,0.566087086,0.000367043,0,0
C06148,0,0.556515043,0.000535681,0,0
C06411,0,0.565852293,0.000485132,0,0
C02602,0,0.579353228,0.000290263,0,0
C04840,0,0.568811055,0.000165431,0,0
C04656,0,0.510740224,8.83E-05,0,0
C06524,0,0.554422701,0.00048454,0,0
C04353,0,0.532514815,0.000293691,0,0
C03888,0,0.470501898,0.000120178,0,0
C05792,0,0.587933887,0.000263619,0,0
C01236,0,0.494264363,0.000128604,0,0
C03105,0,0.576295198,0.000125746,0,0
C05596,0,0.564342498,4.13E-05,0,0
C07220,0,0.519299827,8.95E-05,0,0
C01312,0,0.54057469,0.000422028,0,0
C00195,0,0.542777899,2.20E-05,0,0
C01879,0,0.578436885,0.000288238,0,0
C02671,0,0.544803391,0.000142249,0,0
C04227,0,0.508152867,7.96E-05,0,0
C04449,0,0.588389149,0.000264543,0,0
C02791,0,0.4951627,6.53E-05,0,0
C07001,0,0.535206238,0.000441161,0,0
C07447,0,0.489776508,3.48E-05,0,0
C04797,0,0.484464118,7.72E-05,0,0
C03783,0,0.49953207,0.000307897,0,0
C07944,0,0.547129402,7.84E-05,0,0
C04737,0,0.487673931,0.000272427,0,0
C05173,0,0.545723079,0.000214568,0,0
C06201,0,0.520258168,0.000131974,0,0
C03293,0,0.549775045,0.000467872,0,0
C07666,0,0.508091908,0.000158384,0,0
C02740,0,0.561332652,3.71E-05,0,0
C01759,0,0.531510542,6.71E-05,0,0
C06742,0,0.545667227,2.40E-05,0,0
C01645,0,0.536254679,0.000235019,0,0
C07198,0,0.490173441,0.000130941,0,0
C07987,0,0.573812878,0.000402746,0,0
C02432,0,0.571622467,0.000416583,0,0
C03008,0,0.548232687,2.66E-05,0,0
C04491,0,0.544566849,7.69E-05,0,0
C05517,0,0.52388888,8.83E-05,0,0
C06579,0,0.545249578,8.48E-05,0,0
C06972,0,0.54384333,0.000359,0,0
C06979,0,0.57450218,0.000404867,0,0
C01497,0,0.563550167,0.000391829,0,0
C03619,0,0.560155298,0.00025882,0,0
C05924,0,0.520258557,5.65E-05,0,0
C03271,0,0.486265277,0.000269581,0,0
C04747,0,0.51263316,4.02E-05,0,0
C06886,0,0.511447267,0.000225878,0,0
C04931,0,0.560614374,0.000238657,0,0
C03961,0,0.518854662,0.000186529,0,0
C07391,0,0.530162939,0.00054363,0,0
C01493,0,0.546651267,6.48E-05,0,0
C03227,0,0.528536065,0.000273821,0,0
C05475,0,0.538964107,3.91E-05,0,0
C06285,0,0.576801653,0.000448387,0,0
C03531,0,0.571574709,0.000168943,0,0
C04220,0,0.574042678,0.000403452,0,0
C05177,0,0.544088262,6.35E-05,0,0
C01395,0,0.531279064,1.32E-05,0,0
C03491,0,0.543943256,3.77E-05,0,0
C05340,0,0.538476489,0.000344834,0,0
C07915,0,0.526700881,9.02E-05,0,0
C03629,0,0.582102847,0.000322596,0,0
C06531,0,0.554859031,0.000123637,0,0
C02982,0,0.51886655,3.29E-05,0,0
C07509,0,0.552316202,2.14E-05,0,0
C07490,0,0.548284523,0.00021874,0,0
C04182,0,0.545659387,0.000147639,0,0
C06627,0,0.551895707,4.84E-05,0,0
C06788,0,0.496730366,0.000227744,0,0
C06995,0,0.513470295,3.91E-05,0,0
C07752,0,0.551426879,6.38E-05,0,0
C06427,0,0.481898787,4.20E-05,0,0
C07543,0,0.566313956,0.000486833,0,0
C07917,0,0.573773024,0.000134239,0,0
C05169,0,0.569728837,0.000153077,0,0
C01393,0,0.536152937,0.000235832,0,0
C03287,0,0.499767005,0.000308437,0,0
C05316,0,0.552231003,8.24E-05,0,0
C03164,0,0.498628294,0.000112975,0,0
C06322,0,0.520274002,3.33E-05,0,0
C07147,0,0.574921727,0.00013542,0,0
C03201,0,0.560382878,0.000238239,0,0
C02431,0,0.543611164,0.000469853,0,0
C01336,0,0.560151356,0.000237822,0,0
C02063,0,0.511428681,0.00016481,0,0
C02905,0,0.550472768,0.000470335,0,0
C07327,0,0.548734646,0.000372442,0,0
C02656,0,0.527599285,0.000271911,0,0
C05120,0,0.525530859,7.97E-05,0,0
C07546,0,0.505589113,4.71E-05,0,0
C04882,0,0.5168464,0.000235159,0,0
C05903,0,0.531586809,4.73E-05,0,0
C07199,0,0.505334164,7.79E-05,0,0
C05071,0,0.544787501,6.39E-05,0,0
C02174,0,0.518787199,0.000134036,0,0
C07793,0,0.535693357,3.81E-05,0,0
C06436,0,0.552568689,0.000519978,0,0
C07535,0,0.545703755,0.000482035,0,0
C01447,0,0.553794413,8.23E-05,0,0
C05217,0,0.531744537,6.73E-05,0,0
C06015,0,0.574232601,0.00013471,0,0
C07122,0,0.55167391,0.000310684,0,0
C04142,0,0.522761404,0.000285919,0,0
C04269,0,0.541981555,7.61E-05,0,0
C07914,0,0.578772521,1.47E-05,0,0
C03776,0,0.527861639,0.000459225,0,0
C04741,0,0.538960465,0.000251752,0,0
C05251,0,0.511881812,0.000287074,0,0
C01283,0,0.548820205,0.000312243,0,0
C03640,0,0.510023822,0.000497218,0,0
C03160,0,0.529714391,4.67E-05,0,0
C05613,0,0.561771456,0.000240755,0,0
C06797,0,0.568854948,0.000540104,0,0
C02475,0,0.541261392,0.000611172,0,0
C02267,0,0.590663178,0.000269215,0,0
C04794,0,0.541041431,0.000423508,0,0
C06605,0,0.509080321,0.000161949,0,0
C03447,0,0.565394447,0.00052611,0,0
C04534,0,0.579353228,0.000290263,0,0
C02871,0,0.496260519,0.000226948,0,0
C02893,0,0.539411503,0.000455281,0,0
C05296,0,0.537201735,0.000158006,0,0
C07216,0,0.518083351,0.000133334,0,0
C04214,0,0.542174372,2.54E-05,0,0
C06984,0,0.526741507,0.00027066,0,0
C03031,0,0.4934456,0.000241852,0,0
C05204,0,0.500018415,0.000256516,0,0
C03816,0,0.553595598,0.000232413,0,0
C02219,0,0.524963057,3.45E-05,0,0
C02913,0,0.536386636,0.000236245,0,0
C01634,0,0.495870078,0.000127286,0,0
C03691,0,0.57450218,0.000404867,0,0
C05626,0,0.528309731,1.90E-05,0,0
C07797,0,0.548513725,6.57E-05,0,0
C01267,0,0.531797188,0.000505694,0,0
C04400,0,0.532720789,3.95E-05,0,0
C05686,0,0.521382523,2.31E-05,0,0
C02119,0,0.527868072,8.36E-05,0,0
C04523,0,0.507699156,4.40E-05,0,0
C05605,0,0.512147728,0.000158979,0,0
C02411,0,0.56525918,0.00010487,0,0
C06852,0,0.544803391,0.000142249,0,0
C06599,0,0.533113684,0.000221421,0,0
C06515,0,0.584514672,0.000256786,0,0
C07456,0,0.519316277,7.43E-05,0,0
C04938,0,0.516987046,3.68E-05,0,0
C03598,0,0.531586809,4.73E-05,0,0
C04902,0,0.515565526,0.000127432,0,0
C07065,0,0.527627427,0.000458422,0,0
C05890,0,0.4772629,0.000301677,0,0
C03984,0,0.552797061,0.00047864,0,0
C03671,0,0.52984527,3.65E-05,0,0
C06658,0,0.52236913,5.74E-05,0,0
C03832,0,0.556793893,0.00028291,0,0
C03772,0,0.510520427,0.000149748,0,0
C04612,0,0.570931985,0.000414402,0,0
C05725,0,0.580501784,0.000318667,0,0
C01841,0,0.575308433,9.24E-05,0,0
C06879,0,0.570010912,0.000411511,0,0
C01281,0,0.542918492,8.34E-05,0,0
C05165,0,0.554450763,4.93E-05,0,0
C01525,0,0.550039714,5.19E-05,0,0
C06543,0,0.553701949,0.000323934,0,0
C01425,0,0.53475828,3.79E-05,0,0
C07512,0,0.517912242,0.000129683,0,0
C03061,0,0.551419056,0.000393232,0,0
C04485,0,0.525864502,9.40E-05,0,0
C06455,0,0.527444243,0.000272085,0,0
C07341,0,0.537539177,0.000412534,0,0
C07347,0,0.504410312,4.47E-05,0,0
C02549,0,0.536854228,0.000227711,0,0
C02688,0,0.552071848,0.00029403,0,0
C03354,0,0.557775904,0.000261031,0,0
C03194,0,0.525033791,4.90E-05,0,0
C02140,0,0.568115539,0.000151212,0,0
C05918,0,0.557721311,0.000284898,0,0
C07426,0,0.560501124,0.000290946,0,0
C03874,0,0.512980723,6.45E-05,0,0
C02094,0,0.530654692,5.11E-05,0,0
C02981,0,0.534603973,0.000516427,0,0
C02324,0,0.528102271,8.38E-05,0,0
C03929,0,0.533664508,0.000242395,0,0
C01913,0,0.499098162,0.000113372,0,0
C02284,0,0.567006235,0.000489396,0,0
C01936,0,0.551899663,5.26E-05,0,0
C03726,0,0.547321701,0.000639621,0,0
C06727,0,0.538259862,0.000250433,0,0
C07040,0,0.53622805,4.06E-05,0,0
C03460,0,0.544859726,2.69E-05,0,0
C06698,0,0.531590792,5.15E-05,0,0
C07657,0,0.539178019,0.000454485,0,0
C06289,0,0.490715891,3.50E-05,0,0
C07093,0,0.538489196,0.000239997,0,0
C01809,0,0.568854948,0.000540104,0,0
C04215,0,0.529690767,0.000497791,0,0
C03980,0,0.570467572,0.000546761,0,0
C01964,0,0.51274994,7.00E-05,0,0
C03566,0,0.482133419,4.21E-05,0,0
C06162,0,0.544522301,0.000575533,0,0
C06573,0,0.517081065,0.000235571,0,0
C07294,0,0.536854228,0.000227711,0,0
C04362,0,0.514154534,6.50E-05,0,0
C05862,0,0.52143475,0.000190156,0,0
C05871,0,0.579815093,0.000316998,0,0
C02144,0,0.512159581,3.68E-05,0,0
C01842,0,0.532503062,0.000553228,0,0
C02954,0,0.514703353,3.67E-05,0,0
C02058,0,0.493753263,6.46E-05,0,0
C03390,0,0.505349963,4.50E-05,0,0
C03481,0,0.583140797,0.000233488,0,0
C05846,0,0.528770229,0.000274301,0,0
C07080,0,0.534821577,3.69E-05,0,0
C05580,0,0.556384664,0.000258304,0,0
C04473,0,0.548170423,6.23E-05,0,0
C06315,0,0.546883716,0.000198893,0,0
C07819,0,0.574458432,0.000123997,0,0
C05917,0,0.57381679,0.0004383,0,0
C06923,0,0.530162939,0.00054363,0,0
C05638,0,0.566420758,4.20E-05,0,0
C01286,0,0.537660565,0.00025847,0,0
C06033,0,0.520238099,9.01E-05,0,0
C07071,0,0.555641874,4.55E-05,0,0
C01367,0,0.531654142,5.02E-05,0,0
C03552,0,0.530622981,0.000236941,0,0
C06869,0,0.577212794,0.00012663,0,0
C04642,0,0.569315866,0.000376149,0,0
C02972,0,0.558302191,0.000255221,0,0
C04547,0,0.497909007,0.000250032,0,0
C06772,0,0.551142118,0.000291978,0,0
C06695,0,0.52458804,8.16E-05,0,0
C04714,0,0.556317784,0.000321754,0,0
C05550,0,0.532288739,4.76E-05,0,0
C06260,0,0.566317903,0.000367686,0,0
C07280,0,0.500345616,3.05E-05,0,0
C05346,0,0.545601028,0.000376395,0,0
C06607,0,0.511902399,0.000504228,0,0
C01488,0,0.542452046,8.31E-05,0,0
C03413,0,0.529745299,9.23E-05,0,0
C04209,0,0.535229829,4.14E-05,0,0
C02684,0,0.542455603,0.000192386,0,0
C02270,0,0.593164484,0.000122123,0,0
C06804,0,0.530110267,7.23E-05,0,0
C07916,0,0.508232251,4.48E-05,0,0
C02036,0,0.556616599,0.000258756,0,0
C05681,0,0.5504969,6.34E-05,0,0
C05906,0,0.513795163,0.00017515,0,0
C06389,0,0.504027716,0.000108074,0,0
C05500,0,0.512738042,0.000396493,0,0
C06019,0,0.538473488,0.000415432,0,0
C01439,0,0.510472906,0.000284075,0,0
C07369,0,0.543621575,0.000194077,0,0
C04072,0,0.542685278,8.32E-05,0,0
C05142,0,0.551906325,0.000311229,0,0
C05190,0,0.524494336,3.44E-05,0,0
C05479,0,0.52810372,7.47E-05,0,0
C03381,0,0.555983527,0.000250792,0,0
C05584,0,0.485419038,4.31E-05,0,0
C07993,0,0.566087086,0.000367043,0,0
C03581,0,0.483072022,4.24E-05,0,0
C07938,0,0.5454584,0.00063073,0,0
C03020,0,0.520654985,0.000212558,0,0
C01565,0,0.557771958,0.000239854,0,0
C02476,0,0.485111592,0.000161367,0,0
C04144,0,0.575428633,0.000335108,0,0
C07755,0,0.505334164,7.79E-05,0,0
C03988,0,0.532887401,3.73E-05,0,0
C07200,0,0.522757414,0.000262723,0,0
C02796,0,0.54293838,0.000140271,0,0
C06690,0,0.502152307,0.000115982,0,0
C04529,0,0.563777359,0.000360675,0,0
C02722,0,0.52143475,0.000190156,0,0
C04653,0,0.531115137,0.000303791,0,0
C04020,0,0.580726717,0.000293328,0,0
C06416,0,0.570139677,0.000321884,0,0
C07136,0,0.533045996,0.000287154,0,0
C07960,0,0.507432207,0.00021183,0,0
C06074,0,0.570693906,0.000503294,0,0
C06790,0,0.587474597,0.000241385,0,0
C05775,0,0.545201236,2.39E-05,0,0
C03309,0,0.513154564,0.000128521,0,0
C07829,0,0.491578341,0.000126587,0,0
C01966,0,0.553754209,4.90E-05,0,0
C04861,0,0.569732758,0.000166593,0,0
C02700,0,0.504414555,4.67E-05,0,0
C05940,0,0.548220893,0.00015051,0,0
C02024,0,0.541538828,0.000138805,0,0
C03217,0,0.501650481,0.000340401,0,0
C04262,0,0.567884949,0.000150947,0,0
C03191,0,0.574510019,0.00033277,0,0
C07300,0,0.559692176,0.000257916,0,0
C04156,0,0.549109211,5.15E-05,0,0
C03412,0,0.55561786,0.000294103,0,0
C04040,0,0.556515043,0.000535681,0,0
C06525,0,0.527579177,0.00023161,0,0
C01838,0,0.57092413,0.000504176,0,0
C06409,0,0.547988132,0.000150246,0,0
C05987,0,0.513389334,0.000128746,0,0
C07242,0,0.572034889,0.000169536,0,0
C01413,0,0.527938378,1.27E-05,0,0
C02540,0,0.576797748,0.000412016,0,0
C07646,0,0.542926018,0.000210107,0,0
C02073,0,0.551194417,6.37E-05,0,0
C06016,0,0.529948695,1.92E-05,0,0
C06647,0,0.556844563,0.00023818,0,0
C05978,0,0.531198487,4.38E-05,0,0
C07679,0,0.508865606,0.000273506,0,0
C06773,0,0.524490347,3.16E-05,0,0
C07230,0,0.536141196,0.000444261,0,0
C04321,0,0.518136351,0.00041278,0,0
C05925,0,0.550039714,5.19E-05,0,0
C07011,0,0.584054268,0.000235129,0,0
C05521,0,0.529543662,4.54E-05,0,0
C06904,0,0.535222204,0.000244798,0,0
C04432,0,0.520027562,0.000188169,0,0
C02049,0,0.549105251,4.74E-05,0,0
C05095,0,0.570880288,0.000154422,0,0
C05894,0,0.471188316,0.00021774,0,0
C03302,0,0.525367672,2.38E-05,0,0
C06667,0,0.55625124,0.000124943,0,0
C04672,0,0.524692828,9.31E-05,0,0
C06668,0,0.541844402,3.71E-05,0,0
C04034,0,0.540593057,0.000206461,0,0
C07761,0,0.538243911,0.000451314,0,0
C06279,0,0.553053472,6.46E-05,0,0
C06383,0,0.523902777,6.01E-05,0,0
C07397,0,0.570131818,0.000391624,0,0
C07503,0,0.582230645,0.00025233,0,0
C06202,0,0.5313251,0.000165289,0,0
C07950,0,0.545956039,0.000214944,0,0
C03639,0,0.552103966,0.000518161,0,0
C03670,0,0.5379789,4.61E-05,0,0
C01446,0,0.513572803,0.000153196,0,0
C03457,0,0.549077127,0.000465422,0,0
C07148,0,0.542657105,0.000567532,0,0
C04226,0,0.560088672,0.000244089,0,0
C01465,0,0.541041431,0.000423508,0,0
C04306,0,0.516210076,0.00014309,0,0
C05412,0,0.534239558,4.48E-05,0,0
C04957,0,0.55717889,0.000125821,0,0
C01541,0,0.565167465,0.000396659,0,0
C04750,0,0.545936717,0.00048288,0,0
C02251,0,0.589067887,0.000244361,0,0
C04813,0,0.577523904,0.000311497,0,0
C07760,0,0.46499013,0.000147585,0,0
C05147,0,0.560618314,0.000259728,0,0
C02965,0,0.528536065,0.000273821,0,0
C01768,0,0.538971297,0.000136157,0,0
C02544,0,0.520723628,7.51E-05,0,0
C03892,0,0.568393928,0.000538217,0,0
C05750,0,0.535923443,0.000246087,0,0
C05961,0,0.523993683,0.00010084,0,0
C06286,0,0.489174004,3.59E-05,0,0
C04676,0,0.504880386,4.31E-05,0,0
C07836,0,0.55161901,2.13E-05,0,0
C01335,0,0.542456034,6.27E-05,0,0
C03462,0,0.5784105,0.000342821,0,0
C05271,0,0.531046493,7.28E-05,0,0
C03361,0,0.552825125,7.02E-05,0,0
C00336,0,0.537158753,3.75E-05,0,0
C07691,0,0.55355267,4.48E-05,0,0
C01704,0,0.523322346,3.41E-05,0,0
C01767,0,0.556047177,0.000490513,0,0
C05126,0,0.531333173,0.000548408,0,0
C02673,0,0.513333494,3.72E-05,0,0
C05576,0,0.53616478,4.16E-05,0,0
C05098,0,0.541745378,0.00046332,0,0
C04098,0,0.547937658,6.22E-05,0,0
C02202,0,0.496378592,0.000130646,0,0
C05565,0,0.531567178,0.000549368,0,0
C07088,0,0.488143527,0.000273383,0,0
C04829,0,0.572893363,0.000399936,0,0
C06337,0,0.536853986,0.000237074,0,0
C01921,0,0.541989514,6.25E-05,0,0
C03182,0,0.5114082,0.000262862,0,0
C05826,0,0.580272921,0.00031811,0,0
C07687,0,0.533644538,0.000225394,0,0
C03268,0,0.559838484,5.07E-05,0,0
C05034,0,0.498613804,0.000251348,0,0
C05241,0,0.536240265,0.000522793,0,0
C07034,0,0.586107459,0.000238862,0,0
C01806,0,0.535451987,0.000225332,0,0
C05083,0,0.579815093,0.000316998,0,0
C06816,0,0.537321271,0.000237905,0,0
C06549,0,0.504907158,8.15E-05,0,0
C01817,0,0.569271966,0.000166011,0,0
C01502,0,0.526967632,4.45E-05,0,0
C02864,0,0.49563516,0.000127063,0,0
C04887,0,0.576338896,0.000410576,0,0
C05868,0,0.559806519,0.000289422,0,0
C01823,0,0.529242504,0.000299566,0,0
C04563,0,0.545719113,0.000197159,0,0
C05875,0,0.53180117,0.000550331,0,0
C07734,0,0.538493414,0.000250872,0,0
C07236,0,0.534837776,0.000517332,0,0
C04253,0,0.580497888,0.000292815,0,0
C04800,0,0.544554441,6.37E-05,0,0
C03295,0,0.574272445,0.000404159,0,0
C02336,0,0.537890184,0.000237916,0,0
C06910,0,0.552364426,5.28E-05,0,0
C01959,0,0.549813788,0.000306364,0,0
C07578,0,0.536593016,1.10E-05,0,0
C04790,0,0.494738175,0.000140451,0,0
C06602,0,0.570135756,0.000295771,0,0
C04588,0,0.525732791,4.53E-05,0,0
C04956,0,0.570003052,0.000500659,0,0
C05816,0,0.55444295,0.000303822,0,0
C07471,0,0.529690767,0.000497791,0,0
C06374,0,0.520039996,0.000125624,0,0
C03563,0,0.504175638,4.29E-05,0,0
C04435,0,0.584054268,0.000235129,0,0
C05328,0,0.51188613,3.60E-05,0,0
C01790,0,0.509031373,0.000159497,0,0
C03828,0,0.57128692,0.000429942,0,0
C01306,0,0.488394126,0.000158201,0,0
C02869,0,0.539027324,3.81E-05,0,0
C04886,0,0.556081868,0.000295134,0,0
C01652,0,0.587706199,0.000263157,0,0
C02506,0,0.537543153,0.000448951,0,0
C05692,0,0.526102791,0.000102442,0,0
C02001,0,0.530186561,5.10E-05,0,0
C04134,0,0.545502449,0.000142998,0,0
C06271,0,0.529238275,0.000286581,0,0
C07744,0,0.565625349,0.000527031,0,0
C01654,0,0.493324767,0.000127706,0,0
C02788,0,0.506966451,0.000159417,0,0
C04135,0,0.524240518,7.71E-05,0,0
C00488,0,0.513919784,6.49E-05,0,0
C03258,0,0.535923443,0.000246087,0,0
C04908,0,0.554461369,0.000317279,0,0
C03760,0,0.585427273,0.000258591,0,0
C05210,0,0.510051762,4.87E-05,0,0
C05415,0,0.508407777,4.81E-05,0,0
C04131,0,0.511041388,0.000126512,0,0
C05188,0,0.55841661,0.000286398,0,0
C06272,0,0.49649944,0.000247419,0,0
C05860,0,0.538828369,0.000260742,0,0
C06368,0,0.528467379,6.56E-05,0,0
C01698,0,0.508565646,0.000172974,0,0
C02517,0,0.541048292,7.55E-05,0,0
C04475,0,0.510648723,3.51E-05,0,0
C05945,0,0.521124036,0.000213303,0,0
C07922,0,0.474116824,0.000128006,0,0
C04292,0,0.591348991,0.000120425,0,0
C05882,0,0.569085413,0.00054105,0,0
C01543,0,0.50767521,0.000488591,0,0
C01796,0,0.568858889,0.000407925,0,0
C01308,0,0.547349414,0.00019959,0,0
C01783,0,0.543858681,0.000211584,0,0
C06339,0,0.544317376,8.43E-05,0,0
C07324,0,0.541703837,2.33E-05,0,0
C03095,0,0.546824016,0.000148937,0,0
C02851,0,0.55462671,0.000299747,0,0
C03573,0,0.512296399,3.87E-05,0,0
C06878,0,0.50697846,7.89E-05,0,0
C03698,0,0.554170416,2.00E-05,0,0
C07058,0,0.494707366,2.92E-05,0,0
C07722,0,0.54502011,0.000196126,0,0
C05427,0,0.524561087,4.49E-05,0,0
C03050,0,0.545245611,7.80E-05,0,0
C07909,0,0.561940165,0.000247532,0,0
C02743,0,0.534949066,5.10E-05,0,0
C05921,0,0.546855998,0.000637387,0,0
C06384,0,0.55592072,0.000257401,0,0
C07904,0,0.555787065,0.000302382,0,0
C02990,0,0.503673724,0.000205979,0,0
C03320,0,0.510740224,8.83E-05,0,0
C01256,0,0.55717889,0.000125821,0,0
C05729,0,0.485577063,0.000148794,0,0
C07272,0,0.523699135,0.000199808,0,0
C01941,0,0.558656123,4.66E-05,0,0
C04502,0,0.529940856,0.000276713,0,0
C06233,0,0.553053472,6.46E-05,0,0
C01265,0,0.51263316,4.02E-05,0,0
C01788,0,0.510023822,0.000497218,0,0
C04853,0,0.53347881,0.000478926,0,0
C01529,0,0.52900438,0.000274782,0,0
C06581,0,0.568023888,0.000240685,0,0
C04508,0,0.489596691,0.000258455,0,0
C03546,0,0.526462622,8.27E-05,0,0
C05933,0,0.537539177,0.000412534,0,0
C06274,0,0.544272986,2.58E-05,0,0
C01421,0,0.592030096,0.000121059,0,0
C02492,0,0.51954396,0.000417138,0,0
C05488,0,0.524963057,3.45E-05,0,0
C01915,0,0.534949022,6.69E-05,0,0
C05196,0,0.513154564,0.000128521,0,0
C05109,0,0.506747567,8.57E-05,0,0
C05526,0,0.515789706,0.000405618,0,0
C02760,0,0.553566139,8.94E-05,0,0
C05839,0,0.519025791,0.000146128,0,0
C02566,0,0.587702323,0.000241808,0,0
C07918,0,0.552103966,0.000518161,0,0
C03127,0,0.544084276,8.41E-05,0,0
C04403,0,0.536271045,0.000170758,0,0
C02708,0,0.542677448,0.000355872,0,0
C07626,0,0.547554522,0.000640742,0,0
C07706,0,0.557733057,5.03E-05,0,0
C02072,0,0.549746855,0.000288928,0,0
C05617,0,0.535071457,0.000184994,0,0
C06385,0,0.52633708,0.000102621,0,0
C07921,0,0.512996758,3.58E-05,0,0
C07603,0,0.502383238,0.000106758,0,0
C02853,0,0.530857046,0.000164711,0,0
C05648,0,0.585195295,0.000237196,0,0
C06248,0,0.50705785,4.44E-05,0,0
C06639,0,0.506551488,8.25E-05,0,0
C07016,0,0.55143481,5.24E-05,0,0
C06987,0,0.553518006,6.48E-05,0,0
C01650,0,0.493676498,0.00022262,0,0
C02964,0,0.50144751,0.000115374,0,0
C03441,0,0.480311553,0.000308621,0,0
C05964,0,0.510178812,3.65E-05,0,0
C06505,0,0.570596321,0.000296809,0,0
C06376,0,0.506528716,4.75E-05,0,0
C05478,0,0.506985086,0.00016648,0,0
C02900,0,0.565493441,3.83E-05,0,0
C03950,0,0.52929495,4.72E-05,0,0
C07248,0,0.571388402,0.000550602,0,0
C03452,0,0.553760865,0.000290013,0,0
C01494,0,0.465223921,0.000147844,0,0
C04681,0,0.508232251,4.48E-05,0,0
C06068,0,0.558066492,0.000234105,0,0
C01787,0,0.538127737,0.000259376,0,0
C04336,0,0.512386474,0.000227466,0,0
C07844,0,0.546386248,0.000583647,0,0
C03797,0,0.532590004,5.05E-05,0,0
C05279,0,0.574965481,0.000306847,0,0
C05426,0,0.570797007,2.35E-05,0,0
C03394,0,0.5472432,6.73E-05,0,0
C02884,0,0.562469319,0.000263391,0,0
C05534,0,0.549514235,0.000288422,0,0
C07208,0,0.567471553,0.000370919,0,0
C07799,0,0.596062261,5.07E-05,0,0
C03599,0,0.562175418,0.000269859,0,0
C06636,0,0.500022433,0.000193726,0,0
C05462,0,0.574276374,0.000305239,0,0
C06685,0,0.562234101,0.000241599,0,0
C02089,0,0.536722047,0.000235843,0,0
C04854,0,0.576109421,0.000409858,0,0
C01528,0,0.55347773,2.16E-05,0,0
C04866,0,0.531982501,7.33E-05,0,0
C05806,0,0.521200241,0.000189823,0,0
C02224,0,0.543839344,0.000475333,0,0
C03974,0,0.519786426,6.78E-05,0,0
C05254,0,0.501197107,0.000195429,0,0
C06497,0,0.546623116,0.000636272,0,0
C02199,0,0.518834633,9.70E-05,0,0
C06494,0,0.587022911,0.000261779,0,0
C05319,0,0.51947819,0.000278997,0,0
C07611,0,0.552544599,1.97E-05,0,0
C01826,0,0.539874446,0.000419818,0,0
C04500,0,0.551615053,1.96E-05,0,0
C07514,0,0.588616724,0.000265007,0,0
C04566,0,0.51392378,7.06E-05,0,0
C01229,0,0.576576167,0.000338054,0,0
C03982,0,0.553556623,4.88E-05,0,0
C05484,0,0.566779432,0.000531663,0,0
C07253,0,0.503734023,7.20E-05,0,0
C07328,0,0.554450745,7.11E-05,0,0
C04299,0,0.567427608,0.000163702,0,0
C06831,0,0.534754635,0.000243942,0,0
C03387,0,0.537554889,0.000238322,0,0
C06530,0,0.526228339,8.26E-05,0,0
C06608,0,0.559480604,3.66E-05,0,0
C01811,0,0.564221261,7.85E-05,0,0
C03039,0,0.504414555,4.67E-05,0,0
C01596,0,0.570826539,0.000428439,0,0
C06472,0,0.535923443,0.000246087,0,0
C02096,0,0.568727675,2.52E-05,0,0
C03056,0,0.602804775,8.64E-05,0,0
C07980,0,0.561708821,0.000247099,0,0
C05232,0,0.573812878,0.000402746,0,0
C07091,0,0.565266453,4.16E-05,0,0
C04528,0,0.538489438,0.000230519,0,0
C07868,0,0.541396019,0.000265812,0,0
C01695,0,0.558698951,0.000241539,0,0
C06766,0,0.523759283,0.000100664,0,0
C01560,0,0.516142361,0.000233927,0,0
C06478,0,0.529718376,5.08E-05,0,0
C06559,0,0.551198374,6.93E-05,0,0
C04051,0,0.551867615,0.000475301,0,0
C03304,0,0.566087086,0.000367043,0,0
C04150,0,0.521681131,3.36E-05,0,0
C05198,0,0.530437138,0.000468152,0,0
C06963,0,0.563418097,4.10E-05,0,0
C01253,0,0.543384881,5.81E-05,0,0
C05809,0,0.514381378,0.000401381,0,0
C02151,0,0.550039714,5.19E-05,0,0
C05828,0,0.543171573,0.000140517,0,0
C06099,0,0.531087078,0.000218481,0,0
C06741,0,0.570233367,0.000501536,0,0
C06089,0,0.502387237,0.000116185,0,0
C07876,0,0.502116346,0.000313883,0,0
C07898,0,0.544739133,2.59E-05,0,0
C04655,0,0.561567977,4.05E-05,0,0
C05445,0,0.530174699,0.000288595,0,0
C02615,0,0.520412443,0.000258164,0,0
C02928,0,0.513076342,0.00050866,0,0
C03904,0,0.520035455,3.05E-05,0,0
C02086,0,0.528095839,0.000460029,0,0
C03997,0,0.538940542,0.000416889,0,0
C06044,0,0.485170901,0.000150407,0,0
C03446,0,0.551639153,0.000516351,0,0
C03505,0,0.538944517,0.00045369,0,0
C01829,0,0.524716826,0.000194874,0,0
C07075,0,0.513231288,3.73E-05,0,0
C03672,0,0.490260952,0.000302244,0,0
C04733,0,0.516270986,7.19E-05,0,0
C01603,0,0.509803508,0.000170014,0,0
C06969,0,0.578666022,0.000288743,0,0
C01722,0,0.513235528,3.90E-05,0,0
C03761,0,0.531563195,0.00050481,0,0
C01801,0,0.549518195,0.000313887,0,0
C03400,0,0.515816622,0.000121726,0,0
C03407,0,0.526959749,0.000274378,0,0
C02385,0,0.577948216,0.000313909,0,0
C07838,0,0.56078712,0.000267039,0,0
C04841,0,0.556337841,4.57E-05,0,0
C03173,0,0.545486563,6.42E-05,0,0
C07261,0,0.512761978,3.57E-05,0,0
C06512,0,0.486592794,4.35E-05,0,0
C07410,0,0.57662337,9.58E-05,0,0
C07897,0,0.558200629,6.89E-05,0,0
C07962,0,0.577520001,0.000286227,0,0
C05007,0,0.546153325,0.000582627,0,0
C03495,0,0.545193395,0.000147123,0,0
C06638,0,0.534618394,0.000232156,0,0
C07597,0,0.574050518,0.000331607,0,0
C02252,0,0.505508103,0.000155363,0,0
C03004,0,0.576299104,0.00013685,0,0
C02948,0,0.500973643,0.000105642,0,0
C04046,0,0.523460714,0.000264107,0,0
C02621,0,0.550969867,5.23E-05,0,0
C02657,0,0.534049185,0.000222977,0,0
C04780,0,0.568167317,0.000405788,0,0
C04864,0,0.49978348,0.000256067,0,0
C02048,0,0.568719936,0.000107661,0,0
C02465,0,0.54432093,0.000195099,0,0
C04558,0,0.531345172,0.000279634,0,0
C04757,0,0.563414162,3.77E-05,0,0
C02585,0,0.547128918,0.000133016,0,0
C02706,0,0.552540532,0.000321111,0,0
C04174,0,0.535791225,0.000254875,0,0
C07659,0,0.525761188,7.34E-05,0,0
C05273,0,0.568115539,0.000151212,0,0
C01566,0,0.535336122,0.000169566,0,0
C06326,0,0.553233498,0.000296615,0,0
C01945,0,0.530857028,0.000237356,0,0
C03690,0,0.587246834,0.000240962,0,0
C05761,0,0.532990746,1.97E-05,0,0
C01346,0,0.567702177,0.000535398,0,0
C05018,0,0.563767404,4.80E-05,0,0
C05778,0,0.574280284,0.000332188,0,0
C06187,0,0.536153179,0.000226518,0,0
C01758,0,0.557540147,0.000239434,0,0
C01289,0,0.532035148,0.000551295,0,0
C04054,0,0.545968388,0.0001435,0,0
C01259,0,0.546125299,0.000148157,0,0
C07387,0,0.545482579,8.50E-05,0,0
C05317,0,0.545257097,0.000213818,0,0
C04358,0,0.577031046,0.000311719,0,0
C02732,0,0.519943338,0.000257262,0,0
C06514,0,0.535059344,4.02E-05,0,0
C02629,0,0.538956248,0.000240839,0,0
C04860,0,0.511675496,8.17E-05,0,0
C05473,0,0.533683037,0.000230536,0,0
C05929,0,0.544968211,2.38E-05,0,0
C04585,0,0.498608807,0.000253836,0,0
C06064,0,0.55939787,0.000264249,0,0
C07158,0,0.551430853,4.82E-05,0,0
C02839,0,0.559629477,0.000264712,0,0
C03740,0,0.520039448,3.32E-05,0,0
C06891,0,0.548879241,0.000279545,0,0
C07746,0,0.536258657,0.000255769,0,0
C04708,0,0.553285751,6.47E-05,0,0
C02910,0,0.567343685,4.23E-05,0,0
C02821,0,0.510038351,0.000170312,0,0
C01896,0,0.548828239,2.09E-05,0,0
C01547,0,0.492282963,0.000127254,0,0
C05699,0,0.536917244,0.000230987,0,0
C01786,0,0.531420141,5.01E-05,0,0
C02560,0,0.554450763,4.93E-05,0,0
C02381,0,0.542688835,0.000192723,0,0
C03212,0,0.530384936,0.000217337,0,0
C06475,0,0.548926878,2.45E-05,0,0
C02751,0,0.534048943,0.000232145,0,0
C07638,0,0.496586704,2.97E-05,0,0
C02922,0,0.478701679,0.000103507,0,0
C06696,0,0.573309406,0.000122916,0,0
C07622,0,0.552332384,0.000476967,0,0
C03947,0,0.571056745,0.00042919,0,0
C03088,0,0.51440531,3.61E-05,0,0
C07270,0,0.529480279,4.66E-05,0,0
C01998,0,0.572897295,0.00030205,0,0
C06554,0,0.552776928,1.97E-05,0,0
C04024,0,0.488629181,0.000152219,0,0
C02091,0,0.539890147,0.000242531,0,0
C03489,0,0.540925361,0.000243393,0,0
C06348,0,0.513807014,4.06E-05,0,0
C06592,0,0.546153325,0.000582627,0,0
C02569,0,0.531111153,0.000279145,0,0
C06165,0,0.531654142,5.02E-05,0,0
C03338,0,0.577749272,0.000286728,0,0
C01237,0,0.545936717,0.00048288,0,0
C02176,0,0.547550559,0.000588777,0,0
C06567,0,0.541740415,0.000467904,0,0
C05967,0,0.555645823,4.95E-05,0,0
C07000,0,0.544317394,5.85E-05,0,0
C07064,0,0.529012221,1.91E-05,0,0
C07275,0,0.517442959,0.00012923,0,0
C05195,0,0.507213348,7.90E-05,0,0
C03907,0,0.552308179,0.00032055,0,0
C03626,0,0.567467608,0.000491112,0,0
C02550,0,0.551250179,1.48E-05,0,0
C06270,0,0.513231532,3.58E-05,0,0
C03492,0,0.527142449,4.98E-05,0,0
C07466,0,0.522951201,8.77E-05,0,0
C03821,0,0.529928852,0.000542679,0,0
C02556,0,0.539727758,3.83E-05,0,0
C06318,0,0.539961201,3.83E-05,0,0
C04420,0,0.523699135,0.000199808,0,0
C04955,0,0.535071563,0.000518238,0,0
C05770,0,0.545687418,0.000580591,0,0
C05787,0,0.536152937,0.000235832,0,0
C06244,0,0.567236936,0.000490253,0,0
C02699,0,0.465675579,0.000267391,0,0
C07363,0,0.552780882,2.15E-05,0,0
C01563,0,0.575191193,0.000406998,0,0
C03392,0,0.574739721,0.000333353,0,0
C04111,0,0.575380983,0.000135895,0,0
C06954,0,0.555645823,4.95E-05,0,0
C03249,0,0.505405242,0.000321671,0,0
C03680,0,0.542456034,6.27E-05,0,0
C05220,0,0.511693975,4.00E-05,0,0
C04979,0,0.561249993,0.000267976,0,0
C04193,0,0.535455966,0.000245227,0,0
C05794,0,0.552100011,0.000476133,0,0
C03824,0,0.539660915,0.000253077,0,0
C05128,0,0.561712759,0.000268916,0,0
C05309,0,0.505820019,4.34E-05,0,0
C05631,0,0.520003544,8.99E-05,0,0
C01482,0,0.508630742,0.000273027,0,0
C05552,0,0.547598536,0.000145269,0,0
C01400,0,0.524375561,4.55E-05,0,0
C06641,0,0.547447903,0.000459755,0,0
C07072,0,0.531845223,5.11E-05,0,0
C02524,0,0.528142727,4.89E-05,0,0
C04775,0,0.511614759,6.69E-05,0,0
C01976,0,0.489776508,3.48E-05,0,0
C03159,0,0.575195101,0.000442927,0,0
C04982,0,0.5401986,4.18E-05,0,0
C06041,0,0.556023012,0.000329654,0,0
C03323,0,0.576065716,0.000125526,0,0
C03180,0,0.534587773,3.68E-05,0,0
C04991,0,0.529164086,9.55E-05,0,0
C05065,0,0.520711174,9.84E-05,0,0
C05407,0,0.536929084,4.08E-05,0,0
C03823,0,0.532031166,0.00050658,0,0
C07878,0,0.546598968,2.41E-05,0,0
C04537,0,0.543384863,8.37E-05,0,0
C06250,0,0.546417936,0.000198197,0,0
C06723,0,0.529928852,0.000542679,0,0
C07454,0,0.506711071,0.000253818,0,0
C03251,0,0.579737317,0.000140491,0,0
C02160,0,0.55120235,5.24E-05,0,0
C04452,0,0.546366063,2.41E-05,0,0
C05542,0,0.52880878,9.16E-05,0,0
C07314,0,0.519309379,0.000416409,0,0
C06254,0,0.529238275,0.000286581,0,0
C07087,0,0.547598536,0.000145269,0,0
C02587,0,0.595835977,5.06E-05,0,0
C07117,0,0.527873507,8.11E-05,0,0
C07232,0,0.511916881,0.000226671,0,0
C01453,0,0.554438981,0.000402282,0,0
C07141,0,0.543858681,0.000211584,0,0
C06134,0,0.556821956,4.55E-05,0,0
C03687,0,0.579279328,0.00014,0,0
C06031,0,0.54688768,0.000216454,0,0
C05972,0,0.531329189,0.000503927,0,0
C06982,0,0.537566727,4.21E-05,0,0
C01016,0,0.517460353,4.02E-05,0,0
C07330,0,0.554249285,4.50E-05,0,0
C07116,0,0.496951819,0.00032869,0,0
C05958,0,0.514632148,0.00022311,0,0
C06793,0,0.529714596,1.92E-05,0,0
C07504,0,0.500272838,0.000114368,0,0
C06666,0,0.580044024,0.000317553,0,0
C02416,0,0.533057849,5.07E-05,0,0
C02535,0,0.552564734,0.000477803,0,0
C02642,0,0.511667594,0.000503347,0,0
C07908,0,0.531333173,0.000548408,0,0
C06976,0,0.573361028,0.00032987,0,0
C03999,0,0.555853825,0.000320629,0,0
C04096,0,0.53475828,3.79E-05,0,0
C01456,0,0.575195119,0.000307384,0,0
C01807,0,0.525574034,0.000291989,0,0
C04516,0,0.575879913,0.000409141,0,0
C05654,0,0.556844563,0.00023818,0,0
C05590,0,0.569085413,0.00054105,0,0
C02677,0,0.536504736,0.000171057,0,0
C03767,0,0.546650836,0.000198545,0,0
C07006,0,0.589531003,0.00011875,0,0
C06258,0,0.494636152,0.00013537,0,0
C06887,0,0.532083131,7.69E-05,0,0
C05011,0,0.513323011,9.00E-05,0,0
C05290,0,0.55717889,0.000125821,0,0
C01620,0,0.520977608,3.35E-05,0,0
C02265,0,0.579230661,1.47E-05,0,0
C06370,0,0.537426955,0.000258018,0,0
C07704,0,0.547815029,0.00020029,0,0
C06025,0,0.528047594,0.000232422,0,0
C02582,0,0.487439141,0.000271951,0,0
C03930,0,0.532051128,0.000305925,0,0
C02735,0,0.539178019,0.000454485,0,0
C04470,0,0.529060815,4.71E-05,0,0
C05425,0,0.551374585,0.00029249,0,0
C06269,0,0.490873996,0.00012095,0,0
C01674,0,0.579906014,8.38E-05,0,0
C06020,0,0.558934579,0.000263326,0,0
C05458,0,0.527599285,0.000271911,0,0
C06237,0,0.554638675,2.18E-05,0,0
C07473,0,0.538127737,0.000259376,0,0
C02257,0,0.493210706,0.000241429,0,0
C02522,0,0.530409015,0.000277683,0,0
C03233,0,0.567702195,0.000371568,0,0
C03695,0,0.527861639,0.000459225,0,0
C06296,0,0.513935817,3.60E-05,0,0
C04303,0,0.544088262,6.35E-05,0,0
C04146,0,0.540573698,0.000463828,0,0
C04235,0,0.550500876,4.79E-05,0,0
C02196,0,0.56272057,3.75E-05,0,0
C06054,0,0.551205056,0.000284482,0,0
C05062,0,0.587250711,0.000262238,0,0
C06295,0,0.47294544,0.000126891,0,0
C01417,0,0.531667982,2.36E-05,0,0
C03197,0,0.561067702,1.36E-05,0,0
C04972,0,0.548382976,0.000503853,0,0
C01542,0,0.571205817,4.45E-05,0,0
C03570,0,0.553241517,1.98E-05,0,0
C02538,0,0.555323198,0.000124071,0,0
C03940,0,0.519550857,7.44E-05,0,0
C06755,0,0.558003745,0.000240274,0,0
C02801,0,0.584510787,0.000235953,0,0
C05051,0,0.508828973,0.000280615,0,0
C04673,0,0.528142727,4.89E-05,0,0
C02903,0,0.521911629,3.10E-05,0,0
C02930,0,0.545719113,0.000197159,0,0
C06903,0,0.534789148,7.49E-05,0,0
C05224,0,0.580730612,0.000319225,0,0
C06046,0,0.545478613,7.81E-05,0,0
C07422,0,0.570653978,0.000167764,0,0
C06674,0,0.536711613,0.000570932,0,0
C02108,0,0.546153325,0.000582627,0,0
C01874,0,0.529997278,4.75E-05,0,0
C01937,0,0.535222204,0.000244798,0,0
C07676,0,0.511822806,3.55E-05,0,0
C02567,0,0.581641683,0.000295389,0,0
C04354,0,0.509554132,0.00049548,0,0
C01574,0,0.470837708,0.000124907,0,0
C03731,0,0.505820019,4.34E-05,0,0
C06746,0,0.552100011,0.000476133,0,0
C01342,0,0.571283003,0.000395066,0,0
C06071,0,0.535459611,3.81E-05,0,0
C06212,0,0.504568458,0.000154279,0,0
C01264,0,0.5363945,3.83E-05,0,0
C03763,0,0.514858747,6.54E-05,0,0
C05585,0,0.574458432,0.000123997,0,0
C02187,0,0.556483189,0.000125162,0,0
C05280,0,0.553974633,0.000400876,0,0
C07697,0,0.572849573,0.000122486,0,0
C06926,0,0.543606205,0.000474502,0,0
C04254,0,0.550941764,0.000513647,0,0
C02286,0,0.480780712,0.000309703,0,0
C06319,0,0.552336339,0.000519069,0,0
C02147,0,0.574046607,0.000304705,0,0
C01857,0,0.545723079,0.000214568,0,0
C04701,0,0.543611164,0.000469853,0,0
C07823,0,0.506083145,7.33E-05,0,0
C05172,0,0.510520427,0.000149748,0,0
C05257,0,0.512284501,0.000219238,0,0
C02290,0,0.508629231,0.000168533,0,0
C05299,0,0.537099476,4.19E-05,0,0
C06366,0,0.493755891,0.000125296,0,0
C05077,0,0.506515302,0.000165898,0,0
C02239,0,0.488398366,0.000165371,0,0
C04433,0,0.54432093,0.000195099,0,0
C04103,0,0.527637847,9.08E-05,0,0
C01538,0,0.514626642,0.000126543,0,0
C07068,0,0.540355689,0.000189378,0,0
C02877,0,0.485799769,0.000292357,0,0
C07478,0,0.558302191,0.000255221,0,0
C05441,0,0.550444586,0.000290449,0,0
C02365,0,0.579128092,0.000315338,0,0
C03837,0,0.533070205,4.44E-05,0,0
C03025,0,0.570653978,0.000167764,0,0
C06303,0,0.540557332,0.000558663,0,0
C07970,0,0.573313319,0.00013377,0,0
C05327,0,0.527372699,4.59E-05,0,0
C07442,0,0.520230206,0.000555097,0,0
C04870,0,0.525788342,0.000271987,0,0
C01231,0,0.523083926,3.12E-05,0,0
C01278,0,0.48908278,0.000275304,0,0
C05008,0,0.510521434,4.89E-05,0,0
C03819,0,0.515582925,3.97E-05,0,0
C05248,0,0.560618314,0.000259728,0,0
C07436,0,0.568727675,2.52E-05,0,0
C04872,0,0.532962831,0.000241126,0,0
C05482,0,0.533922428,0.00031024,0,0
C03830,0,0.490934707,6.33E-05,0,0
C05477,0,0.543851176,5.83E-05,0,0
C07077,0,0.52323429,0.000216691,0,0
C01461,0,0.561249993,0.000267976,0,0
C03427,0,0.57312329,0.000400637,0,0
C06311,0,0.534362071,0.000223902,0,0
C01598,0,0.508172906,4.80E-05,0,0
C07721,0,0.551843406,0.000319429,0,0
C04963,0,0.532103538,4.82E-05,0,0
C07385,0,0.508172906,4.80E-05,0,0
C03089,0,0.545490098,0.000214192,0,0
C03751,0,0.512159581,3.68E-05,0,0
C06968,0,0.524357657,8.86E-05,0,0
C02530,0,0.563625318,0.000265707,0,0
C07832,0,0.530393028,0.000500412,0,0
C07564,0,0.579811195,0.000291281,0,0
C02526,0,0.545671193,2.61E-05,0,0
C02491,0,0.490873752,0.000125924,0,0
C06713,0,0.563390239,0.000243723,0,0
C02726,0,0.550976531,0.000309057,0,0
C06937,0,0.531817151,0.00030539,0,0
C02718,0,0.548876532,5.14E-05,0,0
C06547,0,0.542677448,0.000355872,0,0
C04427,0,0.533045996,0.000287154,0,0
C06273,0,0.489552436,0.000276269,0,0
C03126,0,0.488382329,0.000298041,0,0
C03536,0,0.59020481,0.000246509,0,0
C05579,0,0.56097579,5.16E-05,0,0
C02028,0,0.580146531,1.48E-05,0,0
C02034,0,0.527861639,0.000459225,0,0
C06293,0,0.528309526,4.62E-05,0,0
C03455,0,0.523854278,0.000287744,0,0
C07329,0,0.544272986,2.58E-05,0,0
C02672,0,0.533304105,4.45E-05,0,0
C05464,0,0.503005021,4.62E-05,0,0
C02229,0,0.550721603,0.000391172,0,0
C05090,0,0.48299509,0.000151958,0,0
C03103,0,0.492522086,0.000133254,0,0
C05256,0,0.544759331,0.000627427,0,0
C05301,0,0.56719693,0.000163416,0,0
C05900,0,0.557729111,4.62E-05,0,0
C07400,0,0.58382984,0.000255441,0,0
C04061,0,0.575377075,0.000124868,0,0
C06239,0,0.497557224,0.000143433,0,0
C01475,0,0.512863946,3.70E-05,0,0
C03586,0,0.579582229,0.000290772,0,0
C01561,0,0.574692051,0.000135183,0,0
C03398,0,0.540123578,0.000242956,0,0
C01285,0,0.545253131,0.00019647,0,0
C03625,0,0.529968982,0.000466516,0,0
C04576,0,0.553697996,0.000297655,0,0
C02056,0,0.550007641,0.000468692,0,0
C02977,0,0.551607028,0.000293002,0,0
C07695,0,0.522372687,0.000191492,0,0
C01466,0,0.5154507,0.000155356,0,0
C01898,0,0.546169659,0.000483726,0,0
C02880,0,0.54454263,0.00036089,0,0
C04334,0,0.548497953,0.000492266,0,0
C06964,0,0.534700807,0.000148604,0,0
C01326,0,0.511424666,0.00021823,0,0
C04221,0,0.585883354,0.000259498,0,0
C04554,0,0.581645575,0.000321468,0,0
C04834,0,0.568159449,0.000493698,0,0
C02403,0,0.571513147,0.000395758,0,0
C06516,0,0.4990662,0.000333909,0,0
C07217,0,0.557027252,0.000151934,0,0
C06310,0,0.574046607,0.000304705,0,0
C06413,0,0.577749272,0.000286728,0,0
C07718,0,0.563100411,0.000271755,0,0
C02131,0,0.490098857,8.05E-05,0,0
C01274,0,0.508841445,0.000214067,0,0
C05520,0,0.535539091,0.000520055,0,0
C07738,0,0.539019466,0.000234655,0,0
C05973,0,0.587019033,0.000240541,0,0
C03638,0,0.542234717,0.000128214,0,0
C05747,0,0.508701987,4.49E-05,0,0
C07845,0,0.534287004,0.00024309,0,0
C02525,0,0.499301134,0.000334494,0,0
C04904,0,0.542077683,3.71E-05,0,0
C06397,0,0.550709256,0.000512749,0,0
C03052,0,0.535071457,0.000184994,0,0
C07779,0,0.568167317,0.000405788,0,0
C01606,0,0.553798366,8.95E-05,0,0
C05907,0,0.506751707,0.00026923,0,0
C03092,0,0.5532656,0.000522716,0,0
C06966,0,0.538785953,0.000234245,0,0
C01206,0,0.502428052,9.13E-05,0,0
C05510,0,0.538093172,3.78E-05,0,0
C07076,0,0.546544594,6.69E-05,0,0
C05274,0,0.552849497,0.000147221,0,0
C05453,0,0.506293819,4.74E-05,0,0
C02646,0,0.55165547,0.000297506,0,0
C03809,0,0.53716273,4.09E-05,0,0
C06778,0,0.516624168,0.000156722,0,0
C06223,0,0.542926018,0.000210107,0,0
C01518,0,0.505350207,4.32E-05,0,0
C03603,0,0.546185015,0.000197851,0,0
C06489,0,0.518019648,0.000237226,0,0
C01836,0,0.553261647,0.000480318,0,0
C03100,0,0.554398518,0.00032564,0,0
C02704,0,0.544538645,0.000477836,0,0
C02555,0,0.533668507,0.000183061,0,0
C02612,0,0.526593597,6.47E-05,0,0
C02074,0,0.490699851,6.32E-05,0,0
C04852,0,0.525963445,0.000292314,0,0
C07143,0,0.550737362,5.22E-05,0,0
C02080,0,0.521645237,9.10E-05,0,0
C07074,0,0.540826435,0.000206823,0,0
C06110,0,0.539762305,0.000262574,0,0
C07771,0,0.510238071,0.000283578,0,0
C04406,0,0.509713369,3.80E-05,0,0
C04746,0,0.525788342,0.000271987,0,0
C05249,0,0.511814904,0.000218472,0,0
C05474,0,0.5190857,5.60E-05,0,0
C01847,0,0.528289881,0.000536072,0,0
C07172,0,0.55538582,0.000293589,0,0
C02061,0,0.527833256,0.000283587,0,0
C01531,0,0.576160562,8.77E-05,0,0
C02118,0,0.536258657,0.000255769,0,0
C03034,0,0.564932557,0.000524271,0,0
C06464,0,0.551142321,0.000120222,0,0
C01404,0,0.548587498,0.000311696,0,0
C04050,0,0.485815802,0.000162216,0,0
C06876,0,0.532986894,0.000308075,0,0
C04692,0,0.516273613,0.000139416,0,0
C05450,0,0.530393028,0.000500412,0,0
C05660,0,0.52900438,0.000274782,0,0
C03921,0,0.57797851,0.000287231,0,0
C04776,0,0.512351407,0.000288081,0,0
C01942,0,0.550346878,2.68E-05,0,0
C07045,0,0.557489494,0.000284399,0,0
C02405,0,0.536959684,0.000257116,0,0
C02916,0,0.540578663,0.000459283,0,0
C03575,0,0.570884207,0.000168058,0,0
C04126,0,0.533543451,2.60E-05,0,0
C01307,0,0.514041768,4.07E-05,0,0
C04320,0,0.532503062,0.000553228,0,0
C04573,0,0.55939787,0.000264249,0,0
C07306,0,0.55308575,0.000160502,0,0
C07685,0,0.499536069,0.00033508,0,0
C06762,0,0.573404411,8.59E-05,0,0
C01848,0,0.58565145,0.000238028,0,0
C04298,0,0.491915463,0.000126372,0,0
C04205,0,0.487248601,0.00025397,0,0
C05655,0,0.535293116,4.03E-05,0,0
C05857,0,0.517446953,0.000140641,0,0
C06100,0,0.528777866,4.63E-05,0,0
C03939,0,0.574965481,0.000306847,0,0
C02117,0,0.575377075,0.000124868,0,0
C03134,0,0.538473488,0.000415432,0,0
C03916,0,0.567932808,0.000372219,0,0
C03290,0,0.555645823,4.95E-05,0,0
C03553,0,0.515438259,0.000232702,0,0
C07266,0,0.513088239,8.98E-05,0,0
C00946,0,0.557269401,5.01E-05,0,0
C04783,0,0.544550455,8.44E-05,0,0
C01877,0,0.548951004,0.000647505,0,0
C03384,0,0.569444682,0.000294222,0,0
C03414,0,0.575836202,0.000125306,0,0
C02105,0,0.52253096,0.000215556,0,0
C06670,0,0.550444586,0.000290449,0,0
C05838,0,0.486500038,0.000270053,0,0
C06884,0,0.48799994,3.56E-05,0,0
C06952,0,0.514157161,0.000126101,0,0
C03520,0,0.585883354,0.000259498,0,0
C03171,0,0.495790678,0.000226155,0,0
C05069,0,0.504175394,4.46E-05,0,0
C03068,0,0.536240265,0.000522793,0,0
C02008,0,0.529916774,0.000216577,0,0
C06860,0,0.526276945,0.000293527,0,0
C01657,0,0.58278849,0.000324294,0,0
C05033,0,0.520482195,0.000420069,0,0
C01940,0,0.499094163,0.000104173,0,0
C04120,0,0.536858206,0.000247816,0,0
C03378,0,0.5500116,0.000510064,0,0
C02847,0,0.532054776,4.75E-05,0,0
C06870,0,0.534750655,0.000224151,0,0
C01385,0,0.585423391,0.000237611,0,0
C03473,0,0.553701949,0.000323934,0,0
C04431,0,0.523981805,0.00057086,0,0
C03833,0,0.545687418,0.000580591,0,0
C02488,0,0.560151356,0.000237822,0,0
C02652,0,0.533196756,0.00016762,0,0
C05863,0,0.556031022,2.20E-05,0,0
C07069,0,0.515701368,3.75E-05,0,0
C07042,0,0.509768389,0.000282587,0,0
C02826,0,0.530238071,0.000281185,0,0
C02022,0,0.585195295,0.000237196,0,0
C06708,0,0.517582761,4.14E-05,0,0
C02328,0,0.585427273,0.000258591,0,0
C02354,0,0.576528552,0.000137089,0,0
C02664,0,0.536955707,0.000236256,0,0
C03668,0,0.549337909,4.74E-05,0,0
C02320,0,0.520258557,5.65E-05,0,0
C01282,0,0.552540532,0.000321111,0,0
C04609,0,0.545482579,8.50E-05,0,0
C07840,0,0.550035755,4.77E-05,0,0
C07349,0,0.516038923,0.000139172,0,0
C03114,0,0.549795334,0.000293369,0,0
C01515,0,0.555147084,7.14E-05,0,0
C07214,0,0.55714317,0.000252997,0,0
C06410,0,0.520003544,8.99E-05,0,0
C01521,0,0.555091127,0.000123854,0,0
C02811,0,0.553001214,0.000296096,0,0
C02443,0,0.518620057,0.000186203,0,0
C06850,0,0.562931801,0.000264315,0,0
C02676,0,0.55183945,0.000293516,0,0
C07488,0,0.566779432,0.000531663,0,0
C01587,0,0.499973674,7.86E-05,0,0
C04678,0,0.523989693,9.27E-05,0,0
C06372,0,0.564470554,0.000522439,0,0
C05740,0,0.505119296,4.70E-05,0,0
C03253,0,0.519995651,0.000554126,0,0
C06119,0,0.514328353,0.000129651,0,0
C07379,0,0.551847474,1.96E-05,0,0
C01781,0,0.503529911,0.000345201,0,0
C01641,0,0.530627089,0.000501288,0,0
C03119,0,0.529642074,7.21E-05,0,0
C07205,0,0.572897277,0.000435242,0,0
C07967,0,0.567888875,0.000164276,0,0
C04626,0,0.576528552,0.000137089,0,0
C02906,0,0.546647302,5.95E-05,0,0
C01957,0,0.521637346,0.000560956,0,0
C03545,0,0.509094956,0.000155402,0,0
C05650,0,0.55939787,0.000264249,0,0
C06334,0,0.566186026,3.85E-05,0,0
C03273,0,0.510963149,0.000500711,0,0
C05498,0,0.531615167,7.66E-05,0,0
C01334,0,0.574731883,0.000405576,0,0
C04613,0,0.594520564,0.000163417,0,0
C04753,0,0.508642644,4.82E-05,0,0
C04895,0,0.542452064,5.77E-05,0,0
C03815,0,0.569085431,0.000375491,0,0
C04367,0,0.509581066,0.000148703,0,0
C01356,0,0.560406838,3.69E-05,0,0
C02373,0,0.53622805,4.06E-05,0,0
C07981,0,0.576757967,0.00013733,0,0
C02651,0,0.548252858,0.000644114,0,0
C07516,0,0.521681679,0.000127173,0,0
C02166,0,0.55444295,0.000303822,0,0
C02077,0,0.485135799,0.00025,0,0
C07370,0,0.513807014,4.06E-05,0,0
C04013,0,0.562002792,0.000241177,0,0
C02222,0,0.52464067,0.000218979,0,0
C07419,0,0.49040429,0.000120528,0,0
C05052,0,0.517432436,0.000410619,0,0
C05601,0,0.543593824,0.000621961,0,0
C07221,0,0.543400779,0.000129341,0,0
C05609,0,0.5459407,0.0003647,0,0
C03128,0,0.520743082,3.34E-05,0,0
C03500,0,0.571699441,0.000121419,0,0
C01476,0,0.537426955,0.000258018,0,0
C06291,0,0.553993073,0.000290521,0,0
C06231,0,0.516501675,6.62E-05,0,0
C02360,0,0.572488586,9.28E-05,0,0
C03683,0,0.513090822,0.000228664,0,0
C04899,0,0.528536065,0.000273821,0,0
C06938,0,0.532352077,4.64E-05,0,0
C05688,0,0.528235733,1.29E-05,0,0
C04616,0,0.56433079,0.000234037,0,0
C03602,0,0.531353009,1.94E-05,0,0
C01754,0,0.483464675,0.000146468,0,0
C07212,0,0.577256467,0.00041346,0,0
C05026,0,0.571622467,0.000416583,0,0
C04720,0,0.541281635,7.57E-05,0,0
C02415,0,0.531744537,6.73E-05,0,0
C04314,0,0.517916236,0.000141135,0,0
C03557,0,0.549516546,2.79E-05,0,0
C05285,0,0.52994484,0.000301143,0,0
C02275,0,0.576848867,8.82E-05,0,0
C07715,0,0.543822996,0.000572519,0,0
C07951,0,0.553938227,1.99E-05,0,0
C02276,0,0.533926278,1.98E-05,0,0
C04158,0,0.491890212,3.53E-05,0,0
C07614,0,0.493324767,0.000127706,0,0
C03145,0,0.534607953,0.00056201,0,0
C01635,0,0.554461369,0.000317279,0,0
C06871,0,0.548232687,2.66E-05,0,0
C03967,0,0.562390187,0.000356906,0,0
C02816,0,0.55511905,0.000487091,0,0
C04130,0,0.51440531,3.61E-05,0,0
C01692,0,0.499373912,8.92E-05,0,0
C01341,0,0.520496661,0.000188829,0,0
C02312,0,0.53086512,0.000546492,0,0
C04125,0,0.523747405,0.000569862,0,0
C07778,0,0.554689554,0.000292051,0,0
C07731,0,0.512163578,4.01E-05,0,0
C05503,0,0.547349845,6.51E-05,0,0
C05901,0,0.571052827,0.000394375,0,0
C05239,0,0.509768389,0.000282587,0,0
C01892,0,0.500236876,0.000309518,0,0
C03047,0,0.49120037,0.000304368,0,0
C07463,0,0.502482618,0.000245945,0,0
C02342,0,0.51886655,3.29E-05,0,0
C04002,0,0.519761087,0.000553157,0,0
C06957,0,0.54069199,0.000242967,0,0
C04026,0,0.553760865,0.000290013,0,0
C05835,0,0.566775504,0.00048854,0,0
C04161,0,0.535281271,0.000228173,0,0
C05633,0,0.54082798,0.000255302,0,0
C02448,0,0.566775504,0.00048854,0,0
C02509,0,0.51449936,0.000231078,0,0
C02730,0,0.555351118,0.000487944,0,0
C04539,0,0.507221486,0.000270175,0,0
C01891,0,0.528810229,8.17E-05,0,0
C07775,0,0.533581464,0.000222198,0,0
C07825,0,0.535927087,3.82E-05,0,0
C01301,0,0.537087879,0.00022811,0,0
C05643,0,0.539671744,0.000136874,0,0
C04217,0,0.506686603,0.000170568,0,0
C05850,0,0.527372699,4.59E-05,0,0
C02007,0,0.550046381,0.000306901,0,0
C03533,0,0.516740345,7.21E-05,0,0
C04309,0,0.514029872,0.00023027,0,0
C04451,0,0.467927412,0.000117886,0,0
C05085,0,0.511675496,8.17E-05,0,0
C05593,0,0.508371713,0.000213319,0,0
C06905,0,0.523468712,0.00021707,0,0
C07749,0,0.529508652,7.55E-05,0,0
C04878,0,0.543611164,0.000469853,0,0
C05831,0,0.51065272,3.82E-05,0,0
C06400,0,0.577948216,0.000313909,0,0
C03948,0,0.552075804,0.000319989,0,0
C05046,0,0.478232679,0.000103146,0,0
C03564,0,0.489703761,0.000130484,0,0
C05779,0,0.477060351,0.000102246,0,0
C04618,0,0.532607823,2.58E-05,0,0
C02304,0,0.549570546,4.75E-05,0,0
C02902,0,0.555389769,0.000319509,0,0
C05442,0,0.54871831,0.000646373,0,0
C07558,0,0.525177964,7.76E-05,0,0
C07671,0,0.545008733,0.000362156,0,0
C05485,0,0.512923785,0.000139625,0,0
C03558,0,0.543851158,8.40E-05,0,0
C01700,0,0.51976898,8.98E-05,0,0
C06166,0,0.492858984,0.000138497,0,0
C04466,0,0.53096446,4.37E-05,0,0
C07243,0,0.530888737,5.12E-05,0,0
C01776,0,0.534837776,0.000517332,0,0
C02511,0,0.569089354,0.000408639,0,0
C04234,0,0.529476629,0.000300091,0,0
C05009,0,0.577753174,0.000312043,0,0
C02980,0,0.569909349,0.000321321,0,0
C03324,0,0.544088262,6.35E-05,0,0
C07303,0,0.595383287,5.04E-05,0,0
C05466,0,0.545892353,0.000147898,0,0
C07390,0,0.539528847,0.000262115,0,0
C07741,0,0.523993683,0.00010084,0,0
C04137,0,0.528810229,8.17E-05,0,0
C07641,0,0.545434242,2.39E-05,0,0
C07109,0,0.547084896,0.00058672,0,0
C04513,0,0.540601456,0.000126652,0,0
C06349,0,0.57382072,0.000331027,0,0
C02640,0,0.553742423,0.000400175,0,0
C02756,0,0.53001585,4.96E-05,0,0
C05471,0,0.531353009,1.94E-05,0,0
C06847,0,0.555621809,0.000320069,0,0
C07511,0,0.508857469,8.00E-05,0,0
C04730,0,0.567006235,0.000489396,0,0
C05932,0,0.522853477,3.39E-05,0,0
C07608,0,0.523791174,3.42E-05,0,0
C03528,0,0.495870078,0.000127286,0,0
C07111,0,0.537511708,4.59E-05,0,0
C06784,0,0.533256774,8.44E-05,0,0
C04381,0,0.553754209,4.90E-05,0,0
C05094,0,0.532075257,0.000473923,0,0
C05048,0,0.537511708,4.59E-05,0,0
C06429,0,0.556569782,4.58E-05,0,0
C07505,0,0.577904544,0.000138537,0,0
C07497,0,0.521354537,0.000282932,0,0
C06105,0,0.541120301,0.000238381,0,0
C07195,0,0.495575803,0.000136322,0,0
C03423,0,0.527841137,4.60E-05,0,0
C05856,0,0.569268044,0.000152541,0,0
C03321,0,0.586791196,0.00024012,0,0
C01581,0,0.574965481,0.000306847,0,0
C04004,0,0.549179717,0.000596034,0,0
C06795,0,0.515267271,0.000130562,0,0
C04531,0,0.514272519,3.74E-05,0,0
C02441,0,0.547554522,0.000640742,0,0
C02989,0,0.513572255,4.05E-05,0,0
C06706,0,0.542448076,7.63E-05,0,0
C03973,0,0.504907158,8.15E-05,0,0
C04723,0,0.572034889,0.000169536,0,0
C05977,0,0.532283542,0.000248269,0,0
C05777,0,0.512163578,4.01E-05,0,0
C07066,0,0.492931747,3.69E-05,0,0
C02423,0,0.492283207,0.000122228,0,0
C01448,0,0.501443511,0.000106013,0,0
C01410,0,0.565860171,0.000398748,0,0
C03610,0,0.47260947,0.000122087,0,0
C02300,0,0.531198487,4.38E-05,0,0
C06460,0,0.556023012,0.000329654,0,0
C04961,0,0.516987046,3.68E-05,0,0
C03147,0,0.562724506,4.08E-05,0,0
C06671,0,0.486779048,0.000253082,0,0
C06936,0,0.522554931,2.33E-05,0,0
C02504,0,0.583930515,0.000327145,0,0
C04735,0,0.515813634,3.65E-05,0,0
C06445,0,0.4936755,0.000244674,0,0
C07427,0,0.517442959,0.00012923,0,0
C06789,0,0.474116824,0.000128006,0,0
C07140,0,0.512629163,3.70E-05,0,0
C01789,0,0.544324898,0.000212326,0,0
C02789,0,0.516036296,7.18E-05,0,0
C04874,0,0.488764456,0.000129573,0,0
C06693,0,0.570701762,0.000413677,0,0
C03458,0,0.484622126,0.000266297,0,0
C03942,0,0.482352032,7.59E-05,0,0
C03634,0,0.58278849,0.000324294,0,0
C05858,0,0.576295198,0.000125746,0,0
C05902,0,0.547885291,0.00028491,0,0
C03642,0,0.570653978,0.000167764,0,0
C02307,0,0.53789416,0.000258923,0,0
C04190,0,0.567193004,0.000150157,0,0
C07740,0,0.543847189,7.71E-05,0,0
C05952,0,0.533256774,8.44E-05,0,0
C06764,0,0.517440333,6.66E-05,0,0
C01490,0,0.536734433,0.000157454,0,0
C04890,0,0.546639465,0.00036662,0,0
C05946,0,0.560386819,0.000259274,0,0
C01418,0,0.550937806,0.000471985,0,0
C03506,0,0.573812878,0.000402746,0,0
C07187,0,0.530150861,0.000216957,0,0
C03886,0,0.559625535,0.000243236,0,0
C01770,0,0.520739089,3.07E-05,0,0
C07814,0,0.51662362,4.15E-05,0,0
C02394,0,0.522118199,9.94E-05,0,0
C04858,0,0.514741994,3.76E-05,0,0
C03855,0,0.539427449,0.000252635,0,0
C07295,0,0.568159449,0.000493698,0,0
C07320,0,0.535206238,0.000441161,0,0
C06135,0,0.53100772,0.000226922,0,0
C01495,0,0.572437331,0.000433721,0,0
C05463,0,0.508197128,7.44E-05,0,0
C02779,0,0.532446439,6.76E-05,0,0
C02737,0,0.5784105,0.000342821,0,0
C04742,0,0.534856175,0.000253097,0,0
C03902,0,0.527845124,5.01E-05,0,0
C03569,0,0.522849487,3.12E-05,0,0
C04223,0,0.544791037,0.000213071,0,0
C06544,0,0.531186126,5.00E-05,0,0
C03101,0,0.534140303,0.000560047,0,0
C07946,0,0.540357234,0.00023377,0,0
C04716,0,0.488602381,3.45E-05,0,0
C03118,0,0.558467241,0.000241117,0,0
C02280,0,0.511459166,3.99E-05,0,0
C03708,0,0.570366054,0.00029629,0,0
C03849,0,0.517657528,8.84E-05,0,0
C02643,0,0.549746855,0.000288928,0,0
C06294,0,0.509335321,0.000274465,0,0
C07599,0,0.578211615,0.000313137,0,0
C02318,0,0.462886714,0.000145278,0,0
C05632,0,0.566087068,0.000528879,0,0
C03222,0,0.517614079,0.000132868,0,0
C04756,0,0.499875745,3.04E-05,0,0
C02485,0,0.490098857,8.05E-05,0,0
C07811,0,0.556726866,2.21E-05,0,0
C02436,0,0.478435271,0.000304329,0,0
C06715,0,0.580809393,9.63E-05,0,0
C03196,0,0.541534857,0.000127542,0,0
C05459,0,0.529781755,4.95E-05,0,0
C06252,0,0.558656123,4.66E-05,0,0
C06679,0,0.568580554,0.000165141,0,0
C03426,0,0.552568689,0.000519978,0,0
C07078,0,0.553709966,2.16E-05,0,0
C02033,0,0.53697207,0.000171657,0,0
C02705,0,0.5546829,4.94E-05,0,0
C06665,0,0.517444327,7.25E-05,0,0
C07067,0,0.546777483,6.71E-05,0,0
C03658,0,0.489776508,3.48E-05,0,0
C06483,0,0.491578585,0.000121587,0,0
C04669,0,0.563649239,4.11E-05,0,0
C03567,0,0.525836311,2.39E-05,0,0
C02883,0,0.531559106,0.000165578,0,0
C04450,0,0.559343319,0.00028841,0,0
C03513,0,0.533581221,0.000231334,0,0
C03928,0,0.53084492,3.58E-05,0,0
C02161,0,0.501383283,7.94E-05,0,0
C02263,0,0.508359241,0.000279634,0,0
C04250,0,0.572893363,0.000399936,0,0
C06945,0,0.491666105,0.000280656,0,0
C03544,0,0.550035755,4.77E-05,0,0
C06170,0,0.569732758,0.000166593,0,0
C06676,0,0.515085572,0.000403494,0,0
C03877,0,0.571513147,0.000395758,0,0
C01885,0,0.493210706,0.000241429,0,0
C05883,0,0.491915463,0.000126372,0,0
C06637,0,0.535293116,4.03E-05,0,0
C07949,0,0.567936734,0.000405079,0,0
C02576,0,0.576113345,0.000309544,0,0
C02960,0,0.523524873,0.000100488,0,0
C06278,0,0.510505395,8.81E-05,0,0
C07190,0,0.496102369,6.58E-05,0,0
C03748,0,0.552564734,0.000477803,0,0
C07710,0,0.571699441,0.000121419,0,0
C01331,0,0.509815364,3.94E-05,0,0
C06724,0,0.547671137,2.28E-05,0,0
C04556,0,0.547522548,0.000149721,0,0
C07686,0,0.56701018,0.000369622,0,0
C02653,0,0.561249993,0.000267976,0,0
C03261,0,0.58118427,0.000294357,0,0
C01912,0,0.514968822,0.000231888,0,0
C05300,0,0.555323198,0.000124071,0,0
C03794,0,0.556330036,0.000281921,0,0
C07592,0,0.533668613,0.000512824,0,0
C01968,0,0.520039448,3.32E-05,0,0
C04102,0,0.515096098,0.000126987,0,0
C04830,0,0.566313956,0.000486833,0,0
C06588,0,0.583930515,0.000327145,0,0
C01544,0,0.48352534,7.66E-05,0,0
C02896,0,0.56433079,0.000234037,0,0
C05115,0,0.529769892,0.000280202,0,0
C06761,0,0.530045441,1.34E-05,0,0
C04322,0,0.560324142,0.000266106,0,0
C01981,0,0.544960369,0.000146865,0,0
C01749,0,0.552308179,0.00032055,0,0
C06394,0,0.552536577,0.000295061,0,0
C04035,0,0.567423681,0.00015042,0,0
C03864,0,0.533902369,0.000183382,0,0
C05107,0,0.569271966,0.000166011,0,0
C06818,0,0.521350545,0.000259978,0,0
C02541,0,0.568628395,0.000407211,0,0
C01592,0,0.53260236,4.43E-05,0,0
C05068,0,0.516346313,3.72E-05,0,0
C06355,0,0.532736997,0.000554197,0,0
C06328,0,0.5309171,8.30E-05,0,0
C06792,0,0.552367131,0.000286983,0,0
C02772,0,0.503968944,7.21E-05,0,0
C06616,0,0.50722939,4.38E-05,0,0
C07492,0,0.547317738,0.000587747,0,0
C01644,0,0.502193121,9.11E-05,0,0
C03151,0,0.562030669,4.06E-05,0,0
C06745,0,0.532645602,0.00022972,0,0
C01625,0,0.553300334,0.000314515,0,0
C03732,0,0.530642831,0.000289607,0,0
C07146,0,0.57197726,0.000432205,0,0
C05798,0,0.53158316,0.000304856,0,0
C01711,0,0.574735793,0.000441379,0,0
C03055,0,0.520885505,0.000281943,0,0
C07763,0,0.522757414,0.000262723,0,0
C05635,0,0.574272445,0.000404159,0,0
C03834,0,0.523695127,0.00026457,0,0
C02812,0,0.552336339,0.000519069,0,0
C05402,0,0.507650618,0.000255602,0,0
C07127,0,0.517432436,0.000410619,0,0
C04112,0,0.54502011,0.000196126,0,0
C04495,0,0.492594848,3.55E-05,0,0
C01605,0,0.487454933,0.000157097,0,0
C06204,0,0.510047765,4.48E-05,0,0
C04083,0,0.485581059,0.000161933,0,0
C03876,0,0.482586679,7.61E-05,0,0
C06287,0,0.525399855,0.000101905,0,0
C01299,0,0.536818821,6.79E-05,0,0
C01855,0,0.538489438,0.000230519,0,0
C02339,0,0.578821202,0.000139511,0,0
C05171,0,0.534124101,3.99E-05,0,0
C06169,0,0.587706199,0.000263157,0,0
C07700,0,0.538318876,0.000233426,0,0
C01821,0,0.535791225,0.000254875,0,0
C05086,0,0.502662981,9.14E-05,0,0
C05668,0,0.526462622,8.27E-05,0,0
C06750,0,0.53733311,4.20E-05,0,0
C01946,0,0.519331742,3.04E-05,0,0
C03402,0,0.575420799,0.000407711,0,0
C01358,0,0.581870337,0.000295907,0,0
C05393,0,0.494692878,6.51E-05,0,0
C03956,0,0.530808473,6.68E-05,0,0
C01576,0,0.493927196,0.000128823,0,0
C04915,0,0.561101238,3.71E-05,0,0
C06707,0,0.5466548,0.000216076,0,0
C01524,0,0.489556434,0.000300661,0,0
C04959,0,0.52201336,8.71E-05,0,0
C01389,0,0.540594603,0.000254856,0,0
C03946,0,0.495105973,0.000135845,0,0
C07086,0,0.541274774,0.00042425,0,0
C07794,0,0.574731883,0.000405576,0,0
C01971,0,0.532185579,3.71E-05,0,0
C02288,0,0.55538582,0.000293589,0,0
C05150,0,0.519786426,6.78E-05,0,0
C02445,0,0.488132765,3.44E-05,0,0
C04499,0,0.566087068,0.000528879,0,0
C03512,0,0.539295372,0.000261657,0,0
C05518,0,0.569315848,0.000541998,0,0
C04685,0,0.501619669,7.09E-05,0,0
C06702,0,0.529448559,0.00021582,0,0
C05325,0,0.542211936,0.000464945,0,0
C02999,0,0.590663178,0.000269215,0,0
C04270,0,0.593570912,4.97E-05,0,0
C04675,0,0.479138808,0.000305931,0,0
C01489,0,0.502794322,7.15E-05,0,0
C05533,0,0.567702195,0.000371568,0,0
C02493,0,0.514632148,0.00022311,0,0
C02470,0,0.524167911,0.000288938,0,0
C05528,0,0.55586608,0.000280936,0,0
C07345,0,0.526904213,4.57E-05,0,0
C02936,0,0.513700818,3.74E-05,0,0
C03543,0,0.536240265,0.000522793,0,0
C04201,0,0.491169567,6.34E-05,0,0
C06692,0,0.505354206,4.70E-05,0,0
C01922,0,0.482368058,4.21E-05,0,0
C01658,0,0.551607028,0.000293002,0,0
C03786,0,0.515271266,0.000142091,0,0
C03203,0,0.576109421,0.000409858,0,0
C02021,0,0.541277773,0.000352154,0,0
C02752,0,0.55021599,0.000315539,0,0
C05666,0,0.546647284,8.57E-05,0,0
C06090,0,0.513677127,0.000399279,0,0
C03226,0,0.529928852,0.000542679,0,0
C04344,0,0.551667248,5.25E-05,0,0
C01814,0,0.542234717,0.000128214,0,0
C07994,0,0.557771958,0.000239854,0,0
C01487,0,0.560386819,0.000259274,0,0
C07150,0,0.529079391,4.92E-05,0,0
C01812,0,0.471438471,0.000121023,0,0
C05677,0,0.529222421,0.000177072,0,0
C05768,0,0.558533919,0.000255668,0,0
C05965,0,0.576346726,0.000337463,0,0
C06488,0,0.510038351,0.000170312,0,0
C06002,0,0.566087086,0.000367043,0,0
C02378,0,0.539178019,0.000454485,0,0
C03719,0,0.523524873,0.000100488,0,0
C04333,0,0.56793279,0.000536336,0,0
C06980,0,0.513705057,3.91E-05,0,0
C07653,0,0.543847189,7.71E-05,0,0
C07269,0,0.511916881,0.000226671,0,0
C03595,0,0.53180117,0.000550331,0,0
C07429,0,0.562342187,0.000144736,0,0
C05718,0,0.511068305,2.34E-05,0,0
C07358,0,0.513935817,3.60E-05,0,0
C07332,0,0.533822959,3.76E-05,0,0
C02807,0,0.528547688,5.03E-05,0,0
C05716,0,0.557497295,4.62E-05,0,0
C06834,0,0.567574343,4.24E-05,0,0
C01513,0,0.552360453,6.99E-05,0,0
C02029,0,0.562724506,4.08E-05,0,0
C01272,0,0.536858206,0.000247816,0,0
C07323,0,0.57092413,0.000504176,0,0
C05087,0,0.533755528,4.68E-05,0,0
C01363,0,0.506743569,7.87E-05,0,0
C02264,0,0.532035148,0.000551295,0,0
C05233,0,0.516036296,7.18E-05,0,0
C07867,0,0.547807517,7.95E-05,0,0
C03856,0,0.55161901,2.13E-05,0,0
C07164,0,0.540834833,0.000126874,0,0
C07773,0,0.541052264,8.22E-05,0,0
C01522,0,0.544526268,0.00062633,0,0
C06649,0,0.554450745,7.11E-05,0,0
C03070,0,0.577031046,0.000311719,0,0
C05001,0,0.54454263,0.00036089,0,0
C03747,0,0.533898389,0.000168503,0,0
C06881,0,0.567006235,0.000489396,0,0
C04141,0,0.50175522,3.08E-05,0,0
C06826,0,0.507217346,8.60E-05,0,0
C04892,0,0.507727377,7.42E-05,0,0
C04828,0,0.580497888,0.000292815,0,0
C05160,0,0.534400952,0.000168383,0,0
C06022,0,0.546414402,5.94E-05,0,0
C06284,0,0.535685734,0.000225726,0,0
C01899,0,0.534287004,0.00024309,0,0
C05807,0,0.545482579,8.50E-05,0,0
C03585,0,0.509764392,0.000259661,0,0
C04501,0,0.560849783,0.000260183,0,0
C05242,0,0.535071563,0.000518238,0,0
C06466,0,0.540352147,5.67E-05,0,0
C01390,0,0.500272838,0.000114368,0,0
C02947,0,0.55657373,4.99E-05,0,0
C03202,0,0.510039862,0.00027591,0,0
C07297,0,0.560320201,0.000244517,0,0
C01979,0,0.515740685,0.00014259,0,0
C05780,0,0.55538582,0.000293589,0,0
C02428,0,0.587930011,0.000242231,0,0
C04468,0,0.550212031,0.000289941,0,0
C06580,0,0.557838658,0.000254329,0,0
C01593,0,0.536707765,3.57E-05,0,0
C05998,0,0.514567088,0.000141347,0,0
C03477,0,0.537201735,0.000158006,0,0
C06321,0,0.528770229,0.000274301,0,0
C02654,0,0.542452064,5.77E-05,0,0
C02714,0,0.554457417,0.00029154,0,0
C03702,0,0.564569597,3.80E-05,0,0
C05457,0,0.524963057,3.45E-05,0,0
C07268,0,0.499329098,0.000104355,0,0
C06124,0,0.545711595,7.82E-05,0,0
C03029,0,0.532879529,0.000230122,0,0
C05041,0,0.545016557,8.47E-05,0,0
C06210,0,0.52118022,9.87E-05,0,0
C01982,0,0.555456678,0.000256501,0,0
C02679,0,0.491670103,0.000305435,0,0
C02501,0,0.509641412,4.53E-05,0,0
C04047,0,0.56470552,0.000395273,0,0
C01909,0,0.529480279,4.66E-05,0,0
C01994,0,0.548481633,0.000592913,0,0
C03367,0,0.539061879,0.000261199,0,0
C04240,0,0.488851956,0.000299086,0,0
C04628,0,0.510205819,6.62E-05,0,0
C06474,0,0.520482195,0.000420069,0,0
C06757,0,0.554398518,0.00032564,0,0
C07322,0,0.505771477,0.000252047,0,0
C03242,0,0.570010912,0.000411511,0,0
C04745,0,0.524791796,0.000289766,0,0
C06428,0,0.546623116,0.000636272,0,0
C06448,0,0.5102866,4.88E-05,0,0
C01988,0,0.579357127,0.00031589,0,0
C02125,0,0.472359249,0.000219655,0,0
C02221,0,0.520039996,0.000125624,0,0
C03674,0,0.533215269,0.00022973,0,0
C05615,0,0.52464067,0.000218979,0,0
C01859,0,0.555323198,0.000124071,0,0
C01660,0,0.577031046,0.000311719,0,0
C07873,0,0.543611164,0.000469853,0,0
C00239,0,0.51253119,3.88E-05,0,0
C04494,0,0.530631073,0.000545536,0,0
C05099,0,0.56409973,0.000233627,0,0
C05773,0,0.513321642,0.000160377,0,0
C06747,0,0.542640863,2.55E-05,0,0
C01992,0,0.594063547,0.000149633,0,0
C03358,0,0.569311926,0.000498037,0,0
C07711,0,0.560618314,0.000259728,0,0
C02795,0,0.55592072,0.000257401,0,0
C06442,0,0.568119464,0.000164564,0,0
C07430,0,0.485581059,0.000161933,0,0
C07012,0,0.531199968,2.35E-05,0,0
C04954,0,0.510031726,8.07E-05,0,0
C01350,0,0.550969867,5.23E-05,0,0
C02047,0,0.537656589,0.0002375,0,0
C01445,0,0.555787065,0.000302382,0,0
C02357,0,0.574276356,0.000439837,0,0
C05561,0,0.589295348,0.000244789,0,0
C06719,0,0.487220148,0.000156823,0,0
C04592,0,0.464039158,0.000264134,0,0
C05549,0,0.560324142,0.000266106,0,0
C07806,0,0.565852293,0.000485132,0,0
C02446,0,0.567471553,0.000370919,0,0
C05765,0,0.580044024,0.000317553,0,0
C01319,0,0.503863702,0.000153471,0,0
C06732,0,0.535553507,0.000233787,0,0
C01232,0,0.555787267,0.000124506,0,0
C07025,0,0.550681077,0.000316646,0,0
C01484,0,0.524927185,9.33E-05,0,0
C06424,0,0.529968982,0.000466516,0,0
C03616,0,0.546647284,8.57E-05,0,0
C07884,0,0.525561911,4.41E-05,0,0
C06183,0,0.538029936,3.88E-05,0,0
C01591,0,0.509092328,8.01E-05,0,0
C02395,0,0.48469883,7.73E-05,0,0
C06189,0,0.550677119,0.000290958,0,0
C07861,0,0.5502605,0.000294398,0,0
C02603,0,0.533216818,0.000283578,0,0
C03677,0,0.52283804,5.76E-05,0,0
C04453,0,0.566317903,0.000367686,0,0
C05187,0,0.547999927,2.65E-05,0,0
C03395,0,0.512856045,0.000228264,0,0
C07851,0,0.554190537,0.000483692,0,0
C05538,0,0.591301859,4.88E-05,0,0
C02545,0,0.547787321,0.000641864,0,0
C05515,0,0.580497888,0.000292815,0,0
C06363,0,0.518986493,3.84E-05,0,0
C02142,0,0.557964848,5.04E-05,0,0
C05053,0,0.568163392,0.000372871,0,0
C02859,0,0.521075364,8.65E-05,0,0
C06301,0,0.545474756,0.000363426,0,0
C05226,0,0.56133659,4.04E-05,0,0
C06612,0,0.530214928,8.25E-05,0,0
C02644,0,0.511849565,6.71E-05,0,0
C03987,0,0.526439667,4.96E-05,0,0
C07566,0,0.550212031,0.000289941,0,0
C01854,0,0.49555576,0.000225759,0,0
C02159,0,0.533216818,0.000283578,0,0
C05642,0,0.569728837,0.000153077,0,0
C07702,0,0.553706014,1.99E-05,0,0
C02032,0,0.569732758,0.000166593,0,0
C04107,0,0.495380143,8.66E-05,0,0
C01533,0,0.552548554,2.15E-05,0,0
C01398,0,0.536726024,0.000256666,0,0
C05211,0,0.536608579,0.000445819,0,0
C02762,0,0.494268361,0.00013996,0,0
C07591,0,0.526904213,4.57E-05,0,0
C01501,0,0.580959405,0.000319785,0,0
C03054,0,0.510521434,4.89E-05,0,0
C07689,0,0.49978348,0.000256067,0,0
C01636,0,0.532759843,0.000152836,0,0
C04948,0,0.530913117,7.62E-05,0,0
C03926,0,0.514029872,0.00023027,0,0
C06235,0,0.52716685,7.41E-05,0,0
C02460,0,0.524664631,2.37E-05,0,0
C05766,0,0.579586127,0.000316444,0,0
C06331,0,0.529238518,0.000275263,0,0
C04342,0,0.526038664,0.000269242,0,0
C06465,0,0.501662956,0.000259679,0,0
C03510,0,0.556793893,0.00028291,0,0
C04385,0,0.550531608,4.38E-05,0,0
C05443,0,0.555355068,0.000531014,0,0
C02872,0,0.535455966,0.000245227,0,0
C03730,0,0.517370659,0.000207411,0,0
C04986,0,0.507205443,0.000486884,0,0
C07956,0,0.549570546,4.75E-05,0,0
C06350,0,0.551899663,5.26E-05,0,0
C03168,0,0.553233498,0.000296615,0,0
C02112,0,0.506962434,0.00021109,0,0
C04296,0,0.53180117,0.000550331,0,0
C02316,0,0.524357657,8.86E-05,0,0
C04717,0,0.530948115,4.59E-05,0,0
C07906,0,0.533434735,0.000511928,0,0
C02334,0,0.576797748,0.000412016,0,0
C02149,0,0.575836202,0.000125306,0,0
C02380,0,0.558467241,0.000241117,0,0
C03746,0,0.514862742,7.11E-05,0,0
C01910,0,0.558934579,0.000263326,0,0
C01777,0,0.547084896,0.00058672,0,0
C04951,0,0.48346867,0.000159401,0,0
C05630,0,0.528520072,0.000493454,0,0
C07742,0,0.502993117,0.000261794,0,0
C05575,0,0.553068057,0.000313965,0,0
C06815,0,0.532590004,5.05E-05,0,0
C03079,0,0.532118118,4.63E-05,0,0
C03349,0,0.577446013,0.000138053,0,0
C02370,0,0.570463652,0.000502414,0,0
C01762,0,0.537091856,0.000248251,0,0
C01414,0,0.574961554,0.000406287,0,0
C04031,0,0.53738452,0.000231797,0,0
C06705,0,0.541522921,6.23E-05,0,0
C03303,0,0.572849573,0.000122486,0,0
C03382,0,0.536608579,0.000445819,0,0
C04114,0,0.534555342,7.48E-05,0,0
C04090,0,0.539874446,0.000419818,0,0
C06242,0,0.54615729,0.000634049,0,0
C01999,0,0.510270561,8.80E-05,0,0
C03781,0,0.520416454,0.000194971,0,0
C01642,0,0.535047497,0.000227774,0,0
C02245,0,0.549159553,2.46E-05,0,0
C07716,0,0.560614374,0.000238657,0,0
C03515,0,0.554485395,4.91E-05,0,0
C06857,0,0.524371553,6.03E-05,0,0
C04082,0,0.552797061,0.00047864,0,0
C01750,0,0.511212452,0.000225483,0,0
C03470,0,0.483918017,0.000264903,0,0
C07308,0,0.573053925,7.32E-06,0,0
C02106,0,0.533256774,8.44E-05,0,0
C05551,0,0.547889253,0.000310064,0,0
C06261,0,0.555555245,0.000124288,0,0
C06298,0,0.538501031,4.24E-05,0,0
C02755,0,0.549179717,0.000596034,0,0
C03224,0,0.538243911,0.000451314,0,0
C04010,0,0.536659033,7.59E-05,0,0
C03810,0,0.573812878,0.000402746,0,0
C05297,0,0.52191562,3.37E-05,0,0
C06740,0,0.566504724,0.00016256,0,0
C06687,0,0.547787321,0.000641864,0,0
C07777,0,0.566313956,0.000486833,0,0
C07647,0,0.545671193,2.61E-05,0,0
C06808,0,0.507452231,8.62E-05,0,0
C03277,0,0.565621419,0.000484284,0,0
C06408,0,0.532161969,0.000396256,0,0
C03117,0,0.539427449,0.000252635,0,0
C05554,0,0.536929084,4.08E-05,0,0
C07375,0,0.518617476,7.32E-05,0,0
C06029,0,0.531182143,4.59E-05,0,0
C06008,0,0.582102847,0.000322596,0,0
C05278,0,0.581874229,0.000322032,0,0
C01630,0,0.533148212,6.80E-05,0,0
C03206,0,0.569319788,0.000409355,0,0
C04060,0,0.546868364,0.000486272,0,0
C01506,0,0.525574052,0.000202626,0,0
C03789,0,0.521871836,0.000561939,0,0
C07423,0,0.524728702,3.44E-05,0,0
C05197,0,0.557477248,0.000324582,0,0
C01697,0,0.542001449,0.00012799,0,0
C02429,0,0.545924346,0.000632941,0,0
C02044,0,0.536608579,0.000445819,0,0
C07491,0,0.508168908,4.41E-05,0,0
C01717,0,0.549979454,0.000289434,0,0
C06651,0,0.587702323,0.000241808,0,0
C07947,0,0.536024949,0.000255322,0,0
C02406,0,0.511663491,0.000165098,0,0
C05840,0,0.542194588,0.000615465,0,0
C01409,0,0.5500116,0.000510064,0,0
C04147,0,0.538564257,4.13E-05,0,0
C01369,0,0.536624539,0.000247383,0,0
C02818,0,0.5454584,0.00063073,0,0
C01604,0,0.52900438,0.000274782,0,0
C06330,0,0.55138261,1.95E-05,0,0
C02503,0,0.532054776,4.75E-05,0,0
C04285,0,0.521827541,0.000214427,0,0
C01736,0,0.524963057,3.45E-05,0,0
C03211,0,0.534528453,4.11E-05,0,0
C07404,0,0.554166352,0.00032507,0,0
C01870,0,0.506273778,7.85E-05,0,0
C04366,0,0.551847474,1.96E-05,0,0
C06996,0,0.548810724,0.000170922,0,0
C07606,0,0.52026216,0.000143627,0,0
C03075,0,0.562700574,0.000263853,0,0
C05791,0,0.51333749,4.05E-05,0,0
C01511,0,0.563159066,0.000243297,0,0
C07038,0,0.572393529,0.000132836,0,0
C02404,0,0.533279898,0.000287657,0,0
C06652,0,0.571622467,0.000416583,0,0
C07588,0,0.528301889,0.000273343,0,0
C07581,0,0.504501551,0.00011803,0,0
C02855,0,0.533793294,1.45E-05,0,0
C03143,0,0.557602908,0.000233286,0,0
C07019,0,0.515505979,0.00014234,0,0
C05229,0,0.514644043,3.94E-05,0,0
C05870,0,0.538255887,0.000230115,0,0
C06198,0,0.546623116,0.000636272,0,0
C06143,0,0.527403624,9.07E-05,0,0
C02523,0,0.555351118,0.000487944,0,0
C07351,0,0.519558472,0.000142875,0,0
C01294,0,0.472008547,0.000126005,0,0
C01567,0,0.535990362,3.72E-05,0,0
C01763,0,0.559127433,6.94E-05,0,0
C01866,0,0.531567178,0.000549368,0,0
C01886,0,0.484666357,0.000249126,0,0
C07409,0,0.558698951,0.000241539,0,0
C06168,0,0.559248981,3.65E-05,0,0
C07389,0,0.516500678,7.27E-05,0,0
C07998,0,0.550913587,0.000317201,0,0
C03433,0,0.53826748,4.23E-05,0,0
C04260,0,0.528607099,4.51E-05,0,0
C07166,0,0.507464031,4.57E-05,0,0
C07973,0,0.525105388,0.000201918,0,0
C03000,0,0.523791174,3.42E-05,0,0
C06109,0,0.571804814,0.000169239,0,0
C07124,0,0.524163921,0.000265498,0,0
C07893,0,0.563100411,0.000271755,0,0
C05511,0,0.535202259,0.000405376,0,0
C02662,0,0.553233498,0.000296615,0,0
C07316,0,0.519101147,3.30E-05,0,0
C05480,0,0.529706756,0.000276229,0,0
C06082,0,0.539762305,0.000262574,0,0
C07277,0,0.514858747,6.54E-05,0,0
C02204,0,0.544056117,0.000573522,0,0
C02753,0,0.535309314,0.000564969,0,0
C04766,0,0.554426653,0.00052731,0,0
C07623,0,0.549799184,6.30E-05,0,0
C07924,0,0.558298246,0.000234515,0,0
C02311,0,0.577446013,0.000138053,0,0
C06593,0,0.481015304,0.000310246,0,0
C01927,0,0.573812878,0.000402746,0,0
C05704,0,0.514332349,0.0001411,0,0
C07925,0,0.517892166,8.85E-05,0,0
C03675,0,0.532819952,4.65E-05,0,0
C05599,0,0.543802792,2.36E-05,0,0
C06308,0,0.489234099,0.000130027,0,0
C03591,0,0.493769306,3.58E-05,0,0
C06265,0,0.495207998,0.000140943,0,0
C05168,0,0.519057343,0.000550261,0,0
C02430,0,0.552367131,0.000286983,0,0
C05252,0,0.522817591,9.19E-05,0,0
C04651,0,0.547889253,0.000310064,0,0
C06974,0,0.531329189,0.000503927,0,0
C04557,0,0.572264932,0.000169833,0,0
C07203,0,0.549746855,0.000288928,0,0
C02296,0,0.50047581,0.000337435,0,0
C04693,0,0.589522771,0.000245218,0,0
C02289,0,0.549285553,0.000313338,0,0
C04549,0,0.511693975,4.00E-05,0,0
C05685,0,0.543159212,0.000210475,0,0
C06820,0,0.492696861,3.69E-05,0,0
C05268,0,0.500973643,0.000105642,0,0
C05784,0,0.54708886,0.000638503,0,0
C06508,0,0.540578663,0.000459283,0,0
C06978,0,0.577598947,8.64E-05,0,0
C06299,0,0.528277798,0.000213939,0,0
C01472,0,0.549799184,6.30E-05,0,0
C04595,0,0.544084276,8.41E-05,0,0
C06906,0,0.559625535,0.000243236,0,0
C04281,0,0.486754836,0.000163356,0,0
C02598,0,0.576987349,0.00013757,0,0
C07849,0,0.539901218,0.000125989,0,0
C02104,0,0.526042653,0.000293013,0,0
C02729,0,0.551867615,0.000475301,0,0
C04140,0,0.564107506,3.79E-05,0,0
C03193,0,0.494632154,0.000124386,0,0
C06535,0,0.5245532,0.000276721,0,0
C02665,0,0.536267067,0.000156903,0,0
C06680,0,0.503299306,4.32E-05,0,0
C06220,0,0.515813634,3.65E-05,0,0
C07769,0,0.571056763,0.00029785,0,0
C04436,0,0.550721603,0.000391172,0,0
C05934,0,0.586335408,0.000239281,0,0
C07841,0,0.550972574,0.000283984,0,0
C06030,0,0.52189617,7.57E-05,0,0
C02145,0,0.545956039,0.000214944,0,0
C05304,0,0.551378541,0.000318313,0,0
C03995,0,0.577753174,0.000312043,0,0
C01233,0,0.516038923,0.000139172,0,0
C03578,0,0.525759738,8.23E-05,0,0
C04719,0,0.551639153,0.000516351,0,0
C02663,0,0.503470873,4.26E-05,0,0
C04383,0,0.529746747,8.23E-05,0,0
C07439,0,0.579504442,0.000128866,0,0
C03437,0,0.569546253,0.000542947,0,0
C06108,0,0.54501259,7.78E-05,0,0
C04968,0,0.521442641,3.09E-05,0,0
C01573,0,0.547929824,0.000383042,0,0
C06338,0,0.518854662,0.000186529,0,0
C01386,0,0.514797825,0.000130106,0,0
C02225,0,0.544084276,8.41E-05,0,0
C03247,0,0.556801697,4.59E-05,0,0
C07644,0,0.578177407,0.00045312,0,0
C02065,0,0.55444295,0.000303822,0,0
C02382,0,0.470501898,0.000120178,0,0
C05047,0,0.522058033,0.000197375,0,0
C05102,0,0.509788979,0.000496348,0,0
C06379,0,0.570467589,0.000379456,0,0
C07656,0,0.537772779,0.000413257,0,0
C03372,0,0.493283471,6.44E-05,0,0
C05383,0,0.567471553,0.000370919,0,0
C05737,0,0.513795118,0.000229868,0,0
C06714,0,0.566313956,0.000486833,0,0
C04538,0,0.519089303,0.000142376,0,0
C07636,0,0.508857469,8.00E-05,0,0
C07654,0,0.532027059,0.000239443,0,0
C07138,0,0.574731883,0.000405576,0,0
C00490,0,0.531182143,4.59E-05,0,0
C01300,0,0.536386878,0.000226915,0,0
C06277,0,0.55161901,2.13E-05,0,0
C02805,0,0.532914302,6.78E-05,0,0
C03749,0,0.54432093,0.000195099,0,0
C05404,0,0.507857237,6.51E-05,0,0
C01316,0,0.508120372,0.000256498,0,0
C05230,0,0.516910114,0.000132172,0,0
C05377,0,0.50950508,0.00017419,0,0
C04068,0,0.53345469,0.000309155,0,0
C04077,0,0.538940542,0.000416889,0,0
C02455,0,0.525959457,0.000268599,0,0
C07219,0,0.52283804,5.76E-05,0,0
C01934,0,0.577749272,0.000286728,0,0
C04574,0,0.517848719,0.000133101,0,0
C02364,0,0.580501784,0.000318667,0,0
C04243,0,0.550681077,0.000316646,0,0
C05213,0,0.540432008,4.19E-05,0,0
C06835,0,0.544787501,6.39E-05,0,0
C04994,0,0.531099153,0.000547449,0,0
C01633,0,0.571158258,0.000381453,0,0
C05799,0,0.52880878,9.16E-05,0,0
C01570,0,0.508861466,8.71E-05,0,0
C06259,0,0.526924719,0.000456021,0,0
C05676,0,0.515569522,0.000138685,0,0
C07250,0,0.578440785,0.000313686,0,0
C04089,0,0.535791225,0.000254875,0,0
C06159,0,0.529742762,7.56E-05,0,0
C02645,0,0.509094956,0.000155402,0,0
C06255,0,0.493324767,0.000127706,0,0
C03347,0,0.569319788,0.000409355,0,0
C03645,0,0.522841597,0.000192164,0,0
C06482,0,0.543167604,0.000129115,0,0
C06717,0,0.580955511,0.000293842,0,0
C02547,0,0.540695963,0.000264419,0,0
C04124,0,0.505318136,0.000208519,0,0
C06802,0,0.543621575,0.000194077,0,0
C03363,0,0.521200241,0.000189823,0,0
C01627,0,0.584514672,0.000256786,0,0
C01751,0,0.58118427,0.000294357,0,0
C01851,0,0.527873507,8.11E-05,0,0
C05706,0,0.536861849,3.85E-05,0,0
C03791,0,0.569542332,0.000498909,0,0
C01266,0,0.587246834,0.000240962,0,0
C06634,0,0.536955707,0.000236256,0,0
C01343,0,0.492052328,0.000132788,0,0
C03221,0,0.583469925,0.000299555,0,0
C04885,0,0.567236936,0.000490253,0,0
C02103,0,0.576342802,0.00044682,0,0
C02355,0,0.52900438,0.000274782,0,0
C06584,0,0.531797188,0.000505694,0,0
C01894,0,0.562238038,0.00026293,0,0
C03044,0,0.503764833,0.000345806,0,0
C04589,0,0.555153755,0.000293075,0,0
C06323,0,0.510521434,4.89E-05,0,0
C02248,0,0.570782695,0.000131218,0,0
C03676,0,0.564932557,0.000524271,0,0
C02514,0,0.512292403,3.56E-05,0,0
C04596,0,0.542423871,0.000566539,0,0
C04644,0,0.524791796,0.000289766,0,0
C00124,0,0.564338566,3.80E-05,0,0
C03717,0,0.516738977,0.000128553,0,0
C07856,0,0.520743629,0.000126285,0,0
C05805,0,0.520958155,7.52E-05,0,0
C02570,0,0.591979125,4.51E-05,0,0
C04437,0,0.486520069,0.000163071,0,0
C01310,0,0.542870111,2.35E-05,0,0
C03139,0,0.531147147,7.64E-05,0,0
C03665,0,0.581641683,0.000295389,0,0
C07521,0,0.511826802,3.86E-05,0,0
C06449,0,0.534603867,0.000184347,0,0
C05606,0,0.573998917,0.000123563,0,0
C02769,0,0.531349155,0.000304323,0,0
C03788,0,0.542701198,0.000128664,0,0
C06506,0,0.512169608,8.84E-05,0,0
C02212,0,0.520242091,9.81E-05,0,0
C05523,0,0.49040429,0.000120528,0,0
C01297,0,0.571110487,0.000154693,0,0
C03232,0,0.548650501,0.000303694,0,0
C06760,0,0.543388419,0.000193738,0,0
C05776,0,0.570693906,0.000503294,0,0
C01338,0,0.507857032,0.000158107,0,0
C04330,0,0.513939813,3.92E-05,0,0
C06934,0,0.586791196,0.00024012,0,0
C05392,0,0.523989693,9.27E-05,0,0
C07284,0,0.567344182,1.73E-05,0,0
C04100,0,0.537426955,0.000258018,0,0
C04687,0,0.528309526,4.62E-05,0,0
C03322,0,0.57266732,0.000434481,0,0
C02019,0,0.54057469,0.000422028,0,0
C03617,0,0.58233143,0.000323161,0,0
C06983,0,0.567471535,0.000534462,0,0
C02206,0,0.517458799,3.26E-05,0,0
C03910,0,0.547239237,6.18E-05,0,0
C06354,0,0.486754836,0.000163356,0,0
C05702,0,0.502351276,0.000314433,0,0
C04966,0,0.56409973,0.000233627,0,0
C01444,0,0.541929278,0.00014356,0,0
C01742,0,0.509948213,3.80E-05,0,0
C06940,0,0.485815802,0.000162216,0,0
C04218,0,0.567236936,0.000490253,0,0
C06817,0,0.541534857,0.000127542,0,0
C07008,0,0.537193328,0.000257566,0,0
C03296,0,0.530448999,8.27E-05,0,0
C03607,0,0.544787501,6.39E-05,0,0
C02580,0,0.50255794,8.01E-05,0,0
C02393,0,0.529472644,0.000275746,0,0
C07860,0,0.555094874,0.000327354,0,0
C04527,0,0.529313526,4.93E-05,0,0
C07780,0,0.489306843,3.47E-05,0,0
C01394,0,0.523083926,3.12E-05,0,0
C04987,0,0.512386474,0.000227466,0,0
C02572,0,0.530626983,0.000178942,0,0
C06240,0,0.49356366,0.000139227,0,0
C04658,0,0.535115577,4.82E-05,0,0
C06469,0,0.522761404,0.000285919,0,0
C01747,0,0.50812437,0.000279145,0,0
C04627,0,0.52258314,9.17E-05,0,0
C05481,0,0.567244807,0.000402957,0,0
C03461,0,0.559688234,0.000236991,0,0
C06247,0,0.532590004,5.05E-05,0,0
C06622,0,0.51557893,3.65E-05,0,0
C04926,0,0.528540051,0.000297997,0,0
C03019,0,0.536386878,0.000226915,0,0
C03219,0,0.546647284,8.57E-05,0,0
C04390,0,0.561771456,0.000240755,0,0
C06118,0,0.507650618,0.000255602,0,0
C00611,0,0.507962255,7.43E-05,0,0
C02081,0,0.559393928,0.000242811,0,0
C06868,0,0.516752378,3.68E-05,0,0
C05854,0,0.569089354,0.000408639,0,0
C06177,0,0.480960343,4.17E-05,0,0
C02757,0,0.574692051,0.000135183,0,0
C02780,0,0.552308179,0.00032055,0,0
C04761,0,0.520489092,7.49E-05,0,0
C02489,0,0.504179637,4.66E-05,0,0
C05236,0,0.584514672,0.000256786,0,0
C04600,0,0.567804973,4.24E-05,0,0
C07680,0,0.512292403,3.56E-05,0,0
C07039,0,0.534239558,4.48E-05,0,0
C04907,0,0.553726139,0.000482002,0,0
C07057,0,0.532241046,0.000223039,0,0
C01263,0,0.533347581,0.000221809,0,0
C02830,0,0.552348678,0.000395995,0,0
C02537,0,0.590663178,0.000269215,0,0
C04028,0,0.575879913,0.000409141,0,0
C06915,0,0.512849466,8.24E-05,0,0
C06325,0,0.480648846,0.00014932,0,0
C05091,0,0.514093607,0.000129424,0,0
C03327,0,0.557721311,0.000284898,0,0
C07501,0,0.51333749,4.05E-05,0,0
C02655,0,0.552544599,1.97E-05,0,0
C07170,0,0.572897295,0.00030205,0,0
C04798,0,0.506083145,7.33E-05,0,0
C06192,0,0.575199028,0.000334522,0,0
C01345,0,0.487048931,0.000152528,0,0
C03562,0,0.502530922,4.41E-05,0,0
C02750,0,0.5865672,0.000260864,0,0
C04679,0,0.536865826,4.19E-05,0,0
C03527,0,0.525574052,0.000202626,0,0
C03792,0,0.546488234,0.000281933,0,0
C01242,0,0.544546488,7.76E-05,0,0
C01670,0,0.544759331,0.000627427,0,0
C03178,0,0.548358845,1.91E-05,0,0
C04482,0,0.514563092,0.000129878,0,0
C07258,0,0.503056062,0.000316089,0,0
C06880,0,0.557265454,4.61E-05,0,0
C04129,0,0.538243911,0.000451314,0,0
C06924,0,0.476325184,0.000299572,0,0
C03093,0,0.546153325,0.000582627,0,0
C05410,0,0.541978666,0.000464132,0,0
C07380,0,0.554638675,2.18E-05,0,0
C07883,0,0.529940613,0.00028809,0,0
C02573,0,0.527403624,9.07E-05,0,0
C01869,0,0.509803508,0.000170014,0,0
C04288,0,0.549803162,4.76E-05,0,0
C06078,0,0.589750156,0.000245648,0,0
C02921,0,0.560618314,0.000259728,0,0
C05265,0,0.562258038,3.74E-05,0,0
C02082,0,0.52997686,7.57E-05,0,0
C01557,0,0.583016966,0.000324862,0,0
C05004,0,0.52258314,9.17E-05,0,0
C06587,0,0.559348727,0.000168271,0,0
C05036,0,0.550312549,8.72E-05,0,0
C03582,0,0.552071848,0.00029403,0,0
C05106,0,0.553997025,0.000316171,0,0
C06361,0,0.512527193,3.56E-05,0,0
C06414,0,0.536620319,0.000236659,0,0
C07046,0,0.498393361,0.000112778,0,0
C02675,0,0.52977777,4.55E-05,0,0
C05178,0,0.545265483,0.000131166,0,0
C01852,0,0.573408324,9.35E-05,0,0
C04053,0,0.535869633,0.000149911,0,0
C03836,0,0.545719113,0.000197159,0,0
C07589,0,0.576147581,0.000308243,0,0
C04686,0,0.496029596,0.000246554,0,0
C07683,0,0.574735811,0.00030631,0,0
C04059,0,0.574046589,0.000439067,0,0
C02728,0,0.559625535,0.000243236,0,0
C02828,0,0.5224823,8.74E-05,0,0
C04152,0,0.563100411,0.000271755,0,0
C03166,0,0.55185143,2.13E-05,0,0
C04625,0,0.506715069,0.000276228,0,0
C06027,0,0.530416649,4.69E-05,0,0
C04238,0,0.509735931,0.000160337,0,0
C04771,0,0.528540051,0.000297997,0,0
C03559,0,0.529952475,5.09E-05,0,0
C05356,0,0.566779432,0.000531663,0,0
C04384,0,0.537566727,4.21E-05,0,0
C06153,0,0.583473812,0.000326002,0,0
C02723,0,0.54781546,6.53E-05,0,0
C01706,0,0.570237305,0.000378792,0,0
C03351,0,0.533204824,0.00055614,0,0
C07663,0,0.565254751,0.000235681,0,0
C03872,0,0.529940856,0.000276713,0,0
C01741,0,0.519570862,0.000125184,0,0
C06625,0,0.516740345,7.21E-05,0,0
C04145,0,0.484856842,0.000266764,0,0
C07218,0,0.53345469,0.000309155,0,0
C04444,0,0.489541673,3.47E-05,0,0
C04133,0,0.510179056,3.50E-05,0,0
C07037,0,0.55717889,0.000125821,0,0
C02536,0,0.515336321,0.000224285,0,0
C05976,0,0.510815596,4.57E-05,0,0
C03648,0,0.532982912,0.000283082,0,0
C05234,0,0.531099153,0.000547449,0,0
C02952,0,0.485811806,0.000149055,0,0
C03938,0,0.537660565,0.00025847,0,0
C02419,0,0.520254547,7.48E-05,0,0
C07411,0,0.535075542,0.000563981,0,0
C05124,0,0.54430955,0.000360259,0,0
C03111,0,0.527060342,0.000102261,0,0
C02359,0,0.507022725,7.38E-05,0,0
C03901,0,0.542689266,6.29E-05,0,0
C01241,0,0.511197969,0.000501588,0,0
C03048,0,0.539174044,0.00041762,0,0
C07289,0,0.567240863,0.000533527,0,0
C02302,0,0.530384936,0.000217337,0,0
C04514,0,0.52143475,0.000190156,0,0
C04454,0,0.55609807,0.000281428,0,0
C06151,0,0.539901976,4.28E-05,0,0
C03911,0,0.506492649,0.000210352,0,0
C01291,0,0.56534654,0.000148068,0,0
C01374,0,0.52388489,8.12E-05,0,0
C03016,0,0.575191193,0.000406998,0,0
C01920,0,0.548220893,0.00015051,0,0
C07026,0,0.545691383,0.000631834,0,0
C07796,0,0.567936734,0.000405079,0,0
C02591,0,0.571517065,0.000430695,0,0
C03969,0,0.516979149,0.000227051,0,0
C03844,0,0.559166238,0.000263787,0,0
C05767,0,0.517558269,3.84E-05,0,0
C01392,0,0.543847189,7.71E-05,0,0
C05876,0,0.506970555,0.000486033,0,0
C04165,0,0.490873752,0.000125924,0,0
C06097,0,0.550909833,0.000120011,0,0
C06660,0,0.543625544,0.000211214,0,0
C04471,0,0.54746423,0.000381703,0,0
C06546,0,0.559119476,4.67E-05,0,0
C07728,0,0.517460353,4.02E-05,0,0
C01323,0,0.560869798,3.70E-05,0,0
C02309,0,0.566409063,0.000237753,0,0
C02696,0,0.565856241,0.000366401,0,0
C02974,0,0.543384863,8.37E-05,0,0
C04584,0,0.577260371,0.000449959,0,0
C06866,0,0.50144751,0.000115374,0,0
C03313,0,0.581412994,0.000294873,0,0
C02177,0,0.527686456,0.00022402,0,0
C01830,0,0.555094874,0.000327354,0,0
C04370,0,0.53335919,4.08E-05,0,0
C05180,0,0.553701949,0.000323934,0,0
C02220,0,0.536620319,0.000236659,0,0
C05398,0,0.572897277,0.000435242,0,0
C05636,0,0.580040128,0.000291792,0,0
C04001,0,0.549228165,6.01E-05,0,0
C02848,0,0.524494336,3.44E-05,0,0
C05344,0,0.555147084,7.14E-05,0,0
C06615,0,0.530484001,4.97E-05,0,0
C04900,0,0.525574052,0.000202626,0,0
C07313,0,0.53180117,0.000550331,0,0
C07160,0,0.531888128,5.03E-05,0,0
C02185,0,0.524482925,0.00010031,0,0
C06267,0,0.587702323,0.000241808,0,0
C07818,0,0.500420769,4.54E-05,0,0
C01611,0,0.544289219,0.000574527,0,0
C07863,0,0.527610911,5.00E-05,0,0
C04203,0,0.545490098,0.000214192,0,0
C04058,0,0.560614374,0.000238657,0,0
C04661,0,0.561708821,0.000247099,0,0
C02568,0,0.517212256,0.000184257,0,0
C05243,0,0.479373339,0.000306467,0,0
C05947,0,0.549105251,4.74E-05,0,0
C02115,0,0.506289821,4.35E-05,0,0
C06770,0,0.487689967,0.000151157,0,0
C04561,0,0.48861714,0.000298563,0,0
C04722,0,0.54082798,0.000255302,0,0
C06451,0,0.464974163,0.00026599,0,0
C06767,0,0.544502102,2.37E-05,0,0
C07872,0,0.530480017,4.57E-05,0,0
C05960,0,0.494150297,0.000243126,0,0
C03464,0,0.523460714,0.000264107,0,0
C07879,0,0.587706199,0.000263157,0,0
C02299,0,0.504175394,4.46E-05,0,0
C01508,0,0.51440531,3.61E-05,0,0
C03244,0,0.510504026,0.000157043,0,0
C03883,0,0.568854948,0.000540104,0,0
C06846,0,0.576568339,0.000411295,0,0
C06650,0,0.529706756,0.000276229,0,0
C02386,0,0.561195491,0.000292478,0,0
C04914,0,0.573353184,0.000401339,0,0
C05182,0,0.533585445,0.000241817,0,0
C06759,0,0.556958765,2.22E-05,0,0
C02170,0,0.516977639,0.00014015,0,0
C04025,0,0.563527958,7.81E-05,0,0
C04543,0,0.569776628,0.000543898,0,0
C05118,0,0.575377075,0.000124868,0,0
C06138,0,0.566321831,0.000400146,0,0
C05149,0,0.538493414,0.000250872,0,0
C07813,0,0.57450218,0.000404867,0,0
C03817,0,0.572897295,0.00030205,0,0
C07348,0,0.549293585,2.09E-05,0,0
C01615,0,0.494381203,0.000223792,0,0
C06511,0,0.512454217,0.000139137,0,0
C07812,0,0.533200843,0.000511033,0,0
C04497,0,0.500471811,0.000310061,0,0
C01782,0,0.532777099,0.000476418,0,0
C01837,0,0.501583535,0.000259059,0,0
C02592,0,0.554402582,2.00E-05,0,0
C05647,0,0.503796794,0.000117412,0,0
C05380,0,0.547117006,6.50E-05,0,0
C01903,0,0.470501898,0.000120178,0,0
C04601,0,0.492740928,0.000240585,0,0
C07645,0,0.502383238,0.000106758,0,0
C05163,0,0.559355057,5.09E-05,0,0
C02054,0,0.581416887,0.000320906,0,0
C04744,0,0.539510603,3.64E-05,0,0
C05734,0,0.542423871,0.000566539,0,0
C05347,0,0.567804973,4.24E-05,0,0
C03799,0,0.537309534,0.000448166,0,0
C06327,0,0.51075071,3.65E-05,0,0
C01579,0,0.565473889,0.000182357,0,0
C05428,0,0.562634033,0.000248835,0,0
C02479,0,0.472827708,0.000220425,0,0
C03551,0,0.546153325,0.000582627,0,0
C02260,0,0.574692051,0.000135183,0,0
C06548,0,0.56535047,0.000161143,0,0
C01748,0,0.489570917,0.000135144,0,0
C02721,0,0.549326102,0.000387086,0,0
C07553,0,0.516038923,0.000139172,0,0
C02635,0,0.516501675,6.62E-05,0,0
C04481,0,0.544522301,0.000575533,0,0
C07732,0,0.568580554,0.000165141,0,0
C02038,0,0.573361028,0.00032987,0,0
C04267,0,0.565728261,4.18E-05,0,0
C05691,0,0.546623116,0.000636272,0,0
C02232,0,0.504482066,0.000265192,0,0
C07940,0,0.539189991,0.000231732,0,0
C07059,0,0.524684942,0.000573865,0,0
C01726,0,0.543356697,0.000570519,0,0
C07523,0,0.546169659,0.000483726,0,0
C02991,0,0.49096551,0.000303835,0,0
C05272,0,0.538594842,0.000260286,0,0
C04022,0,0.575195119,0.000307384,0,0
C03331,0,0.534449186,0.000290186,0,0
C07183,0,0.553930412,0.000122774,0,0
C01564,0,0.548481633,0.000592913,0,0
C06965,0,0.525959457,0.000268599,0,0
C04814,0,0.525836311,2.39E-05,0,0
C03451,0,0.529274528,7.53E-05,0,0
C05154,0,0.574917818,0.000124432,0,0
C02831,0,0.527607129,1.89E-05,0,0
C04359,0,0.506047016,0.00026782,0,0
C06129,0,0.56017926,4.00E-05,0,0
C02494,0,0.578899024,0.000314786,0,0
C04369,0,0.51789616,9.64E-05,0,0
C04826,0,0.519065238,8.93E-05,0,0
C06590,0,0.510493495,0.000498961,0,0
C05492,0,0.574688141,0.000124214,0,0
C07338,0,0.536683581,0.000230583,0,0
C02402,0,0.556805645,5.00E-05,0,0
C05277,0,0.570467589,0.000379456,0,0
C02668,0,0.555567003,2.19E-05,0,0
C07073,0,0.536258657,0.000255769,0,0
C02797,0,0.530622981,0.000236941,0,0
C05418,0,0.519570315,3.31E-05,0,0
C05358,0,0.581188163,0.000320345,0,0
C07044,0,0.511511019,0.000126955,0,0
C07056,0,0.545024077,0.000213444,0,0
C03572,0,0.574462342,0.000134946,0,0
C03853,0,0.524871022,0.00029046,0,0
C05342,0,0.525994044,8.25E-05,0,0
C06803,0,0.553521959,7.06E-05,0,0
C05216,0,0.577446013,0.000138053,0,0
C06824,0,0.544084276,8.41E-05,0,0
C02348,0,0.495790678,0.000226155,0,0
C06595,0,0.522991857,0.000263184,0,0
C05371,0,0.536683581,0.000230583,0,0
C02017,0,0.51198063,0.000127401,0,0
C06079,0,0.526718776,4.63E-05,0,0
C01491,0,0.530003988,0.000280693,0,0
C03104,0,0.537099476,4.19E-05,0,0
C07386,0,0.496276319,0.000131098,0,0
C01880,0,0.568854948,0.000540104,0,0
C03663,0,0.525494819,0.000291292,0,0
C04355,0,0.538493414,0.000250872,0,0
C03448,0,0.534940991,4.51E-05,0,0
C07930,0,0.526435679,4.55E-05,0,0
C03213,0,0.553562186,8.21E-05,0,0
C03932,0,0.585423391,0.000237611,0,0
C05497,0,0.497919498,0.000103265,0,0
C02179,0,0.558553956,3.63E-05,0,0
C04343,0,0.526119271,9.33E-05,0,0
C07417,0,0.55717889,0.000125821,0,0
C07476,0,0.52167714,3.09E-05,0,0
C04512,0,0.543621575,0.000194077,0,0
C01347,0,0.555157705,0.00031895,0,0
C03970,0,0.548615701,0.000504736,0,0
C03524,0,0.55303332,0.000521802,0,0
C07292,0,0.536711613,0.000570932,0,0
C03540,0,0.507988344,0.000123665,0,0
C07565,0,0.517208306,0.000129004,0,0
C01553,0,0.56793279,0.000536336,0,0
C03454,0,0.571114405,0.000168353,0,0
C04208,0,0.48064909,0.000143423,0,0
C05572,0,0.567296308,7.01E-06,0,0
C06806,0,0.528055691,0.000535134,0,0
C02584,0,0.551426879,6.38E-05,0,0
C05409,0,0.546623116,0.000636272,0,0
C04697,0,0.542238687,0.000139536,0,0
C05981,0,0.517446953,0.000140641,0,0
C01455,0,0.553005168,0.000322238,0,0
C03014,0,0.573812878,0.000402746,0,0
C03583,0,0.490113342,3.62E-05,0,0
C07583,0,0.548181075,0.000278081,0,0
C07264,0,0.578592088,0.000139267,0,0
C05064,0,0.52487104,0.000201565,0,0
C05926,0,0.587706199,0.000263157,0,0
C05031,0,0.533688566,0.000309697,0,0
C05486,0,0.554925617,0.000318392,0,0
C01623,0,0.557729111,4.62E-05,0,0
C06586,0,0.512618679,8.95E-05,0,0
C06712,0,0.521350545,0.000259978,0,0
C00241,0,0.528572081,7.49E-05,0,0
C05267,0,0.546153325,0.000582627,0,0
C07540,0,0.502857095,0.000116592,0,0
C04404,0,0.510883549,3.52E-05,0,0
C01287,0,0.541041431,0.000423508,0,0
C06753,0,0.535451987,0.000225332,0,0
C04492,0,0.533309566,2.60E-05,0,0
C03291,0,0.55167391,0.000310684,0,0
C07469,0,0.529403973,6.61E-05,0,0
C02281,0,0.549795334,0.000293369,0,0
C04734,0,0.551667248,5.25E-05,0,0
C07824,0,0.568624453,0.000539159,0,0
C04635,0,0.56719693,0.000163416,0,0
C06519,0,0.492609612,0.000307581,0,0
C01884,0,0.566421256,1.72E-05,0,0
C06404,0,0.536240265,0.000522793,0,0
C07640,0,0.520504554,3.06E-05,0,0
C03328,0,0.57381679,0.0004383,0,0
C07331,0,0.529032513,0.000463261,0,0
C01268,0,0.507213348,7.90E-05,0,0
C02453,0,0.566548673,0.000530734,0,0
C03801,0,0.546619151,0.00058467,0,0
C06610,0,0.507452231,8.62E-05,0,0
C05851,0,0.5480201,0.000642988,0,0
C04645,0,0.538810121,3.62E-05,0,0
C06184,0,0.527651733,6.18E-05,0,0
C05413,0,0.549979454,0.000289434,0,0
C01878,0,0.509406562,4.52E-05,0,0
C02046,0,0.552367131,0.000286983,0,0
C06093,0,0.527444243,0.000272085,0,0
C02014,0,0.532046903,0.000292665,0,0
C05313,0,0.533513785,0.000288161,0,0
C02064,0,0.533121312,3.74E-05,0,0
C02994,0,0.537439338,0.000172259,0,0
C04903,0,0.557733057,5.03E-05,0,0
C06023,0,0.561775393,0.000262012,0,0
C06199,0,0.54402807,0.00014584,0,0
C04633,0,0.542459573,0.000209373,0,0
C05117,0,0.531813168,0.000280615,0,0
C07233,0,0.544988407,0.000577551,0,0
C04268,0,0.535569877,0.000169863,0,0
C03541,0,0.532035148,0.000551295,0,0
C03681,0,0.486738802,0.000294411,0,0
C06498,0,0.552780882,2.15E-05,0,0
C03547,0,0.580501784,0.000318667,0,0
C04932,0,0.527138667,1.88E-05,0,0
C05311,0,0.509739928,0.000174495,0,0
C02198,0,0.514874778,3.63E-05,0,0
C03784,0,0.529460639,0.000540783,0,0
C04838,0,0.562162833,0.000387735,0,0
C04973,0,0.548534056,6.51E-05,0,0
C07446,0,0.54402807,0.00014584,0,0
C01569,0,0.487220148,0.000156823,0,0
C04598,0,0.541041431,0.000423508,0,0
C05075,0,0.490491803,0.00027821,0,0
C03898,0,0.590894726,0.000120004,0,0
C04412,0,0.497557224,0.000143433,0,0
C06776,0,0.553064103,0.000288494,0,0
C01479,0,0.487908726,0.000272904,0,0
C02331,0,0.495320844,0.000225365,0,0
C07627,0,0.548583537,0.00028641,0,0
C03066,0,0.525343714,0.000220132,0,0
C03497,0,0.547522548,0.000149721,0,0
C06043,0,0.548051768,0.000218357,0,0
C06236,0,0.53001585,4.96E-05,0,0
C07484,0,0.579046383,0.000128416,0,0
C04542,0,0.529928852,0.000542679,0,0
C04808,0,0.576757967,0.00013733,0,0
C03083,0,0.565955193,3.84E-05,0,0
C07489,0,0.543625544,0.000211214,0,0
C05985,0,0.550937806,0.000471985,0,0
C03337,0,0.55922895,0.000257014,0,0
C05793,0,0.549570528,6.85E-05,0,0
C01906,0,0.559343319,0.00028841,0,0
C02127,0,0.554859031,0.000123637,0,0
C04065,0,0.513795118,0.000229868,0,0
C02819,0,0.567471535,0.000534462,0,0
C05022,0,0.552304224,0.000294545,0,0
C03517,0,0.532551038,7.72E-05,0,0
C05378,0,0.553706014,1.99E-05,0,0
C04062,0,0.530913117,7.62E-05,0,0
C02279,0,0.50144751,0.000115374,0,0
C05132,0,0.555151053,5.39E-05,0,0
C02071,0,0.580809393,9.63E-05,0,0
C03115,0,0.541957346,0.00056456,0,0
C01324,0,0.56719693,0.000163416,0,0
C04519,0,0.530210944,7.58E-05,0,0
C02361,0,0.512355725,3.61E-05,0,0
C07445,0,0.467927412,0.000117886,0,0
C06565,0,0.514409306,3.93E-05,0,0
C06042,0,0.486520069,0.000163071,0,0
C03424,0,0.556148756,0.000236932,0,0
C02481,0,0.508407777,4.81E-05,0,0
C03831,0,0.539655395,0.000188386,0,0
C07986,0,0.487013822,0.000253526,0,0
C01399,0,0.5313251,0.000165289,0,0
C06275,0,0.537539177,0.000412534,0,0
C07901,0,0.536858206,0.000247816,0,0
C04816,0,0.518851102,5.59E-05,0,0
C07271,0,0.506747567,8.57E-05,0,0
C06791,0,0.523322346,3.41E-05,0,0
C06765,0,0.554921666,0.000292563,0,0
C07291,0,0.504234674,0.000347019,0,0
C07474,0,0.582230645,0.00025233,0,0
C01539,0,0.529484264,5.07E-05,0,0
C04225,0,0.512685007,0.000128072,0,0
C05829,0,0.584971045,0.000257687,0,0
C06998,0,0.534603973,0.000516427,0,0
C03176,0,0.509092328,8.01E-05,0,0
C02502,0,0.55714317,0.000252997,0,0
C04949,0,0.538501031,4.24E-05,0,0
C02487,0,0.507691252,0.000271122,0,0
C04510,0,0.534287004,0.00024309,0,0
C07265,0,0.48908278,0.000275304,0,0
C02102,0,0.574735811,0.00030631,0,0
C07355,0,0.496511486,0.000126141,0,0
C01970,0,0.50373257,8.08E-05,0,0
C06228,0,0.491578585,0.000121587,0,0
C03742,0,0.563175212,0.000231997,0,0
C01665,0,0.525185992,0.000100838,0,0
C01245,0,0.536842247,0.0004466,0,0
C02002,0,0.510413892,3.51E-05,0,0
C01303,0,0.535222204,0.000244798,0,0
C07699,0,0.545470772,0.000481193,0,0
C04969,0,0.540929333,0.000264883,0,0
C01720,0,0.566552619,0.000400847,0,0
C03082,0,0.569375151,7.75E-06,0,0
C04754,0,0.55138261,1.95E-05,0,0
C02682,0,0.567240881,0.00037027,0,0
C03042,0,0.51720568,6.65E-05,0,0
C07575,0,0.551607028,0.000293002,0,0
C03480,0,0.51212093,3.60E-05,0,0
C06845,0,0.52900438,0.000274782,0,0
C05029,0,0.542926018,0.000210107,0,0
C02782,0,0.539427449,0.000252635,0,0
C02939,0,0.552391179,4.44E-05,0,0
C02979,0,0.530174942,0.000277197,0,0
C05516,0,0.569653361,1.91E-05,0,0
C05079,0,0.552772861,0.000321674,0,0
C02564,0,0.574458432,0.000123997,0,0
C05587,0,0.526201395,4.55E-05,0,0
C05522,0,0.513568259,3.72E-05,0,0
C01948,0,0.526042671,0.000203337,0,0
C03873,0,0.548248896,0.000591876,0,0
C05374,0,0.525994044,8.25E-05,0,0
C05396,0,0.506735664,0.000485183,0,0
C03822,0,0.567471535,0.000534462,0,0
C04795,0,0.539291397,0.000240428,0,0
C01724,0,0.488147523,0.000297519,0,0
C04623,0,0.543858681,0.000211584,0,0
C07809,0,0.529004137,0.00028608,0,0
C07830,0,0.501415548,0.000339806,0,0
C02109,0,0.512867942,4.03E-05,0,0
C02087,0,0.526700881,9.02E-05,0,0
C03657,0,0.527639296,8.10E-05,0,0
C03315,0,0.524624537,4.38E-05,0,0
C02040,0,0.554457417,0.00029154,0,0
C02833,0,0.506747567,8.57E-05,0,0
C06862,0,0.553990369,5.35E-05,0,0
C05321,0,0.537772779,0.000413257,0,0
C04901,0,0.549574506,5.17E-05,0,0
C01861,0,0.547787321,0.000641864,0,0
C03867,0,0.591121878,0.000120214,0,0
C04749,0,0.489934358,0.000125045,0,0
C06324,0,0.488692508,0.000154409,0,0
C04108,0,0.552848027,0.000274615,0,0
C01243,0,0.52549083,0.00026766,0,0
C04476,0,0.567101306,0.000239005,0,0
C02341,0,0.571981194,0.000326424,0,0
C03237,0,0.461469215,0.000259097,0,0
C01327,0,0.546831852,2.42E-05,0,0
C02661,0,0.531559106,0.000165578,0,0
C01412,0,0.549281796,0.00011855,0,0
C01772,0,0.555849876,0.000294618,0,0
C04846,0,0.512084161,0.000163169,0,0
C05644,0,0.517446953,0.000140641,0,0
C04191,0,0.575195119,0.000307384,0,0
C06276,0,0.569444682,0.000294222,0,0
C01469,0,0.530948115,4.59E-05,0,0
C03416,0,0.543123518,0.000569522,0,0
C02898,0,0.531325082,0.000238189,0,0
C07629,0,0.530738503,4.94E-05,0,0
C05713,0,0.554858829,0.000300272,0,0
C03187,0,0.545024077,0.000213444,0,0
C06621,0,0.545426401,0.000147381,0,0
C03006,0,0.577715054,0.00041491,0,0
C02925,0,0.585199177,0.000258138,0,0
C05144,0,0.575836202,0.000125306,0,0
C03428,0,0.528576067,8.15E-05,0,0
C03109,0,0.527833256,0.000283587,0,0
C04095,0,0.532288739,4.76E-05,0,0
C03678,0,0.503322949,0.000107508,0,0
C02912,0,0.553982447,6.51E-05,0,0
C04639,0,0.532281109,0.000281599,0,0
C07974,0,0.52182355,0.000197029,0,0
C03752,0,0.578592088,0.000139267,0,0
C04245,0,0.536959684,0.000257116,0,0
C04820,0,0.56908149,0.000497166,0,0
C02518,0,0.519336283,0.000124965,0,0
C04845,0,0.512394375,3.69E-05,0,0
C06909,0,0.573998917,0.000123563,0,0
C05281,0,0.548174385,6.78E-05,0,0
C07684,0,0.553962302,0.000525467,0,0
C01972,0,0.588569987,4.39E-05,0,0
C04919,0,0.510648479,3.66E-05,0,0
C06467,0,0.569440742,0.000389573,0,0
C04782,0,0.523181646,8.07E-05,0,0
C03701,0,0.567467608,0.000491112,0,0
C04587,0,0.540661426,3.85E-05,0,0
C03376,0,0.54478707,0.000195783,0,0
C04855,0,0.512853462,8.97E-05,0,0
C06744,0,0.554457417,0.00029154,0,0
C06967,0,0.526983757,0.000222846,0,0
C03288,0,0.54082798,0.000255302,0,0
C07605,0,0.507022725,7.38E-05,0,0
C02366,0,0.534154726,0.000251771,0,0
C03502,0,0.56295573,4.09E-05,0,0
C07161,0,0.544755364,0.000576541,0,0
C01810,0,0.550444789,0.000119592,0,0
C06542,0,0.543854713,0.000194417,0,0
C02041,0,0.484464118,7.72E-05,0,0
C04877,0,0.551430835,6.95E-05,0,0
C05455,0,0.587019033,0.000240541,0,0
C03238,0,0.541755795,0.000191378,0,0
C04729,0,0.546544594,6.69E-05,0,0
C04255,0,0.576987349,0.00013757,0,0
C03431,0,0.551635197,0.000474469,0,0
C03960,0,0.530178926,0.000301671,0,0
C04827,0,0.523158676,4.84E-05,0,0
C07460,0,0.529529072,4.73E-05,0,0
C02457,0,0.536858206,0.000247816,0,0
C05323,0,0.516624168,0.000156722,0,0
C04489,0,0.492854986,0.00012726,0,0
C06393,0,0.575424707,0.000443703,0,0
C06507,0,0.503760835,0.000317753,0,0
C02216,0,0.57835904,0.000127743,0,0
C05524,0,0.535085981,0.00023297,0,0
C07945,0,0.505350207,4.32E-05,0,0
C03036,0,0.571804814,0.000169239,0,0
C07024,0,0.533430648,0.000167914,0,0
C05318,0,0.572211245,0.000326996,0,0
C07667,0,0.57836294,0.000139023,0,0
C05743,0,0.527610911,5.00E-05,0,0
C04283,0,0.551635197,0.000474469,0,0
C04316,0,0.556023012,0.000329654,0,0
C07935,0,0.582102847,0.000322596,0,0
C04348,0,0.488290836,0.000118643,0,0
C06447,0,0.553064103,0.000288494,0,0
C07630,0,0.534579905,0.000226978,0,0
C01333,0,0.506970555,0.000486033,0,0
C04183,0,0.545735428,0.000143249,0,0
C04202,0,0.584058154,0.000255889,0,0
C06777,0,0.514468618,3.67E-05,0,0
C06913,0,0.477966293,0.000303265,0,0
C02822,0,0.513102719,4.04E-05,0,0
C06262,0,0.525185527,0.000195558,0,0
C03086,0,0.5502605,0.000294398,0,0
C05540,0,0.577904544,0.000138537,0,0
C05652,0,0.516520143,3.24E-05,0,0
C02843,0,0.538828369,0.000260742,0,0
C02724,0,0.537205712,0.000171958,0,0
C04641,0,0.576346726,0.000337463,0,0
C01752,0,0.493089875,0.000127483,0,0
C03195,0,0.468716582,0.000273546,0,0
C06283,0,0.524898989,2.37E-05,0,0
C07547,0,0.573998917,0.000123563,0,0
C07847,0,0.550761737,0.000157716,0,0
C02353,0,0.565860171,0.000398748,0,0
C02778,0,0.574276374,0.000305239,0,0
C04425,0,0.506528716,4.75E-05,0,0
C04764,0,0.536254679,0.000235019,0,0
C07159,0,0.503226531,0.000161881,0,0
C02347,0,0.576295198,0.000125746,0,0
C07846,0,0.555367391,0.000405109,0,0
C07596,0,0.523056022,0.000100136,0,0
C01552,0,0.510728325,0.000499835,0,0
C07820,0,0.508996909,0.00021393,0,0
C04132,0,0.546358225,0.000148416,0,0
C03124,0,0.543400779,0.000129341,0,0
C03998,0,0.577061358,0.000285226,0,0
C05433,0,0.519570315,3.31E-05,0,0
C06810,0,0.537321514,0.00022851,0,0
C05354,0,0.546125299,0.000148157,0,0
C03399,0,0.563852502,0.000244578,0,0
C05134,0,0.538243911,0.000451314,0,0
C06981,0,0.532317092,7.71E-05,0,0
C02829,0,0.57128692,0.000429942,0,0
C03744,0,0.488867994,0.000165951,0,0
C06091,0,0.561771456,0.000240755,0,0
C06133,0,0.54615729,0.000634049,0,0
C06149,0,0.491347716,0.000132093,0,0
C07887,0,0.488629181,0.000152219,0,0
C03270,0,0.55800769,0.000261488,0,0
C04684,0,0.537075899,0.000447382,0,0
C07175,0,0.502758189,0.000261336,0,0
C02781,0,0.568288349,0.000386178,0,0
C03917,0,0.541507108,0.000467086,0,0
C03476,0,0.50980088,8.77E-05,0,0
C01935,0,0.531797082,0.000180515,0,0
C07015,0,0.529278514,8.20E-05,0,0
C06083,0,0.553990369,5.35E-05,0,0
C02330,0,0.490011348,3.49E-05,0,0
C05527,0,0.563645305,3.78E-05,0,0
C04740,0,0.531099153,0.000547449,0,0
C02000,0,0.527861639,0.000459225,0,0
C04101,0,0.545269449,0.000142748,0,0
C05914,0,0.490040592,0.000135618,0,0
C05951,0,0.579279328,0.00014,0,0
C02849,0,0.4893334,0.000159313,0,0
C04069,0,0.533453141,0.000250452,0,0
C06434,0,0.52586849,0.000102262,0,0
C05861,0,0.504438782,7.24E-05,0,0
C02387,0,0.571388402,0.000550602,0,0
C02477,0,0.52930954,4.53E-05,0,0
C05722,0,0.554249285,4.50E-05,0,0
C03918,0,0.488147523,0.000297519,0,0
C05836,0,0.544557977,0.000212698,0,0
C07273,0,0.529044378,8.18E-05,0,0
C06081,0,0.575191193,0.000406998,0,0
C04805,0,0.593617961,0.000122552,0,0
C06440,0,0.529718376,5.08E-05,0,0
C02277,0,0.483962245,0.000247821,0,0
C01545,0,0.520027562,0.000188169,0,0
C02975,0,0.559351114,4.68E-05,0,0
C06216,0,0.551419056,0.000393232,0,0
C07554,0,0.530158849,0.000178316,0,0
C01683,0,0.538029936,3.88E-05,0,0
C06226,0,0.542685297,5.78E-05,0,0
C04181,0,0.542214824,7.62E-05,0,0
C06382,0,0.544084276,8.41E-05,0,0
C06336,0,0.502821134,0.000315536,0,0
C04312,0,0.514170567,3.61E-05,0,0
C05166,0,0.538504247,0.000135681,0,0
C04311,0,0.543155674,6.31E-05,0,0
C04650,0,0.55143481,5.24E-05,0,0
C04195,0,0.546721128,0.000282427,0,0
C04930,0,0.506042877,8.53E-05,0,0
C02242,0,0.527448248,0.000205484,0,0
C03356,0,0.547917463,0.000502092,0,0
C02763,0,0.532752974,0.000307536,0,0
C06396,0,0.506289577,4.53E-05,0,0
C06142,0,0.487952974,0.000255307,0,0
C03230,0,0.522761423,0.000198414,0,0
C02552,0,0.516755366,0.000122582,0,0
C01247,0,0.549526226,2.10E-05,0,0
C05152,0,0.537890184,0.000237916,0,0
C07433,0,0.549807121,5.18E-05,0,0
C07309,0,0.552831802,0.000287989,0,0
C07340,0,0.514405067,3.76E-05,0,0
C05886,0,0.578515785,8.70E-05,0,0
C03002,0,0.528301889,0.000273343,0,0
C04187,0,0.506998501,4.76E-05,0,0
C07483,0,0.548453632,0.000150773,0,0
C07870,0,0.512116612,0.000287577,0,0
C01427,0,0.570010912,0.000411511,0,0
C02886,0,0.570010912,0.000411511,0,0
C03652,0,0.500492303,0.000194405,0,0
C04149,0,0.538785953,0.000234245,0,0
C04555,0,0.552772861,0.000321674,0,0
C01279,0,0.56908149,0.000497166,0,0
C01376,0,0.550456573,2.11E-05,0,0
C04153,0,0.567006235,0.000489396,0,0
C01707,0,0.549849621,0.000152366,0,0
C07961,0,0.46465328,0.000115031,0,0
C04770,0,0.576065716,0.000125526,0,0
C06783,0,0.552071848,0.00029403,0,0
C01710,0,0.563311125,0.000475882,0,0
C05762,0,0.572897295,0.00030205,0,0
C06689,0,0.577904544,0.000138537,0,0
C02243,0,0.537629972,4.10E-05,0,0
C03539,0,0.519331742,3.04E-05,0,0
C06958,0,0.530409015,0.000277683,0,0
C02051,0,0.502821134,0.000315536,0,0
C01467,0,0.568807131,0.000152008,0,0
C01671,0,0.545687418,0.000580591,0,0
C03628,0,0.526924719,0.000456021,0,0
C05971,0,0.560151356,0.000237822,0,0
C07288,0,0.5683461,0.000151477,0,0
C04039,0,0.484638156,0.000147755,0,0
C07202,0,0.494866819,0.000129728,0,0
C07855,0,0.557544093,0.000260574,0,0
C06911,0,0.55395835,0.000482847,0,0
C01785,0,0.541522489,0.000191043,0,0
C05872,0,0.518144246,6.70E-05,0,0
C07842,0,0.563852502,0.000244578,0,0
C06238,0,0.504935422,0.000320546,0,0
C03343,0,0.504704507,0.000348236,0,0
C03538,0,0.524799439,4.90E-05,0,0
C04005,0,0.535102353,0.00016927,0,0
C07255,0,0.518136351,0.00041278,0,0
C02344,0,0.575424725,0.000307923,0,0
C06928,0,0.562696638,0.000242446,0,0
C01727,0,0.542701198,0.000128664,0,0
C06540,0,0.532760603,5.20E-05,0,0
C02846,0,0.525808349,0.000292501,0,0
C05446,0,0.534400952,0.000168383,0,0
C06484,0,0.514938082,3.68E-05,0,0
C07283,0,0.552308179,0.00032055,0,0
C06491,0,0.556805645,5.00E-05,0,0
C06560,0,0.569395119,0.000187866,0,0
C01597,0,0.562026732,3.73E-05,0,0
C06722,0,0.510238071,0.000283578,0,0
C04689,0,0.574042678,0.000403452,0,0
C02097,0,0.547891565,3.00E-05,0,0
C02269,0,0.550729428,6.35E-05,0,0
C05386,0,0.539193966,0.000252193,0,0
C03623,0,0.507622153,0.00015783,0,0
C02292,0,0.539174044,0.00041762,0,0
C07350,0,0.503056062,0.000316089,0,0
C01887,0,0.531563195,0.00050481,0,0
C05202,0,0.550493051,0.000294914,0,0
C07984,0,0.541518931,8.25E-05,0,0
C04401,0,0.587250711,0.000262238,0,0
C02322,0,0.529706513,0.000287586,0,0
C02211,0,0.535323731,0.000253984,0,0
C06391,0,0.499317627,0.000192711,0,0
C07062,0,0.55303332,0.000521802,0,0
C04396,0,0.543167604,0.000129115,0,0
C02305,0,0.553277934,0.000398777,0,0
C06343,0,0.536267067,0.000156903,0,0
C02505,0,0.504884385,4.69E-05,0,0
C04815,0,0.517674979,6.68E-05,0,0
C02228,0,0.550476726,0.000511852,0,0
C05695,0,0.55911168,0.000287906,0,0
C05513,0,0.522114208,9.14E-05,0,0
C01798,0,0.575836202,0.000125306,0,0
C01813,0,0.584058154,0.000255889,0,0
C06195,0,0.573539275,0.000123131,0,0
C01298,0,0.526276945,0.000293527,0,0
C02940,0,0.517892166,8.85E-05,0,0
C04346,0,0.482525778,0.000151426,0,0
C01702,0,0.552332384,0.000476967,0,0
C02689,0,0.514276514,4.07E-05,0,0
C05314,0,0.536620561,0.000227313,0,0
C06537,0,0.535982497,0.000229375,0,0
C02854,0,0.565023803,0.000235269,0,0
C02433,0,0.555169963,0.000279464,0,0
C05074,0,0.568628395,0.000407211,0,0
C06146,0,0.531329189,0.000503927,0,0
C07857,0,0.505354206,4.70E-05,0,0
C01433,0,0.53622805,4.06E-05,0,0
C06819,0,0.551843406,0.000319429,0,0
C05167,0,0.495536207,3.73E-05,0,0
C06946,0,0.492752973,0.000122656,0,0
C01990,0,0.52697162,4.85E-05,0,0
C03053,0,0.504716981,0.000265656,0,0
C02935,0,0.558997299,0.000256565,0,0
C01974,0,0.490042148,0.00016741,0,0
C07707,0,0.568163374,0.000537275,0,0
C05244,0,0.543140861,0.000430233,0,0
C03806,0,0.568008198,0.00017082,0,0
C05867,0,0.562390169,0.000514275,0,0
C06930,0,0.58278849,0.000324294,0,0
C04889,0,0.558934579,0.000263326,0,0
C02908,0,0.552348678,0.000395995,0,0
C07594,0,0.552776928,1.97E-05,0,0
C02709,0,0.490481039,3.50E-05,0,0
C01423,0,0.523787184,3.14E-05,0,0
C01997,0,0.552632801,8.49E-05,0,0
C07180,0,0.571977278,0.000299943,0,0
C07567,0,0.569444664,0.000423964,0,0
C03479,0,0.539434305,0.000125548,0,0
C07786,0,0.481118274,0.000143926,0,0
C02297,0,0.540348156,7.51E-05,0,0
C07800,0,0.537863568,4.11E-05,0,0
C05025,0,0.556337841,4.57E-05,0,0
C03661,0,0.534154726,0.000251771,0,0
C07880,0,0.485637744,7.78E-05,0,0
C07485,0,0.526872474,0.000211704,0,0
C06949,0,0.462419465,0.00014477,0,0
C01712,0,0.558648326,0.0002869,0,0
C01255,0,0.512856045,0.000228264,0,0
C07240,0,0.546667145,0.000144256,0,0
C04076,0,0.540915573,1.64E-05,0,0
C01682,0,0.508565646,0.000172974,0,0
C03478,0,0.510258661,0.000498089,0,0
C03891,0,0.555787065,0.000302382,0,0
C04891,0,0.528572081,7.49E-05,0,0
C04630,0,0.565577448,0.000148328,0,0
C05803,0,0.494973085,0.000140697,0,0
C07453,0,0.57996626,0.000140737,0,0
C05306,0,0.515680865,3.78E-05,0,0
C07437,0,0.536492349,0.000256217,0,0
C01436,0,0.532317092,7.71E-05,0,0
C03252,0,0.583930515,0.000327145,0,0
C05621,0,0.557080396,0.000259664,0,0
C07678,0,0.560151356,0.000237822,0,0
C02139,0,0.542674451,0.000428729,0,0
C05153,0,0.565959122,4.18E-05,0,0
C06214,0,0.553005168,0.000322238,0,0
C01681,0,0.557501241,5.02E-05,0,0
C01828,0,0.546414384,8.56E-05,0,0
C05943,0,0.525518985,0.000451257,0,0
C04278,0,0.55700959,0.000297208,0,0
C06801,0,0.542222352,0.000192049,0,0
C06225,0,0.549163514,2.68E-05,0,0
C06458,0,0.572264932,0.000169833,0,0
C04099,0,0.529742762,7.56E-05,0,0
C07360,0,0.484172738,0.00016024,0,0
C03148,0,0.4934456,0.000241852,0,0
C04967,0,0.535693357,3.81E-05,0,0
C06635,0,0.513705057,3.91E-05,0,0
C02562,0,0.534837776,0.000517332,0,0
C05789,0,0.529290947,6.25E-05,0,0
C05382,0,0.54522143,0.000578563,0,0
C03651,0,0.496574844,0.000127956,0,0
C01716,0,0.534140303,0.000560047,0,0
C03521,0,0.529706513,0.000287586,0,0
C04578,0,0.555323198,0.000124071,0,0
C06828,0,0.507152385,0.000157279,0,0
C07805,0,0.536624539,0.000247383,0,0
C02770,0,0.536477936,0.000569934,0,0
C05438,0,0.492854986,0.00012726,0,0
C01419,0,0.527205865,4.85E-05,0,0
C07864,0,0.507626151,0.000171767,0,0
C04291,0,0.515036547,0.000141843,0,0
C02083,0,0.505743009,0.000155635,0,0
C02273,0,0.536842247,0.0004466,0,0
C02250,0,0.553934162,0.000324502,0,0
C04084,0,0.533759509,5.10E-05,0,0
C03243,0,0.513807014,4.06E-05,0,0
C04434,0,0.523322893,0.000128741,0,0
C07139,0,0.522841597,0.000192164,0,0
C04545,0,0.560555644,0.000266572,0,0
C07317,0,0.553697996,0.000297655,0,0
C01357,0,0.528354328,6.21E-05,0,0
C01690,0,0.552371086,0.00031232,0,0
C04894,0,0.533581221,0.000231334,0,0
C01773,0,0.518854706,0.000142127,0,0
C04515,0,0.505819775,4.52E-05,0,0
C05100,0,0.533815089,0.000231739,0,0
C05679,0,0.55138261,1.95E-05,0,0
C07061,0,0.55165547,0.000297506,0,0
C01932,0,0.509910185,1.29E-05,0,0
C02608,0,0.580809393,9.63E-05,0,0
C05683,0,0.526363309,7.03E-05,0,0
C02295,0,0.539434305,0.000125548,0,0
C04138,0,0.569089354,0.000408639,0,0
C06438,0,0.580497888,0.000292815,0,0
C03155,0,0.526197742,0.000292826,0,0
C05012,0,0.560551704,0.000244946,0,0
C05494,0,0.556177943,8.49E-05,0,0
C06751,0,0.530642831,0.000289607,0,0
C04690,0,0.566317885,0.000529806,0,0
C07110,0,0.539524873,0.00024085,0,0
C06829,0,0.553469712,0.000323368,0,0
C07817,0,0.580955511,0.000293842,0,0
C01360,0,0.547917463,0.000502092,0,0
C04727,0,0.576805575,0.000338646,0,0
C04818,0,0.532990746,1.97E-05,0,0
C03110,0,0.513560403,0.000174844,0,0
C03611,0,0.554925617,0.000318392,0,0
C05611,0,0.533410659,0.000225,0,0
C03843,0,0.548485595,0.000645242,0,0
C01973,0,0.581188163,0.000320345,0,0
C03072,0,0.55329638,0.000288999,0,0
C02009,0,0.574042678,0.000403452,0,0
C04067,0,0.551205056,0.000284482,0,0
C07084,0,0.533152193,7.40E-05,0,0
C05364,0,0.510493495,0.000498961,0,0
C07757,0,0.53964497,0.000456079,0,0
C07335,0,0.54781546,6.53E-05,0,0
C07561,0,0.557033588,4.60E-05,0,0
C02693,0,0.465207953,0.000266456,0,0
C05796,0,0.539524873,0.00024085,0,0
C06320,0,0.526662311,0.000270013,0,0
C01637,0,0.500345616,3.05E-05,0,0
C02500,0,0.506528716,4.75E-05,0,0
C06853,0,0.547064716,2.42E-05,0,0
C01388,0,0.531650159,4.61E-05,0,0
C05452,0,0.507917992,7.94E-05,0,0
C07201,0,0.578895125,0.000289249,0,0
C05469,0,0.547995965,2.44E-05,0,0
C05818,0,0.565266453,4.16E-05,0,0
C02259,0,0.57092413,0.000504176,0,0
C01714,0,0.56627393,0.000162275,0,0
C07875,0,0.481015304,0.000310246,0,0
C02997,0,0.534833672,0.000244526,0,0
C03154,0,0.525308974,6.07E-05,0,0
C06703,0,0.564318586,0.000267106,0,0
C07010,0,0.519086678,7.34E-05,0,0
C07784,0,0.581769521,0.000231048,0,0
C04936,0,0.549747059,0.000118965,0,0
C07493,0,0.560551704,0.000244946,0,0
C02294,0,0.51274994,7.00E-05,0,0
C07441,0,0.538326735,3.79E-05,0,0
C02951,0,0.578440785,0.000313686,0,0
C03606,0,0.56627393,0.000162275,0,0
C04392,0,0.555169963,0.000279464,0,0
C01555,0,0.549987485,1.93E-05,0,0
C02611,0,0.546824016,0.000148937,0,0
C03299,0,0.537426955,0.000258018,0,0
C04063,0,0.552312247,1.97E-05,0,0
C04785,0,0.548284523,0.00021874,0,0
C02748,0,0.530706196,0.000282171,0,0
C05864,0,0.534754635,0.000243942,0,0
C01559,0,0.544522301,0.000575533,0,0
C07247,0,0.548824278,1.92E-05,0,0
C01270,0,0.482291133,0.000151162,0,0
C03716,0,0.512511158,6.42E-05,0,0
C04118,0,0.55992375,0.000258368,0,0
C04325,0,0.543589856,0.000571518,0,0
C01653,0,0.554675088,0.000304354,0,0
C07894,0,0.538956491,0.000231327,0,0
C03375,0,0.521442641,3.09E-05,0,0
C05449,0,0.543610192,0.000358372,0,0
C05675,0,0.551437516,0.00028498,0,0
C07705,0,0.531208076,8.03E-05,0,0
C04927,0,0.538501031,4.24E-05,0,0
C03453,0,0.53111091,0.000290623,0,0
C05422,0,0.500018415,0.000256516,0,0
C07688,0,0.516914108,0.000143843,0,0
C07768,0,0.499802967,0.000113969,0,0
C04327,0,0.532027077,0.000166159,0,0
C03040,0,0.49633992,0.000127732,0,0
C05282,0,0.569546253,0.000542947,0,0
C07004,0,0.515100093,0.0001382,0,0
C06297,0,0.533672593,0.00055809,0,0
C04055,0,0.543388419,0.000193738,0,0
C05298,0,0.516728453,0.000408468,0,0
C01923,0,0.517558269,3.84E-05,0,0
C03250,0,0.546173642,0.000365339,0,0
C03977,0,0.51954396,0.000417138,0,0
C02013,0,0.530647058,0.000302729,0,0
C05143,0,0.583013078,0.000298508,0,0
C01426,0,0.551437516,0.00028498,0,0
C04043,0,0.577216698,0.000137811,0,0
C02171,0,0.577027124,0.000412737,0,0
C06736,0,0.514093607,0.000129424,0,0
C03627,0,0.490817891,3.64E-05,0,0
C05607,0,0.552434999,2.50E-05,0,0
C02399,0,0.514976722,3.76E-05,0,0
C03106,0,0.578682882,8.94E-05,0,0
C05006,0,0.527583289,0.000490012,0,0
C01375,0,0.52670233,8.04E-05,0,0
C05329,0,0.536620561,0.000227313,0,0
C03965,0,0.542214824,7.62E-05,0,0
C06832,0,0.552540532,0.000321111,0,0
C04389,0,0.531202587,4.55E-05,0,0
C04423,0,0.547113024,8.60E-05,0,0
C06163,0,0.544546488,7.76E-05,0,0
C07126,0,0.503777308,0.000263802,0,0
C02874,0,0.575199028,0.000334522,0,0
C02499,0,0.512752567,0.000135802,0,0
C04154,0,0.536959684,0.000257116,0,0
C05332,0,0.545671193,2.61E-05,0,0
C05866,0,0.556031022,2.20E-05,0,0
C05573,0,0.576299104,0.00013685,0,0
C07132,0,0.543392388,0.000210844,0,0
C06344,0,0.560155298,0.00025882,0,0
C06794,0,0.561324864,0.000228771,0,0
C01401,0,0.574965463,0.000442152,0,0
C04953,0,0.575191193,0.000406998,0,0
C07169,0,0.567112997,4.22E-05,0,0
C07499,0,0.496985336,0.000137761,0,0
C03436,0,0.528289881,0.000536072,0,0
C04457,0,0.49040429,0.000120528,0,0
C05255,0,0.572671252,0.000328142,0,0
C03649,0,0.51354588,0.000510444,0,0
C04175,0,0.515330815,0.00012721,0,0
C04467,0,0.487985458,7.92E-05,0,0
C03555,0,0.516508295,0.00013966,0,0
C07573,0,0.539204797,0.000136396,0,0
C04981,0,0.53382694,4.09E-05,0,0
C05505,0,0.572724925,0.000170428,0,0
C01321,0,0.515801599,7.16E-05,0,0
C01835,0,0.520723628,7.51E-05,0,0
C03329,0,0.50767521,0.000488591,0,0
C07590,0,0.558298246,0.000234515,0,0
C01470,0,0.509059835,0.000258301,0,0
C02323,0,0.519331742,3.04E-05,0,0
C04831,0,0.508594109,0.000280124,0,0
C06425,0,0.576572244,0.000447603,0,0
C06643,0,0.565493441,3.83E-05,0,0
C04631,0,0.513215497,6.46E-05,0,0
C03484,0,0.556330036,0.000281921,0,0
C06282,0,0.522620062,7.55E-05,0,0
C06710,0,0.532309219,0.000474753,0,0
C05470,0,0.544080308,7.73E-05,0,0
C05096,0,0.519786426,6.78E-05,0,0
C03259,0,0.551194417,6.37E-05,0,0
C03880,0,0.559166238,0.000263787,0,0
C05056,0,0.527138462,4.58E-05,0,0
C01664,0,0.532450421,7.36E-05,0,0
C04509,0,0.511877816,0.000263784,0,0
C03808,0,0.574232601,0.00013471,0,0
C03875,0,0.582327539,0.000296945,0,0
C04360,0,0.554398518,0.00032564,0,0
C05837,0,0.513677127,0.000399279,0,0
C03759,0,0.513235528,3.90E-05,0,0
C04842,0,0.559629477,0.000264712,0,0
C06406,0,0.536624539,0.000247383,0,0
C07326,0,0.532031166,0.00050658,0,0
C05454,0,0.535218225,0.000224937,0,0
C06249,0,0.527841137,4.60E-05,0,0
C07665,0,0.545920381,0.000581608,0,0
C06632,0,0.514041768,4.07E-05,0,0
C06136,0,0.55684851,0.000259209,0,0
C07528,0,0.545968388,0.0001435,0,0
C07762,0,0.526700881,9.02E-05,0,0
C04965,0,0.530706196,0.000282171,0,0
C05896,0,0.48816356,0.000165081,0,0
C01693,0,0.536854228,0.000227711,0,0
C05084,0,0.507221486,0.000270175,0,0
C07902,0,0.508796512,0.000159218,0,0
C06796,0,0.568008198,0.00017082,0,0
C01875,0,0.535256713,7.51E-05,0,0
C07028,0,0.534984205,0.000233777,0,0
C01925,0,0.54430955,0.000360259,0,0
C04458,0,0.536858206,0.000247816,0,0
C06922,0,0.523087917,3.40E-05,0,0
C03359,0,0.513795118,0.000229868,0,0
C03750,0,0.538010341,0.000450525,0,0
C04511,0,0.514397411,0.00022272,0,0
C06684,0,0.551610985,0.000318871,0,0
C03991,0,0.51534422,3.64E-05,0,0
C04300,0,0.52094171,9.06E-05,0,0
C05263,0,0.523520883,9.23E-05,0,0
C03482,0,0.521176228,9.07E-05,0,0
C02927,0,0.553934162,0.000324502,0,0
C02272,0,0.541056254,6.21E-05,0,0
C06112,0,0.549979454,0.000289434,0,0
C06663,0,0.556809663,6.82E-05,0,0
C02291,0,0.496965292,0.000228143,0,0
C05891,0,0.539901976,4.28E-05,0,0
C03084,0,0.510963149,0.000500711,0,0
C05055,0,0.56663984,0.00023817,0,0
C07017,0,0.506047016,0.00026782,0,0
C01314,0,0.560410779,4.01E-05,0,0
C03957,0,0.539901976,4.28E-05,0,0
C05671,0,0.567010162,0.000532595,0,0
C07910,0,0.542448076,7.63E-05,0,0
C05970,0,0.492135852,0.000281641,0,0
C02885,0,0.535927087,3.82E-05,0,0
C02641,0,0.575195101,0.000442927,0,0
C02351,0,0.551891733,6.40E-05,0,0
C06729,0,0.548930839,2.67E-05,0,0
C05200,0,0.555799024,2.20E-05,0,0
C07593,0,0.573586978,0.000303641,0,0
C05763,0,0.486285307,0.000162785,0,0
C03869,0,0.557371078,0.000232878,0,0
C06304,0,0.526646311,0.000486593,0,0
C04924,0,0.56627393,0.000162275,0,0
C06048,0,0.561195491,0.000292478,0,0
C05127,0,0.487689723,0.000157373,0,0
C07209,0,0.53546359,4.14E-05,0,0
C07274,0,0.517649631,0.000544513,0,0
C07285,0,0.528611085,4.91E-05,0,0
C04568,0,0.531167559,4.79E-05,0,0
C01315,0,0.562238038,0.00026293,0,0
C01824,0,0.539411503,0.000455281,0,0
C06263,0,0.58233143,0.000323161,0,0
C03840,0,0.570797007,2.35E-05,0,0
C01890,0,0.544755364,0.000576541,0,0
C04551,0,0.5168464,0.000235159,0,0
C02413,0,0.560281347,5.13E-05,0,0
C02410,0,0.533555444,1.33E-05,0,0
C07223,0,0.538006366,0.000413981,0,0
C06626,0,0.536722047,0.000235843,0,0
C04105,0,0.551651495,0.000393921,0,0
C03046,0,0.576528552,0.000137089,0,0
C07669,0,0.532788953,8.42E-05,0,0
C02837,0,0.552548554,2.15E-05,0,0
C03845,0,0.532994523,5.20E-05,0,0
C05634,0,0.566775504,0.00048854,0,0
C05525,0,0.55922895,0.000257014,0,0
C01876,0,0.532680378,6.77E-05,0,0
C03795,0,0.553281906,0.000301174,0,0
C04801,0,0.516504301,0.000128328,0,0
C04772,0,0.535685734,0.000225726,0,0
C07785,0,0.534833672,0.000244526,0,0
C02802,0,0.547598536,0.000145269,0,0
C03199,0,0.536152937,0.000235832,0,0
C05571,0,0.569671131,0.000390255,0,0
C05348,0,0.574965463,0.000442152,0,0
C03992,0,0.488863997,0.000152486,0,0
C04646,0,0.511912928,0.000158701,0,0
C06057,0,0.530416853,1.93E-05,0,0
C03655,0,0.552158812,4.43E-05,0,0
C02122,0,0.539894363,0.000253521,0,0
C02226,0,0.602133402,9.36E-05,0,0
C07246,0,0.509501082,0.000160057,0,0
C03474,0,0.527845124,5.01E-05,0,0
C03501,0,0.531615167,7.66E-05,0,0
C06726,0,0.545924346,0.000632941,0,0
C04029,0,0.512527193,3.56E-05,0,0
C07739,0,0.515267271,0.000130562,0,0
C04087,0,0.538243911,0.000451314,0,0
C00158,0,0.516266992,6.61E-05,0,0
C04155,0,0.540808069,0.000422768,0,0
C07153,0,0.530671196,0.000468972,0,0
C07095,0,0.492461977,3.68E-05,0,0
C02439,0,0.553465961,0.000122345,0,0
C05437,0,0.495105973,0.000135845,0,0
C02215,0,0.524357657,8.86E-05,0,0
C04248,0,0.543404747,0.000140763,0,0
C02200,0,0.568393928,0.000538217,0,0
C03005,0,0.534630788,0.000154992,0,0
C06378,0,0.553289722,4.89E-05,0,0
C01721,0,0.53248287,3.63E-05,0,0
C04413,0,0.523290453,0.000100312,0,0
C02230,0,0.543625544,0.000211214,0,0
C03078,0,0.580040128,0.000291792,0,0
C07545,0,0.56409973,0.000233627,0,0
C02988,0,0.563182992,3.76E-05,0,0
C03694,0,0.555969971,1.31E-05,0,0
C06598,0,0.5464219,0.000215698,0,0
C05391,0,0.525185527,0.000195558,0,0
C04565,0,0.520181906,0.00019463,0,0
C01918,0,0.496748854,0.000111404,0,0
C07337,0,0.509974772,0.000174801,0,0
C07617,0,0.545486563,6.42E-05,0,0
C03129,0,0.532966936,0.000510139,0,0
C06539,0,0.505824018,4.72E-05,0,0
C06139,0,0.506751707,0.00026923,0,0
C02210,0,0.545486132,0.000196814,0,0
C03908,0,0.537772779,0.000413257,0,0
C07828,0,0.535229829,4.14E-05,0,0
C01797,0,0.571286938,0.000298372,0,0
C04562,0,0.518305191,0.000276566,0,0
C06563,0,0.562406707,0.000270332,0,0
C02261,0,0.51354588,0.000510444,0,0
C02483,0,0.532733015,0.000509247,0,0
C04394,0,0.5600661,4.66E-05,0,0
C06664,0,0.57358696,0.000437533,0,0
C03257,0,0.511675496,8.17E-05,0,0
C05657,0,0.507683114,7.93E-05,0,0
C04474,0,0.549775045,0.000467872,0,0
C01568,0,0.554394567,0.000299222,0,0
C07179,0,0.576983445,0.000126408,0,0
C04297,0,0.568807131,0.000152008,0,0
C04438,0,0.540123821,0.000233361,0,0
C07928,0,0.536620561,0.000227313,0,0
C03332,0,0.551150145,1.95E-05,0,0
C03943,0,0.544060085,0.000624142,0,0
C01907,0,0.505350207,4.32E-05,0,0
C04522,0,0.509788979,0.000496348,0,0
C04006,0,0.534516847,0.000223759,0,0
C07767,0,0.476577032,0.000226687,0,0
C02720,0,0.536968092,0.000157729,0,0
C05628,0,0.529577484,1.29E-05,0,0
C06101,0,0.497919498,0.000103265,0,0
C01917,0,0.511678124,0.000158423,0,0
C05649,0,0.515907667,0.000233518,0,0
C03493,0,0.561799337,4.05E-05,0,0
C04763,0,0.52191562,3.37E-05,0,0
C06367,0,0.521911629,3.10E-05,0,0
C06013,0,0.483055995,7.63E-05,0,0
C01368,0,0.542688835,0.000192723,0,0
C03802,0,0.53093353,4.78E-05,0,0
C04958,0,0.548951004,0.000647505,0,0
C02340,0,0.532680378,6.77E-05,0,0
C04197,0,0.574276356,0.000439837,0,0
C06145,0,0.519995651,0.000554126,0,0
C05512,0,0.514511255,4.08E-05,0,0
C07481,0,0.521192673,7.53E-05,0,0
C01761,0,0.554630661,0.00032621,0,0
C04340,0,0.487455177,0.000150893,0,0
C07759,0,0.534449186,0.000290186,0,0
C01262,0,0.549779004,0.000509172,0,0
C06085,0,0.558702895,0.000262865,0,0
C07649,0,0.508144963,0.000490304,0,0
C02758,0,0.547116575,0.000199241,0,0
C03362,0,0.554862779,0.000326782,0,0
C06813,0,0.553521959,7.06E-05,0,0
C07480,0,0.515093471,6.55E-05,0,0
C05162,0,0.570463652,0.000502414,0,0
C05208,0,0.527635309,7.44E-05,0,0
C04993,0,0.574961554,0.000406287,0,0
C03099,0,0.52994484,0.000301143,0,0
C03865,0,0.551607028,0.000293002,0,0
C02205,0,0.537539177,0.000412534,0,0
C05228,0,0.568854966,0.000374835,0,0
C02519,0,0.529008365,0.000299042,0,0
C03771,0,0.566500795,0.00014937,0,0
C04721,0,0.544056117,0.000573522,0,0
C04906,0,0.509035371,0.000173581,0,0
C05841,0,0.59020481,0.000246509,0,0
C07673,0,0.577715054,0.00041491,0,0
C06080,0,0.533589092,3.75E-05,0,0
C05667,0,0.525056753,8.19E-05,0,0
C05728,0,0.504831841,0.000250288,0,0
C04204,0,0.553750238,6.49E-05,0,0
C03862,0,0.583369218,0.000233897,0,0
C06572,0,0.539057904,0.000240008,0,0
C02390,0,0.577294599,0.000310952,0,0
C03108,0,0.527138462,4.58E-05,0,0
C05885,0,0.529044378,8.18E-05,0,0
C01459,0,0.553493904,0.000481159,0,0
C06193,0,0.488234743,3.57E-05,0,0
C02659,0,0.506751707,0.00026923,0,0
C03903,0,0.541305506,0.000138562,0,0
C05508,0,0.504803372,0.000154549,0,0
C05993,0,0.552801016,0.000520889,0,0
C07359,0,0.539031298,4.14E-05,0,0
C02113,0,0.59020481,0.000246509,0,0
C04929,0,0.524875029,0.000219363,0,0
C01507,0,0.547787321,0.000641864,0,0
C06774,0,0.553760865,0.000290013,0,0
C04817,0,0.536858206,0.000247816,0,0
C02414,0,0.525185527,0.000195558,0,0
C02631,0,0.541278746,0.000461701,0,0
C02959,0,0.510179056,3.50E-05,0,0
C03535,0,0.499875745,3.04E-05,0,0
C04718,0,0.589067887,0.000244361,0,0
C03012,0,0.558698951,0.000241539,0,0
C03682,0,0.559692176,0.000257916,0,0
C05424,0,0.480780712,0.000309703,0,0
C02451,0,0.549309788,0.000466237,0,0
C02637,0,0.550733386,6.91E-05,0,0
C03379,0,0.561544031,0.000261553,0,0
C04048,0,0.538725402,0.000203589,0,0
C01871,0,0.570366036,0.000426942,0,0
C06421,0,0.546651267,6.48E-05,0,0
C03475,0,0.570366054,0.00029629,0,0
C01858,0,0.550937806,0.000471985,0,0
C02031,0,0.565856241,0.000366401,0,0
C07725,0,0.554686851,5.38E-05,0,0
C02607,0,0.504016246,0.000199578,0,0
C07408,0,0.582556088,0.000297465,0,0
C01382,0,0.542688835,0.000192723,0,0
C04985,0,0.535336122,0.000169566,0,0
C05417,0,0.547317738,0.000587747,0,0
C05935,0,0.493769306,3.58E-05,0,0
C00084,0,0.552776928,1.97E-05,0,0
C05416,0,0.518631945,3.29E-05,0,0
C06021,0,0.489127033,0.000257552,0,0
C01441,0,0.492858984,0.000138497,0,0
C06115,0,0.569780567,0.000410791,0,0
C02468,0,0.546366063,2.41E-05,0,0
C06838,0,0.529238275,0.000286581,0,0
C05874,0,0.543151687,8.35E-05,0,0
C06552,0,0.526696893,8.29E-05,0,0
C01616,0,0.543854713,0.000194417,0,0
C05710,0,0.526700881,9.02E-05,0,0
C01764,0,0.526642199,0.000229993,0,0
C07745,0,0.473061955,0.000220811,0,0
C02247,0,0.527833499,0.000272387,0,0
C05592,0,0.522809701,0.000565886,0,0
C06737,0,0.536024949,0.000255322,0,0
C07152,0,0.559166238,0.000263787,0,0
C07577,0,0.552768907,0.000295578,0,0
C03579,0,0.581874229,0.000322032,0,0
C01631,0,0.510047765,4.48E-05,0,0
C01944,0,0.552772861,0.000321674,0,0
C03707,0,0.546417936,0.000198197,0,0
C07315,0,0.485581059,0.000161933,0,0
C01261,0,0.535071457,0.000184994,0,0
C05287,0,0.550093996,2.70E-05,0,0
C07937,0,0.545952074,0.000197505,0,0
C03519,0,0.550256524,0.000389805,0,0
C06502,0,0.574553372,8.66E-05,0,0
C07853,0,0.53683827,0.000410373,0,0
C07107,0,0.560088672,0.000244089,0,0
C03486,0,0.553005168,0.000322238,0,0
C06991,0,0.502622167,0.000116388,0,0
C02716,0,0.548252858,0.000644114,0,0
C03365,0,0.564474505,0.000394582,0,0
C05387,0,0.541289597,6.22E-05,0,0
C06215,0,0.564338566,3.80E-05,0,0
C01449,0,0.553045655,0.00039808,0,0
C04116,0,0.574046589,0.000439067,0,0
C02976,0,0.494381203,0.000223792,0,0
C07495,0,0.515975384,0.00014284,0,0
C02767,0,0.514741994,3.76E-05,0,0
C01510,0,0.582455318,0.000232265,0,0
C01914,0,0.490495801,0.000302773,0,0
C03368,0,0.585423391,0.000237611,0,0
C04455,0,0.548628059,0.000385058,0,0
C02793,0,0.521402846,0.000559976,0,0
C06631,0,0.549648958,0.000650913,0,0
C05844,0,0.564561823,0.000234447,0,0
C01904,0,0.530154846,0.000236113,0,0
C04382,0,0.528841259,4.52E-05,0,0
C06558,0,0.520035455,3.05E-05,0,0
C06317,0,0.519331742,3.04E-05,0,0
C07804,0,0.529980844,8.24E-05,0,0
C04488,0,0.486378539,4.30E-05,0,0
C04272,0,0.464506629,0.000265061,0,0
C04711,0,0.538493414,0.000250872,0,0
C05815,0,0.568119464,0.000164564,0,0
C03065,0,0.587250711,0.000262238,0,0
C03804,0,0.494162098,0.000129049,0,0
C06075,0,0.522765413,0.000215933,0,0
C05125,0,0.551242598,8.78E-05,0,0
C04594,0,0.521645237,9.10E-05,0,0
C02804,0,0.533200843,0.000511033,0,0
C05112,0,0.464974163,0.00026599,0,0
C01325,0,0.531567178,0.000549368,0,0
C04460,0,0.555849876,0.000294618,0,0
C05336,0,0.516493777,0.000407754,0,0
C04008,0,0.537672948,0.000172561,0,0
C07367,0,0.532966936,0.000510139,0,0
C06654,0,0.56641683,3.86E-05,0,0
C04170,0,0.545004748,0.000479511,0,0
C03548,0,0.515267271,0.000130562,0,0
C04075,0,0.534996052,4.13E-05,0,0
C04247,0,0.559806519,0.000289422,0,0
C01391,0,0.529242504,0.000299566,0,0
C06092,0,0.536620561,0.000227313,0,0
C02450,0,0.54407645,0.000359629,0,0
C03255,0,0.489556434,0.000300661,0,0
C04056,0,0.553758162,5.34E-05,0,0
C06104,0,0.538123761,0.000238333,0,0
C06230,0,0.55922895,0.000257014,0,0
C02440,0,0.558934579,0.000263326,0,0
C01353,0,0.49563516,0.000127063,0,0
C07827,0,0.559857117,0.000243663,0,0
C07259,0,0.586795565,0.000106846,0,0
C07978,0,0.490042148,0.00016741,0,0
C02702,0,0.545024077,0.000213444,0,0
C06257,0,0.54594854,5.92E-05,0,0
C01608,0,0.544988407,0.000577551,0,0
C07580,0,0.521442641,3.09E-05,0,0
C02998,0,0.568390004,0.000494562,0,0
C05175,0,0.510038351,0.000170312,0,0
C05465,0,0.522292506,0.000197721,0,0
C02579,0,0.49931361,0.000255172,0,0
C06811,0,0.466757748,0.000116858,0,0
C01895,0,0.576835891,0.000309866,0,0
C04923,0,0.575147463,0.00012465,0,0
C07959,0,0.519772973,9.77E-05,0,0
C07822,0,0.487693963,0.000164504,0,0
C03174,0,0.568620529,0.000495429,0,0
C06606,0,0.559625535,0.000243236,0,0
C04935,0,0.491343474,0.000126366,0,0
C07114,0,0.575610562,0.000136133,0,0
C04027,0,0.54407645,0.000359629,0,0
C02321,0,0.525416305,5.87E-05,0,0
C02968,0,0.528536065,0.000273821,0,0
C03897,0,0.519336283,0.000124965,0,0
C06463,0,0.558934579,0.000263326,0,0
C04944,0,0.533926278,1.98E-05,0,0
C07912,0,0.553233498,0.000296615,0,0
C02195,0,0.529335485,7.92E-05,0,0
C03163,0,0.564573529,4.14E-05,0,0
C06798,0,0.566186026,3.85E-05,0,0
C05334,0,0.578669922,0.000314236,0,0
C02068,0,0.552831802,0.000287989,0,0
C03269,0,0.565163534,0.000364482,0,0
C06401,0,0.526666299,0.000293853,0,0
C01311,0,0.540578663,0.000459283,0,0
C07079,0,0.481181544,0.000145996,0,0
C05927,0,0.53732549,0.000248686,0,0
C06415,0,0.533589092,3.75E-05,0,0
C01293,0,0.497056556,2.98E-05,0,0
C01370,0,0.551386567,2.13E-05,0,0
C07569,0,0.521442641,3.09E-05,0,0
C06388,0,0.582327539,0.000296945,0,0
C07651,0,0.569089354,0.000408639,0,0
C01290,0,0.528341893,8.14E-05,0,0
C06609,0,0.51662362,4.15E-05,0,0
C03467,0,0.575199028,0.000334522,0,0
C02725,0,0.548232687,2.66E-05,0,0
C03509,0,0.553528634,0.000289506,0,0
C02298,0,0.513458399,0.000221166,0,0
C03032,0,0.563645305,3.78E-05,0,0
C05247,0,0.548465426,2.66E-05,0,0
C06988,0,0.552768907,0.000295578,0,0
C07298,0,0.531817151,0.00030539,0,0
C06873,0,0.539961201,3.83E-05,0,0
C03417,0,0.569963108,0.000166885,0,0
C05170,0,0.528833379,0.000278247,0,0
C00682,0,0.535697335,4.15E-05,0,0
C04439,0,0.538255887,0.000230115,0,0
C05010,0,0.554249285,4.50E-05,0,0
C06137,0,0.545691383,0.000631834,0,0
C05461,0,0.540925361,0.000243393,0,0
C01827,0,0.514644043,3.94E-05,0,0
C03979,0,0.518862557,3.03E-05,0,0
C05547,0,0.555098937,2.01E-05,0,0
C03430,0,0.514162667,0.00022233,0,0
C07339,0,0.528330026,0.000460835,0,0
C06360,0,0.509059835,0.000258301,0,0
C06955,0,0.490348187,3.62E-05,0,0
C05600,0,0.479318392,4.12E-05,0,0
C06171,0,0.515800231,0.000127656,0,0
C02043,0,0.52258713,9.98E-05,0,0
C03896,0,0.563868642,0.000233219,0,0
C05176,0,0.525634178,0.000102084,0,0
C05751,0,0.566552619,0.000400847,0,0
C05017,0,0.562234101,0.000241599,0,0
C01377,0,0.535451745,0.000234597,0,0
C02283,0,0.497761342,2.99E-05,0,0
C04222,0,0.556051126,0.000533809,0,0
C01738,0,0.568699831,0.000171719,0,0
C04374,0,0.509335321,0.000274465,0,0
C04032,0,0.531416158,4.60E-05,0,0
C03664,0,0.543388419,0.000193738,0,0
C05618,0,0.547064716,2.42E-05,0,0
C02458,0,0.532733015,0.000509247,0,0
C03993,0,0.569728837,0.000153077,0,0
C05989,0,0.573812878,0.000402746,0,0
C07336,0,0.543400779,0.000129341,0,0
C07750,0,0.546647302,5.95E-05,0,0
C05708,0,0.572623523,0.000133069,0,0
C02319,0,0.5784105,0.000342821,0,0
C06157,0,0.569315848,0.000541998,0,0
C07968,0,0.512621262,0.000227864,0,0
C01517,0,0.524490347,3.16E-05,0,0
C01984,0,0.488613143,0.000274341,0,0
C06365,0,0.512280363,6.98E-05,0,0
C03851,0,0.544056117,0.000573522,0,0
C02674,0,0.560151356,0.000237822,0,0
C07449,0,0.52671477,6.13E-05,0,0
C02532,0,0.53616478,4.16E-05,0,0
C07014,0,0.536258657,0.000255769,0,0
C07227,0,0.577216698,0.000137811,0,0
C01753,0,0.561708821,0.000247099,0,0
C06060,0,0.555147084,7.14E-05,0,0
C06735,0,0.539407529,0.000418351,0,0
C05986,0,0.529012016,4.64E-05,0,0
C02875,0,0.548354771,0.000311151,0,0
C07766,0,0.533593073,4.09E-05,0,0
C05602,0,0.53111091,0.000290623,0,0
C06814,0,0.532733015,0.000509247,0,0
C01365,0,0.561477451,0.000246667,0,0
C05845,0,0.522114208,9.14E-05,0,0
C04350,0,0.503940474,4.45E-05,0,0
C07821,0,0.518147261,5.56E-05,0,0
C07934,0,0.51449936,0.000231078,0,0
C04634,0,0.541353638,0.000238799,0,0
C05936,0,0.583469925,0.000299555,0,0
C03889,0,0.544056117,0.000573522,0,0
C03504,0,0.511440686,8.16E-05,0,0
C04788,0,0.521645237,9.10E-05,0,0
C04937,0,0.524875029,0.000219363,0,0
C02084,0,0.532645845,0.000220647,0,0
C02660,0,0.492517844,0.000127477,0,0
C03189,0,0.538477463,0.000452105,0,0
C02794,0,0.555787065,0.000302382,0,0
C06758,0,0.577749272,0.000286728,0,0
C04505,0,0.551419056,0.000393232,0,0
C05717,0,0.58118427,0.000294357,0,0
C02888,0,0.569085413,0.00054105,0,0
C03699,0,0.539277126,3.64E-05,0,0
C01572,0,0.521208133,3.08E-05,0,0
C06218,0,0.508091908,0.000158384,0,0
C05988,0,0.531901968,2.36E-05,0,0
C02984,0,0.52118022,9.87E-05,0,0
C01304,0,0.518150866,0.000141382,0,0
C05015,0,0.56433079,0.000234037,0,0
C01808,0,0.548698143,2.67E-05,0,0
C02838,0,0.566544745,0.000487686,0,0
C06461,0,0.558529975,0.000234926,0,0
C03720,0,0.524927185,9.33E-05,0,0
C03780,0,0.530877121,0.000278657,0,0
C06014,0,0.558887812,4.66E-05,0,0
C06127,0,0.53577681,0.00056695,0,0
C02958,0,0.54688768,0.000216454,0,0
C06510,0,0.54454263,0.00036089,0,0
C02973,0,0.554925617,0.000318392,0,0
C05158,0,0.510806564,0.00012629,0,0
C06959,0,0.540929333,0.000264883,0,0
C06961,0,0.538810121,3.62E-05,0,0
C01618,0,0.523468712,0.00021707,0,0
C03122,0,0.512084161,0.000163169,0,0
C07694,0,0.531812925,0.000292153,0,0
C04683,0,0.526233776,8.01E-05,0,0
C06182,0,0.467693451,0.000117679,0,0
C06241,0,0.540593057,0.000206461,0,0
C01397,0,0.507205443,0.000486884,0,0
C03866,0,0.508095906,0.000172369,0,0
C03069,0,0.534992073,3.79E-05,0,0
C07396,0,0.560088672,0.000244089,0,0
C07997,0,0.536722047,0.000235843,0,0
C01474,0,0.53948644,0.000235478,0,0
C04875,0,0.529746747,8.23E-05,0,0
C03161,0,0.484642151,0.000160802,0,0
C07859,0,0.531349155,0.000304323,0,0
C07765,0,0.552603433,0.000312867,0,0
C03179,0,0.578519685,9.46E-05,0,0
C03503,0,0.570010912,0.000411511,0,0
C04758,0,0.520885505,0.000281943,0,0
C02146,0,0.531797188,0.000505694,0,0
C06885,0,0.526511225,0.000294041,0,0
C07416,0,0.546366063,2.41E-05,0,0
C04983,0,0.580955511,0.000293842,0,0
C03549,0,0.536854228,0.000227711,0,0
C05928,0,0.545920381,0.000581608,0,0
C05315,0,0.53086512,0.000546492,0,0
C05753,0,0.538956248,0.000240839,0,0
C06352,0,0.504872481,0.000265486,0,0
C02126,0,0.554457417,0.00029154,0,0
C06056,0,0.547818992,0.000217975,0,0
C01318,0,0.520962165,5.68E-05,0,0
C05669,0,0.589295348,0.000244789,0,0
C06787,0,0.496511486,0.000126141,0,0
C07135,0,0.576117252,0.000336872,0,0
C07213,0,0.505589113,4.71E-05,0,0
C03184,0,0.533672593,0.00055809,0,0
C03369,0,0.492975816,0.000241007,0,0
C04559,0,0.539201581,4.26E-05,0,0
C04839,0,0.574506108,0.000305774,0,0
C07548,0,0.534524473,3.78E-05,0,0
C02777,0,0.538594842,0.000260286,0,0
C07888,0,0.534140303,0.000560047,0,0
C03260,0,0.568851025,0.000496297,0,0
C05897,0,0.549581174,0.000305828,0,0
C04080,0,0.548284523,0.00021874,0,0
C05984,0,0.535451987,0.000225332,0,0
C07672,0,0.537435362,0.000158283,0,0
C02193,0,0.534841755,0.000562995,0,0
C03026,0,0.538726948,0.000251311,0,0
C04925,0,0.577753174,0.000312043,0,0
C07403,0,0.57381679,0.0004383,0,0
C07764,0,0.556047177,0.000490513,0,0
C04825,0,0.514644043,3.94E-05,0,0
C06672,0,0.538024748,0.000202523,0,0
C03842,0,0.534618394,0.000232156,0,0
C04391,0,0.538369703,0.000159395,0,0
C05537,0,0.531344929,0.000291132,0,0
C04219,0,0.515919561,4.12E-05,0,0
C04465,0,0.531192093,0.000144752,0,0
C05240,0,0.54380676,2.57E-05,0,0
C06264,0,0.488143527,0.000273383,0,0
C05661,0,0.544289219,0.000574527,0,0
C07450,0,0.601679217,8.57E-05,0,0
C02426,0,0.541741407,0.000425738,0,0
C01498,0,0.573539275,0.000123131,0,0
C03576,0,0.538491867,0.000203233,0,0
C04928,0,0.545920381,0.000581608,0,0
C05369,0,0.503705553,4.45E-05,0,0
C03038,0,0.568699831,0.000171719,0,0
C03216,0,0.506787834,7.37E-05,0,0
C01779,0,0.574046607,0.000304705,0,0
C07985,0,0.584514672,0.000256786,0,0
C07395,0,0.547109061,7.91E-05,0,0
C05969,0,0.543140861,0.000430233,0,0
C07197,0,0.546962042,1.89E-05,0,0
C07903,0,0.516975013,7.23E-05,0,0
C03071,0,0.537772779,0.000413257,0,0
C04472,0,0.525574034,0.000291989,0,0
C06854,0,0.575557874,1.32E-05,0,0
C07486,0,0.576757967,0.00013733,0,0
C07727,0,0.506985086,0.00016648,0,0
C03727,0,0.516273613,0.000139416,0,0
C06084,0,0.54503643,0.000142498,0,0
C02627,0,0.505107392,0.000265951,0,0
C05595,0,0.524244526,5.82E-05,0,0
C06994,0,0.527436112,4.47E-05,0,0
C04912,0,0.551209013,0.000309598,0,0
C04560,0,0.520242091,9.81E-05,0,0
C05381,0,0.530178926,0.000301671,0,0
C07368,0,0.513323011,9.00E-05,0,0
C06769,0,0.530238071,0.000281185,0,0
C05161,0,0.521176228,9.07E-05,0,0
C04713,0,0.524398302,0.000265963,0,0
C07452,0,0.555563053,2.02E-05,0,0
C03989,0,0.54454263,0.00036089,0,0
C07905,0,0.548485595,0.000645242,0,0
C03282,0,0.524195882,2.36E-05,0,0
C03336,0,0.501443511,0.000106013,0,0
C04593,0,0.543360665,0.000620874,0,0
C02129,0,0.543388419,0.000193738,0,0
C05487,0,0.544557977,0.000212698,0,0
C07526,0,0.559919808,0.000237406,0,0
C02624,0,0.520973616,3.07E-05,0,0
C03964,0,0.496734365,0.000247853,0,0
C06229,0,0.536492349,0.000256217,0,0
C03496,0,0.511122368,3.84E-05,0,0
C05335,0,0.544060085,0.000624142,0,0
C04748,0,0.552072051,0.000121067,0,0
C02861,0,0.546390213,0.00063516,0,0
C07142,0,0.559225007,0.000236163,0,0
C07598,0,0.570237305,0.000378792,0,0
C06682,0,0.560512854,5.14E-05,0,0
C04280,0,0.513628094,0.00014036,0,0
C04000,0,0.541752256,5.73E-05,0,0
C02945,0,0.552801016,0.000520889,0,0
C05014,0,0.484933549,7.74E-05,0,0
C07648,0,0.520731197,0.00018916,0,0
C04408,0,0.572853487,0.000133302,0,0
C02183,0,0.531408283,0.000283657,0,0
C01359,0,0.567702177,0.000535398,0,0
C02231,0,0.493927196,0.000128823,0,0
C03274,0,0.528845244,4.91E-05,0,0
C01546,0,0.516521698,4.00E-05,0,0
C03660,0,0.521212125,3.35E-05,0,0
C04976,0,0.53341853,3.65E-05,0,0
C06749,0,0.461952282,0.000144264,0,0
C01372,0,0.52690056,0.000294368,0,0
C03927,0,0.566270002,0.000149109,0,0
C05203,0,0.529008365,0.000299042,0,0
C01844,0,0.509329812,0.000155674,0,0
C06950,0,0.560551704,0.000244946,0,0
C07462,0,0.574002829,0.000134475,0,0
C01639,0,0.508155495,0.000154317,0,0
C04847,0,0.516521698,4.00E-05,0,0
C06779,0,0.495673831,0.000129962,0,0
C07376,0,0.532515057,0.000282093,0,0
C01332,0,0.539494297,3.82E-05,0,0
C03790,0,0.529266649,0.000464073,0,0
C06130,0,0.551150145,1.95E-05,0,0
C07713,0,0.556490995,2.03E-05,0,0
C02363,0,0.514866879,0.000223501,0,0
C01962,0,0.512923785,0.000139625,0,0
C03679,0,0.570135756,0.000295771,0,0
C06312,0,0.524684942,0.000573865,0,0
C06912,0,0.550154646,8.02E-05,0,0
C02326,0,0.484431646,0.00024869,0,0
C06477,0,0.531563195,0.00050481,0,0
C04445,0,0.559811926,0.000168861,0,0
C02904,0,0.530266397,4.52E-05,0,0
C01802,0,0.552348678,0.000395995,0,0
C07362,0,0.517848719,0.000133101,0,0
C02120,0,0.519551854,6.77E-05,0,0
C06830,0,0.568807131,0.000152008,0,0
C06096,0,0.57996626,0.000140737,0,0
C06655,0,0.552801016,0.000520889,0,0
C02813,0,0.53779271,0.000249558,0,0
C04379,0,0.552899656,2.51E-05,0,0
C01585,0,0.528365045,0.000277275,0,0
C06268,0,0.539878419,0.000456878,0,0
C07235,0,0.539252962,0.000235066,0,0
C07155,0,0.523654476,8.82E-05,0,0
C01651,0,0.530484001,4.97E-05,0,0
C03181,0,0.507622358,6.50E-05,0,0
C05352,0,0.552400699,8.14E-05,0,0
C02649,0,0.531333173,0.000548408,0,0
C02887,0,0.58929971,0.000108923,0,0
C00665,0,0.512825297,3.62E-05,0,0
C03756,0,0.553493904,0.000481159,0,0
C02601,0,0.527369047,0.0002954,0,0
C04052,0,0.545924346,0.000632941,0,0
C06126,0,0.555094874,0.000327354,0,0
C03769,0,0.462653082,0.000145024,0,0
C02686,0,0.507221486,0.000270175,0,0
C05135,0,0.551659317,6.39E-05,0,0
C05222,0,0.486579387,0.000151995,0,0
C06929,0,0.575606655,0.000125087,0,0
C01943,0,0.576835891,0.000309866,0,0
C06380,0,0.519566322,3.04E-05,0,0
C01888,0,0.48766317,3.43E-05,0,0
C06513,0,0.574280284,0.000332188,0,0
C06444,0,0.562634033,0.000248835,0,0
C06840,0,0.545968388,0.0001435,0,0
C07467,0,0.559947715,4.00E-05,0,0
C04962,0,0.532261023,0.000239863,0,0
C05888,0,0.592209953,4.92E-05,0,0
C04143,0,0.555102887,2.19E-05,0,0
C02761,0,0.552103966,0.000518161,0,0
C02520,0,0.536461744,4.06E-05,0,0
C07795,0,0.527205865,4.85E-05,0,0
C03697,0,0.511145132,6.67E-05,0,0
C05121,0,0.583930515,0.000327145,0,0
C06395,0,0.527841137,4.60E-05,0,0
C06245,0,0.555519499,0.000249915,0,0
C06503,0,0.514968822,0.000231888,0,0
C01296,0,0.551378541,0.000318313,0,0
C02978,0,0.551402756,0.00047364,0,0
C04393,0,0.490042148,0.00016741,0,0
C03330,0,0.531821004,1.95E-05,0,0
C06208,0,0.489763097,0.000121621,0,0
C03825,0,0.522716756,8.76E-05,0,0
C06872,0,0.550729428,6.35E-05,0,0
C06970,0,0.568624471,0.000374179,0,0
C07256,0,0.529769892,0.000280202,0,0
C01733,0,0.545952505,6.44E-05,0,0
C01292,0,0.536010534,0.000567943,0,0
C07372,0,0.527809405,0.000213192,0,0
C07939,0,0.577520001,0.000286227,0,0
C07054,0,0.552132056,5.27E-05,0,0
C01269,0,0.520707182,9.04E-05,0,0
C01745,0,0.492624098,0.000138255,0,0
C06309,0,0.529547647,4.94E-05,0,0
C04459,0,0.570062332,7.16E-06,0,0
C06116,0,0.518393339,3.02E-05,0,0
C04849,0,0.55511905,0.000487091,0,0
C06528,0,0.554394567,0.000299222,0,0
C07238,0,0.518851102,5.59E-05,0,0
C01849,0,0.527833256,0.000283587,0,0
C04710,0,0.549081087,0.000506505,0,0
C06107,0,0.592663764,4.93E-05,0,0
C07030,0,0.483703352,0.00015968,0,0
C05405,0,0.558235506,0.000240695,0,0
C07151,0,0.505820019,4.34E-05,0,0
C04945,0,0.553237451,0.000322802,0,0
C01257,0,0.534591753,4.01E-05,0,0
C06694,0,0.536577125,4.56E-05,0,0
C06763,0,0.552603433,0.000312867,0,0
C02953,0,0.573357115,0.00030311,0,0
C04995,0,0.575195119,0.000307384,0,0
C05093,0,0.541289165,0.000190709,0,0
C03057,0,0.538357322,0.000238751,0,0
C05979,0,0.565856223,0.000527954,0,0
C03037,0,0.548252858,0.000644114,0,0
C06342,0,0.518613482,6.72E-05,0,0
C04411,0,0.578666022,0.000288743,0,0
C03673,0,0.575424725,0.000307923,0,0
C04274,0,0.541741407,0.000425738,0,0
C07342,0,0.534984448,0.000224544,0,0
C04424,0,0.55841661,0.000286398,0,0
C01872,0,0.567698251,0.000491972,0,0
C05744,0,0.533450709,0.000284075,0,0
C01694,0,0.533688566,0.000309697,0,0
C06509,0,0.533256774,8.44E-05,0,0
C02620,0,0.530647058,0.000302729,0,0
C05694,0,0.532269112,0.00055226,0,0
C02035,0,0.542685278,8.32E-05,0,0
C05368,0,0.52448246,0.000194533,0,0
C07432,0,0.573184792,0.000171026,0,0
C01371,0,0.570189509,0.000153613,0,0
C03743,0,0.56710907,3.88E-05,0,0
C04310,0,0.55511905,0.000487091,0,0
C03010,0,0.551406712,0.000515448,0,0
C05992,0,0.488633178,0.00016566,0,0
C06055,0,0.526666299,0.000293853,0,0
C02234,0,0.515036547,0.000141843,0,0
C03231,0,0.543610192,0.000358372,0,0
C05879,0,0.556105877,4.57E-05,0,0
C02949,0,0.589067887,0.000244361,0,0
C03863,0,0.555587112,0.000531944,0,0
C06617,0,0.486265277,0.000269581,0,0
C06673,0,0.55347773,2.16E-05,0,0
C06892,0,0.558881482,0.000154077,0,0
C02130,0,0.556031022,2.20E-05,0,0
C04739,0,0.528142727,4.89E-05,0,0
C03728,0,0.530650708,4.70E-05,0,0
C07301,0,0.558467241,0.000241117,0,0
C06077,0,0.518535814,0.000254574,0,0
C06256,0,0.531329083,0.000179884,0,0
C03283,0,0.559021275,3.97E-05,0,0
C04520,0,0.570010912,0.000411511,0,0
C03377,0,0.506047016,0.00026782,0,0
C06738,0,0.520027606,0.000143376,0,0
C03577,0,0.544550455,8.44E-05,0,0
C02124,0,0.556612652,0.000237763,0,0
C05283,0,0.54200542,0.000139292,0,0
C02052,0,0.513452892,0.00012544,0,0
C02594,0,0.491666105,0.000280656,0,0
C03401,0,0.545952505,6.44E-05,0,0
C04232,0,0.518556585,0.000145617,0,0
C05843,0,0.531087078,0.000218481,0,0
C02236,0,0.566544745,0.000487686,0,0
C02004,0,0.538085312,0.000233018,0,0
C03366,0,0.535222204,0.000244798,0,0
C03593,0,0.53137723,5.10E-05,0,0
C04777,0,0.545434242,2.39E-05,0,0
C01352,0,0.478936192,0.000103689,0,0
C04273,0,0.53483767,0.00018467,0,0
C06251,0,0.537539177,0.000412534,0,0
C07670,0,0.509092328,8.01E-05,0,0
C04265,0,0.548872571,4.73E-05,0,0
C00848,0,0.565263002,2.25E-05,0,0
C03409,0,0.541068193,0.000127097,0,0
C02092,0,0.510736227,8.11E-05,0,0
C03949,0,0.51628302,3.66E-05,0,0
C07098,0,0.530445015,7.60E-05,0,0
C07482,0,0.503056062,0.000316089,0,0
C02246,0,0.505848243,7.32E-05,0,0
C04939,0,0.501520288,3.08E-05,0,0
C07130,0,0.52670233,8.04E-05,0,0
C01519,0,0.520508546,3.33E-05,0,0
C03190,0,0.522106317,0.000562923,0,0
C06353,0,0.510003232,0.000283082,0,0
C06430,0,0.554457417,0.00029154,0,0
C05159,0,0.560088672,0.000244089,0,0
C01366,0,0.533619969,7.42E-05,0,0
C02469,0,0.529452563,0.00016299,0,0
C05114,0,0.535190669,1.09E-05,0,0
C02614,0,0.529968982,0.000466516,0,0
C06843,0,0.522146108,3.10E-05,0,0
C07053,0,0.56411144,4.13E-05,0,0
C04666,0,0.552831802,0.000287989,0,0
C04715,0,0.510205614,0.000160899,0,0
C02180,0,0.503132836,9.17E-05,0,0
C02085,0,0.577264292,0.000339834,0,0
C03443,0,0.544084276,8.41E-05,0,0
C05553,0,0.498936006,3.02E-05,0,0
C06028,0,0.546386248,0.000583647,0,0
C06875,0,0.548762806,5.99E-05,0,0
C07020,0,0.567244807,0.000402957,0,0
C07977,0,0.501897889,0.000260134,0,0
C02868,0,0.54021093,3.66E-05,0,0
C02942,0,0.552564734,0.000477803,0,0
C07282,0,0.546773519,6.16E-05,0,0
C07119,0,0.52247831,8.03E-05,0,0
C01775,0,0.57836294,0.000139023,0,0
C03205,0,0.508857469,8.00E-05,0,0
C04171,0,0.531349155,0.000304323,0,0
C04978,0,0.544293186,0.000625235,0,0
C05848,0,0.49298786,0.000122871,0,0
C07808,0,0.516270008,5.48E-05,0,0
C07941,0,0.533692417,1.98E-05,0,0
C07009,0,0.524823851,7.29E-05,0,0
C01610,0,0.532526669,5.19E-05,0,0
C04667,0,0.545691383,0.000631834,0,0
C06633,0,0.525177964,7.76E-05,0,0
C03983,0,0.572433416,0.000398539,0,0
C05199,0,0.497919498,0.000103265,0,0
C06786,0,0.520945701,9.86E-05,0,0
C07043,0,0.523464704,0.000287425,0,0
C01288,0,0.488851956,0.000299086,0,0
C06017,0,0.529476629,0.000300091,0,0
C03565,0,0.534591753,4.01E-05,0,0
C01705,0,0.527635309,7.44E-05,0,0
C05312,0,0.524636662,0.000289952,0,0
C06734,0,0.546390213,0.00063516,0,0
C06867,0,0.466611011,0.00026927,0,0
C04884,0,0.524216195,0.00057186,0,0
C05502,0,0.555413785,4.94E-05,0,0
C05892,0,0.544880053,1.69E-05,0,0
C03345,0,0.57115824,0.000549639,0,0
C04115,0,0.491874171,6.37E-05,0,0
C01991,0,0.530283749,1.41E-05,0,0
C03141,0,0.576109421,0.000409858,0,0
C06661,0,0.512685007,0.000128072,0,0
C04822,0,0.534524473,3.78E-05,0,0
C04863,0,0.570010912,0.000411511,0,0
C06419,0,0.541522489,0.000191043,0,0
C04997,0,0.550272285,5.20E-05,0,0
C02625,0,0.517852713,0.000144854,0,0
C06206,0,0.554454714,5.37E-05,0,0
C06805,0,0.527635309,7.44E-05,0,0
C03132,0,0.541961316,0.000614389,0,0
C03773,0,0.57382072,0.000331027,0,0
C04728,0,0.504031715,0.000117618,0,0
C05388,0,0.532317092,7.71E-05,0,0
C01730,0,0.522085997,2.32E-05,0,0
C01868,0,0.51099008,0.000150274,0,0
C03136,0,0.511928779,4.00E-05,0,0
C04960,0,0.517440333,6.66E-05,0,0
C05739,0,0.576602582,0.00028423,0,0
C06864,0,0.555916771,0.000236518,0,0
C02733,0,0.563880353,4.12E-05,0,0
C06176,0,0.509562035,8.04E-05,0,0
C02775,0,0.563311125,0.000475882,0,0
C07048,0,0.543103309,2.35E-05,0,0
C03534,0,0.561324864,0.000228771,0,0
C04117,0,0.539061879,0.000261199,0,0
C03058,0,0.577520001,0.000286227,0,0
C04893,0,0.547084896,0.00058672,0,0
C07343,0,0.572437349,0.000300995,0,0
C04530,0,0.567101785,0.000140823,0,0
C06280,0,0.556612652,0.000237763,0,0
C02633,0,0.526232327,8.99E-05,0,0
C07788,0,0.549326102,0.000387086,0,0
C06453,0,0.545225396,0.000629627,0,0
C06823,0,0.52633708,0.000102621,0,0
C07522,0,0.56710907,3.88E-05,0,0
C01239,0,0.570880288,0.000154422,0,0
C05586,0,0.528511975,0.000214314,0,0
C04276,0,0.547815029,0.00020029,0,0
C02919,0,0.550031778,6.32E-05,0,0
C05333,0,0.570884207,0.000168058,0,0
C02923,0,0.502897909,9.16E-05,0,0
C03439,0,0.560630541,0.000227572,0,0
C03768,0,0.493696539,0.000134426,0,0
C03140,0,0.491578585,0.000121587,0,0
C07415,0,0.511914298,8.91E-05,0,0
C01526,0,0.520739089,3.07E-05,0,0
C07693,0,0.551205056,0.000284482,0,0
C04526,0,0.495673831,0.000129962,0,0
C05612,0,0.560849783,0.000260183,0,0
C02315,0,0.519785429,7.45E-05,0,0
C07620,0,0.516679438,0.000143592,0,0
C03102,0,0.520731197,0.00018916,0,0
C05269,0,0.521120025,0.000282437,0,0
C05548,0,0.589754026,0.000267336,0,0
C06582,0,0.545707738,0.000364062,0,0
C01452,0,0.553473777,1.99E-05,0,0
C05362,0,0.554689554,0.000292051,0,0
C05942,0,0.529480279,4.66E-05,0,0
C01675,0,0.537091856,0.000248251,0,0
C07753,0,0.526827862,6.48E-05,0,0
C07837,0,0.536492349,0.000256217,0,0
C05365,0,0.534591753,4.01E-05,0,0
C06999,0,0.547582232,0.00019994,0,0
C07562,0,0.517674979,6.68E-05,0,0
C03444,0,0.546414384,8.56E-05,0,0
C01793,0,0.525339708,0.000291478,0,0
C06553,0,0.544293186,0.000625235,0,0
C02914,0,0.569776628,0.000543898,0,0
C07502,0,0.58861285,0.000243507,0,0
C03280,0,0.553764818,0.000315618,0,0
C03838,0,0.551663274,6.96E-05,0,0
C07421,0,0.543151705,5.80E-05,0,0
C07458,0,0.518850713,0.000130595,0,0
C07754,0,0.487439141,0.000271951,0,0
C02138,0,0.589750156,0.000245648,0,0
C04162,0,0.494738175,0.000140451,0,0
C07007,0,0.548232687,2.66E-05,0,0
C07031,0,0.561771456,0.000240755,0,0
C07756,0,0.549281593,0.000287918,0,0
C02053,0,0.556337841,4.57E-05,0,0
C05603,0,0.507292737,4.45E-05,0,0
C01863,0,0.522526951,0.000285419,0,0
C04637,0,0.552703518,1.34E-05,0,0
C04796,0,0.56857663,0.000151742,0,0
C04837,0,0.502825133,0.000343393,0,0
C06007,0,0.554229209,0.000316725,0,0
C06102,0,0.535799637,0.000156355,0,0
C06890,0,0.536398478,4.17E-05,0,0
C01408,0,0.53001585,4.96E-05,0,0
C02842,0,0.529448559,0.00021582,0,0
C02135,0,0.519057343,0.000550261,0,0
C03978,0,0.512394375,3.69E-05,0,0
C05174,0,0.516154254,4.13E-05,0,0
C07807,0,0.541989083,0.000191713,0,0
C04765,0,0.542211936,0.000464945,0,0
C04212,0,0.528376912,4.90E-05,0,0
C05808,0,0.586791196,0.00024012,0,0
C06504,0,0.567475479,0.000403663,0,0
C04781,0,0.535089961,0.00025354,0,0
C07325,0,0.517081065,0.000235571,0,0
C01911,0,0.55276911,0.000121704,0,0
C04093,0,0.553788851,4.88E-05,0,0
C02374,0,0.538361298,0.000259831,0,0
C04486,0,0.54618898,0.00021532,0,0
C06364,0,0.506750195,0.000166189,0,0
C06470,0,0.513450265,6.47E-05,0,0
C06941,0,0.537772779,0.000413257,0,0
C07560,0,0.509347222,4.85E-05,0,0
C07957,0,0.542922048,0.00019306,0,0
C07559,0,0.574002829,0.000134475,0,0
C02578,0,0.504167732,0.000264096,0,0
C01684,0,0.537426955,0.000258018,0,0
C07377,0,0.493324767,0.000127706,0,0
C02447,0,0.54292248,6.30E-05,0,0
C04606,0,0.537422978,0.000237085,0,0
C02792,0,0.526462622,8.27E-05,0,0
C05113,0,0.560996008,5.11E-05,0,0
C05855,0,0.574462342,0.000134946,0,0
C04636,0,0.535642286,4.53E-05,0,0
C04787,0,0.512159581,3.68E-05,0,0
C06648,0,0.535218225,0.000224937,0,0
C04180,0,0.537189351,0.00023667,0,0
C05785,0,0.509739928,0.000174495,0,0
C07510,0,0.473179694,0.000127113,0,0
C07582,0,0.543384863,8.37E-05,0,0
C01713,0,0.511587755,3.68E-05,0,0
C01933,0,0.51188613,3.60E-05,0,0
C06859,0,0.565394447,0.00052611,0,0
C05673,0,0.582556088,0.000297465,0,0
C05898,0,0.51930382,9.74E-05,0,0
C01740,0,0.515805736,0.000225072,0,0
C05390,0,0.554678931,6.54E-05,0,0
C07464,0,0.543794947,0.000145585,0,0
C06561,0,0.585195295,0.000237196,0,0
C02784,0,0.532950729,3.64E-05,0,0
C06209,0,0.57450218,0.000404867,0,0
C06492,0,0.545020541,6.40E-05,0,0
C07586,0,0.505648467,4.39E-05,0,0
C04850,0,0.527444243,0.000272085,0,0
C03301,0,0.506981088,0.000152972,0,0
C01646,0,0.476794022,0.000300623,0,0
C05331,0,0.570653978,0.000167764,0,0
C03468,0,0.50953786,3.53E-05,0,0
C03429,0,0.567343685,4.23E-05,0,0
C04368,0,0.515109258,3.78E-05,0,0
C04441,0,0.577718974,0.00031336,0,0
C04590,0,0.548354771,0.000311151,0,0
C05825,0,0.515334811,0.000138443,0,0
C02583,0,0.526700881,9.02E-05,0,0
C02824,0,0.531280516,7.29E-05,0,0
C01755,0,0.537158753,3.75E-05,0,0
C02244,0,0.527583182,0.000174915,0,0
C03234,0,0.564342498,4.13E-05,0,0
C05157,0,0.53195161,3.71E-05,0,0
C05939,0,0.50094568,0.000338618,0,0
C06836,0,0.532522687,4.77E-05,0,0
C01746,0,0.565856223,0.000527954,0,0
C06088,0,0.540357234,0.00023377,0,0
C02012,0,0.493676498,0.00022262,0,0
C04643,0,0.557375025,0.00025344,0,0
C06128,0,0.588616724,0.000265007,0,0
C07063,0,0.533045996,0.000287154,0,0
C05738,0,0.505589113,4.71E-05,0,0
C03021,0,0.530654692,5.11E-05,0,0
C03511,0,0.554190537,0.000483692,0,0
C06775,0,0.529266649,0.000464073,0,0
C07457,0,0.531329189,0.000503927,0,0
C05042,0,0.510234074,0.000260572,0,0
C05151,0,0.548411108,5.13E-05,0,0
C07517,0,0.533152193,7.40E-05,0,0
C02418,0,0.485581059,0.000161933,0,0
C04199,0,0.561077287,0.000239494,0,0
C07263,0,0.50931928,0.000494614,0,0
C02575,0,0.55634179,4.98E-05,0,0
C05397,0,0.533672593,0.00055809,0,0
C05545,0,0.528372926,4.50E-05,0,0
C06375,0,0.566087086,0.000367043,0,0
C01450,0,0.575836202,0.000125306,0,0
C01613,0,0.51212093,3.60E-05,0,0
C01701,0,0.52927308,8.45E-05,0,0
C03858,0,0.563406383,0.000232404,0,0
C07278,0,0.569089354,0.000408639,0,0
C02392,0,0.520238099,9.01E-05,0,0
C04184,0,0.504880386,4.31E-05,0,0
C04905,0,0.507452231,8.62E-05,0,0
C04066,0,0.51333749,4.05E-05,0,0
C02452,0,0.57381679,0.0004383,0,0
C04286,0,0.573184792,0.000171026,0,0
C06518,0,0.520027562,0.000188169,0,0
C04998,0,0.555123,0.000530086,0,0
C02337,0,0.575883838,0.000309003,0,0
C06902,0,0.477998194,0.000102965,0,0
C07051,0,0.528313513,5.03E-05,0,0
C03284,0,0.53353799,4.46E-05,0,0
C06125,0,0.537099476,4.19E-05,0,0
C03526,0,0.566783377,0.000401549,0,0
C03334,0,0.506281916,0.00026829,0,0
C02834,0,0.507683114,7.93E-05,0,0
C05021,0,0.497526412,2.99E-05,0,0
C04548,0,0.52791666,0.000297146,0,0
C06821,0,0.551402756,0.00047364,0,0
C02852,0,0.509709127,3.63E-05,0,0
C05493,0,0.549056962,1.92E-05,0,0
C07206,0,0.586335408,0.000239281,0,0
C02241,0,0.538590867,0.000239169,0,0
C04021,0,0.563100411,0.000271755,0,0
C02398,0,0.549285553,0.000313338,0,0
C06620,0,0.497688566,0.000112187,0,0
C04934,0,0.536628183,3.84E-05,0,0
C04166,0,0.532578149,0.000286151,0,0
C05559,0,0.51138374,0.000176646,0,0
C03120,0,0.516210076,0.00014309,0,0
C06040,0,0.527421516,4.66E-05,0,0
C07664,0,0.506212812,0.000156181,0,0
C02929,0,0.51756281,0.000157824,0,0
C03342,0,0.53603336,0.000156629,0,0
C06822,0,0.535222204,0.000244798,0,0
C07743,0,0.532368417,4.42E-05,0,0
C07178,0,0.549807121,5.18E-05,0,0
C02420,0,0.53268436,7.37E-05,0,0
C07616,0,0.52977777,4.55E-05,0,0
C05345,0,0.527158967,0.00045682,0,0
C03944,0,0.503457457,0.000149007,0,0
C05349,0,0.509327184,8.03E-05,0,0
C06217,0,0.546729169,1.89E-05,0,0
C01583,0,0.582327539,0.000296945,0,0
C07534,0,0.581645575,0.000321468,0,0
C01780,0,0.503734023,7.20E-05,0,0
C01795,0,0.558066492,0.000234105,0,0
C02422,0,0.521071372,7.95E-05,0,0
C06178,0,0.538607221,0.000173774,0,0
C04791,0,0.550444586,0.000290449,0,0
C01614,0,0.536929084,4.08E-05,0,0
C01708,0,0.546749351,0.000457347,0,0
C04429,0,0.542688835,0.000192723,0,0
C06800,0,0.527134809,0.000294883,0,0
C04738,0,0.56857663,0.000151742,0,0
C03612,0,0.541744405,0.000353389,0,0
C04277,0,0.561101238,3.71E-05,0,0
C03580,0,0.539178019,0.000454485,0,0
C02516,0,0.567014107,0.000402253,0,0
C07125,0,0.532446439,6.76E-05,0,0
C07621,0,0.513795118,0.000229868,0,0
C04769,0,0.579815093,0.000316998,0,0
C04399,0,0.51976898,8.98E-05,0,0
C04443,0,0.550961934,6.36E-05,0,0
C02613,0,0.532760603,5.20E-05,0,0
C03522,0,0.553978603,0.00030276,0,0
C07926,0,0.566409063,0.000237753,0,0
C02670,0,0.55090963,0.000291468,0,0
C05032,0,0.567240863,0.000533527,0,0
C04806,0,0.57662337,9.58E-05,0,0
C03419,0,0.548395335,0.000384385,0,0
C04857,0,0.525343714,0.000220132,0,0
C02508,0,0.503796794,0.000117412,0,0
C03574,0,0.522372687,0.000191492,0,0
C04121,0,0.495794676,0.000246123,0,0
C04282,0,0.503529911,0.000345201,0,0
C05653,0,0.570697825,0.000547719,0,0
C06716,0,0.5466548,0.000216076,0,0
C01562,0,0.577027124,0.000412737,0,0
C07633,0,0.53716273,4.09E-05,0,0
C03633,0,0.541055823,0.000190375,0,0
C05889,0,0.549151724,0.000151567,0,0
C07948,0,0.548461464,2.45E-05,0,0
C01640,0,0.541957346,0.00056456,0,0
C02143,0,0.546619151,0.00058467,0,0
C01339,0,0.52307248,5.77E-05,0,0
C04824,0,0.56272057,3.75E-05,0,0
C05419,0,0.482788868,0.000245662,0,0
C05830,0,0.529472644,0.000275746,0,0
C04239,0,0.561446568,7.68E-05,0,0
C04525,0,0.536620561,0.000227313,0,0
C04804,0,0.52697977,0.000204766,0,0
C01624,0,0.547767147,2.65E-05,0,0
C07712,0,0.549779004,0.000509172,0,0
C01250,0,0.498393361,0.000112778,0,0
C03264,0,0.529980844,8.24E-05,0,0
C03990,0,0.528810229,8.17E-05,0,0
C01601,0,0.537800328,4.22E-05,0,0
C01950,0,0.514041768,4.07E-05,0,0
C05629,0,0.493559662,0.00012793,0,0
C06058,0,0.514632148,0.00022311,0,0
C07479,0,0.544775691,0.000361522,0,0
C03724,0,0.53344916,0.000230133,0,0
C03706,0,0.544550474,5.86E-05,0,0
C01485,0,0.553701949,0.000323934,0,0
C03064,0,0.567658256,0.000163989,0,0
C01431,0,0.49964081,3.03E-05,0,0
C01696,0,0.506759612,4.37E-05,0,0
C03518,0,0.551146076,0.000317756,0,0
C04407,0,0.57197726,0.000432205,0,0
C07307,0,0.547317738,0.000587747,0,0
C02274,0,0.550681077,0.000316646,0,0
C07896,0,0.512761978,3.57E-05,0,0
C03043,0,0.542685278,8.32E-05,0,0
C06114,0,0.553001214,0.000296096,0,0
C06152,0,0.535791225,0.000254875,0,0
C04703,0,0.517558269,3.84E-05,0,0
C05289,0,0.533196756,0.00016762,0,0
C06067,0,0.554461369,0.000317279,0,0
C03693,0,0.539174044,0.00041762,0,0
C05156,0,0.559818254,5.11E-05,0,0
C00556,0,0.528547688,5.03E-05,0,0
C03015,0,0.555169963,0.000279464,0,0
C03374,0,0.567936734,0.000405079,0,0
C03589,0,0.580955511,0.000293842,0,0
C01505,0,0.516142361,0.000233927,0,0
C02867,0,0.510440655,6.64E-05,0,0
C05812,0,0.518613482,6.72E-05,0,0
C04371,0,0.56627393,0.000162275,0,0
C07394,0,0.513466299,3.59E-05,0,0
C04779,0,0.552581027,0.000396688,0,0
C05873,0,0.570237305,0.000378792,0,0
C06480,0,0.571114405,0.000168353,0,0
C04159,0,0.499333097,0.00011357,0,0
C03666,0,0.54502011,0.000196126,0,0
C07373,0,0.524963057,3.45E-05,0,0
C03240,0,0.536152937,0.000235832,0,0
C03622,0,0.561712759,0.000268916,0,0
C03311,0,0.518385443,0.000185877,0,0
C07692,0,0.567932808,0.000372219,0,0
C04461,0,0.527873507,8.11E-05,0,0
C06601,0,0.54615729,0.000634049,0,0
C04295,0,0.564243462,0.000393892,0,0
C05923,0,0.529407958,7.19E-05,0,0
C02636,0,0.52323429,0.000216691,0,0
C04388,0,0.483213973,0.000263515,0,0
C05887,0,0.550965891,6.92E-05,0,0
C04480,0,0.557477248,0.000324582,0,0
C02543,0,0.530045441,1.34E-05,0,0
C04017,0,0.537788491,0.00023874,0,0
C03966,0,0.585879473,0.000238445,0,0
C07551,0,0.53347881,0.000478926,0,0
C07655,0,0.536024949,0.000255322,0,0
C03013,0,0.524259959,3.43E-05,0,0
C01340,0,0.508614701,0.000492024,0,0
C01600,0,0.544566365,0.000130479,0,0
C07149,0,0.527348956,0.000174609,0,0
C07156,0,0.569776628,0.000543898,0,0
C07108,0,0.534856175,0.000253097,0,0
C07571,0,0.562869203,0.00027128,0,0
C05476,0,0.578211615,0.000313137,0,0
C07371,0,0.532035148,0.000551295,0,0
C07954,0,0.476559598,0.000300097,0,0
C06302,0,0.555351118,0.000487944,0,0
C03696,0,0.573127203,0.000436004,0,0
C07751,0,0.55329638,0.000288999,0,0
C02533,0,0.530679073,7.61E-05,0,0
C03326,0,0.587474597,0.000241385,0,0
C04070,0,0.523556765,3.41E-05,0,0
C07401,0,0.52388489,8.12E-05,0,0
C07477,0,0.511822806,3.55E-05,0,0
C03714,0,0.575225466,0.00028126,0,0
C05059,0,0.532281109,0.000281599,0,0
C07104,0,0.541511098,0.000352771,0,0
C03785,0,0.494239109,3.60E-05,0,0
C06288,0,0.53353799,4.46E-05,0,0
C05214,0,0.55393021,0.000298177,0,0
C07383,0,0.562712788,0.000231186,0,0
C05237,0,0.525101381,0.000267363,0,0
C01784,0,0.55939787,0.000264249,0,0
C03445,0,0.539019466,0.000234655,0,0
C04213,0,0.494205595,8.58E-05,0,0
C05137,0,0.507545511,2.28E-05,0,0
C07911,0,0.550272285,5.20E-05,0,0
C05038,0,0.485875116,0.000151199,0,0
C06292,0,0.50722939,4.38E-05,0,0
C07736,0,0.567471535,0.000534462,0,0
C03762,0,0.543143858,0.00035712,0,0
C02683,0,0.56719693,0.000163416,0,0
C03798,0,0.566878352,3.87E-05,0,0
C03923,0,0.493457644,0.000123302,0,0
C02639,0,0.581416887,0.000320906,0,0
C06521,0,0.50067848,7.90E-05,0,0
C04231,0,0.538710999,0.000452897,0,0
C07826,0,0.533196738,0.000241548,0,0
C07833,0,0.521208133,3.08E-05,0,0
C03490,0,0.484229413,7.70E-05,0,0
C04784,0,0.526205383,4.95E-05,0,0
C05697,0,0.512590514,3.61E-05,0,0
C05640,0,0.565167465,0.000396659,0,0
C06122,0,0.519089303,0.000142376,0,0
C02590,0,0.537555132,0.00022891,0,0
C04789,0,0.555323198,0.000124071,0,0
C05436,0,0.547578682,8.63E-05,0,0
C06431,0,0.533668507,0.000183061,0,0
C01532,0,0.535305334,0.000519146,0,0
C06855,0,0.554258557,8.59E-05,0,0
C06213,0,0.517912242,0.000129683,0,0
C02571,0,0.569498455,0.000152809,0,0
C06919,0,0.554229209,0.000316725,0,0
C07286,0,0.509803508,0.000170014,0,0
C02529,0,0.544084294,5.84E-05,0,0
C07299,0,0.569315848,0.000541998,0,0
C06739,0,0.551426879,6.38E-05,0,0
C07895,0,0.532261023,0.000239863,0,0
C04377,0,0.575246271,9.48E-05,0,0
C05711,0,0.542781886,1.66E-05,0,0
C03737,0,0.551437516,0.00028498,0,0
C06527,0,0.558533919,0.000255668,0,0
C06589,0,0.55165547,0.000297506,0,0
C04049,0,0.547113042,5.97E-05,0,0
C04704,0,0.563390239,0.000243723,0,0
C04773,0,0.533386089,7.41E-05,0,0
C07730,0,0.487530351,3.55E-05,0,0
C03051,0,0.573357115,0.00030311,0,0
C03081,0,0.464039158,0.000264134,0,0
C05259,0,0.523699117,0.000287929,0,0
C04615,0,0.537555132,0.00022891,0,0
C01679,0,0.553521959,7.06E-05,0,0
C04442,0,0.564573529,4.14E-05,0,0
C03723,0,0.528154862,0.000224805,0,0
C04290,0,0.572901209,0.000328717,0,0
C04610,0,0.528798363,0.000462451,0,0
C05662,0,0.505883371,4.40E-05,0,0
C06901,0,0.550007641,0.000468692,0,0
C04608,0,0.510273145,0.00022391,0,0
C05937,0,0.489776508,3.48E-05,0,0
C01709,0,0.527213997,0.000295589,0,0
C03456,0,0.516266992,6.61E-05,0,0
C04807,0,0.528440448,3.61E-05,0,0
C06132,0,0.549775045,0.000467872,0,0
C06849,0,0.551687658,0.000145938,0,0
C05322,0,0.5379789,4.61E-05,0,0
C06076,0,0.571981194,0.000326424,0,0
C03335,0,0.55992375,0.000258368,0,0
C05191,0,0.558761678,0.000235337,0,0
C07060,0,0.488382329,0.000298041,0,0
C07871,0,0.547338046,0.000368551,0,0
C01978,0,0.560386819,0.000259274,0,0
C04410,0,0.579050282,0.000139755,0,0
C04018,0,0.543140861,0.000430233,0,0
C06718,0,0.552707473,1.46E-05,0,0
C05698,0,0.541396019,0.000265812,0,0
C06095,0,0.563852502,0.000244578,0,0
C06051,0,0.534856175,0.000253097,0,0
C03210,0,0.575424725,0.000307923,0,0
C04698,0,0.576295198,0.000125746,0,0
C06106,0,0.57381679,0.0004383,0,0
C07191,0,0.552134762,0.000286481,0,0
C05189,0,0.538263504,3.89E-05,0,0
C02873,0,0.542688835,0.000192723,0,0
C06450,0,0.567936734,0.000405079,0,0
C06807,0,0.547120539,0.000216833,0,0
C01381,0,0.561771456,0.000240755,0,0
C03112,0,0.515203544,0.000232295,0,0
C03754,0,0.57835904,0.000127743,0,0
C07668,0,0.542926018,0.000210107,0,0
C05589,0,0.561544031,0.000261553,0,0
C02983,0,0.582559978,0.000323727,0,0
C06420,0,0.480256597,4.15E-05,0,0
C04014,0,0.564653645,0.000147293,0,0
C07835,0,0.533450709,0.000284075,0,0
C02747,0,0.550677119,0.000290958,0,0
C03209,0,0.561312642,0.000261096,0,0
C04302,0,0.482117393,7.58E-05,0,0
C05944,0,0.565629297,0.00039805,0,0
C07619,0,0.545691383,0.000631834,0,0
C06517,0,0.549179717,0.000596034,0,0
C07189,0,0.512849466,8.24E-05,0,0
C01850,0,0.491670103,0.000305435,0,0
C04211,0,0.491757347,3.66E-05,0,0
C02933,0,0.5480163,2.42E-05,0,0
C03294,0,0.517677604,0.000129456,0,0
C04328,0,0.509570172,0.000274946,0,0
C02152,0,0.549775045,0.000467872,0,0
C05645,0,0.57496939,0.000333937,0,0
C06371,0,0.486958818,3.41E-05,0,0
C06495,0,0.545837983,0.000284767,0,0
C07515,0,0.572211245,0.000326996,0,0
C02158,0,0.554457417,0.00029154,0,0
C02739,0,0.565581378,0.000161425,0,0
C03757,0,0.573816808,0.000304173,0,0
C07506,0,0.556351293,9.13E-05,0,0
C06006,0,0.518596033,8.90E-05,0,0
C07919,0,0.573408324,9.35E-05,0,0
C02553,0,0.479607879,0.000307004,0,0
C02860,0,0.557775904,0.000261031,0,0
C03333,0,0.56673156,0.000149632,0,0
C04347,0,0.521903738,0.000190823,0,0
C01509,0,0.544272986,2.58E-05,0,0
C03882,0,0.524167929,0.000200509,0,0
C07929,0,0.539074256,0.000174383,0,0
C02332,0,0.508590111,0.000257398,0,0
C02581,0,0.59020481,0.000246509,0,0
C06851,0,0.534136323,0.000514623,0,0
C01958,0,0.541278746,0.000461701,0,0
C04876,0,0.574735811,0.00030631,0,0
C02521,0,0.572667338,0.000301522,0,0
C05223,0,0.556612652,0.000237763,0,0
C05570,0,0.5280677,0.000272864,0,0
C05663,0,0.567193004,0.000150157,0,0
C06576,0,0.511675496,8.17E-05,0,0
C02168,0,0.495794676,0.000246123,0,0
C05104,0,0.565724331,3.84E-05,0,0
C06973,0,0.516024403,0.000406329,0,0
C02459,0,0.519081688,7.41E-05,0,0
C07999,0,0.529924867,0.000498663,0,0
C01661,0,0.540432008,4.19E-05,0,0
C02808,0,0.541041431,0.000423508,0,0
C04351,0,0.523668374,6.00E-05,0,0
C04629,0,0.553742423,0.000400175,0,0
C01481,0,0.551891733,6.40E-05,0,0
C03188,0,0.550785201,1.48E-05,0,0
C01405,0,0.574276356,0.000439837,0,0
C01617,0,0.549285553,0.000313338,0,0
C05370,0,0.539291397,0.000240428,0,0
C03729,0,0.51798892,3.76E-05,0,0
C02680,0,0.539640996,0.000419084,0,0
C05852,0,0.528138741,4.49E-05,0,0
C03150,0,0.573357115,0.00030311,0,0
C06005,0,0.501018458,9.03E-05,0,0
C06179,0,0.483072022,4.24E-05,0,0
C02890,0,0.511357184,3.84E-05,0,0
C04490,0,0.53251904,0.000306998,0,0
C07995,0,0.541263205,1.14E-05,0,0
C07428,0,0.567698251,0.000491972,0,0
C02995,0,0.57496939,0.000333937,0,0
C01480,0,0.513927917,0.000221942,0,0
C02208,0,0.579586127,0.000316444,0,0
C05288,0,0.492752729,0.0001277,0,0
C01867,0,0.514272519,3.74E-05,0,0
C04541,0,0.577671393,0.000127074,0,0
C01771,0,0.576065716,0.000125526,0,0
C05755,0,0.553068057,0.000313965,0,0
C07866,0,0.549809829,0.00028151,0,0
C02710,0,0.55625124,0.000124943,0,0
C01960,0,0.549624839,2.47E-05,0,0
C01825,0,0.513325593,0.000229064,0,0
C07602,0,0.559225007,0.000236163,0,0
C05563,0,0.576065716,0.000125526,0,0
C03438,0,0.554705766,0.000278487,0,0
C04012,0,0.529642074,7.21E-05,0,0
C07574,0,0.574046589,0.000439067,0,0
C04395,0,0.556490995,2.03E-05,0,0
C06039,0,0.573127203,0.000436004,0,0
C03839,0,0.54361802,8.38E-05,0,0
C02254,0,0.567928865,0.000492834,0,0
C02383,0,0.518365413,9.67E-05,0,0
C07211,0,0.504465593,0.000319426,0,0
C07487,0,0.557477248,0.000324582,0,0
C04602,0,0.576602582,0.00028423,0,0
C07279,0,0.533747658,0.000288666,0,0
C05950,0,0.537527594,1.11E-05,0,0
C02116,0,0.573361028,0.00032987,0,0
C03007,0,0.535089961,0.00025354,0,0
C03386,0,0.48816356,0.000165081,0,0
C03405,0,0.550705298,0.000471159,0,0
C04323,0,0.570830476,0.000323579,0,0
C02712,0,0.513705057,3.91E-05,0,0
C06812,0,0.515555001,0.000404909,0,0
C05623,0,0.551142118,0.000291978,0,0
C07798,0,0.51568486,4.12E-05,0,0
C01351,0,0.520504554,3.06E-05,0,0
C05915,0,0.545245611,7.80E-05,0,0
C07184,0,0.570419799,0.000153883,0,0
C07923,0,0.529734884,0.0004657,0,0
C01919,0,0.51252695,3.71E-05,0,0
C04498,0,0.565266453,4.16E-05,0,0
C07810,0,0.512398372,4.02E-05,0,0
C01422,0,0.561944102,0.000269387,0,0
C05350,0,0.527142449,4.98E-05,0,0
C05983,0,0.55355267,4.48E-05,0,0
C03894,0,0.535543069,0.000565958,0,0
C01725,0,0.54432093,0.000195099,0,0
C07643,0,0.482823959,0.000147797,0,0
C03847,0,0.549337891,6.84E-05,0,0
C07163,0,0.571114405,0.000168353,0,0
C05724,0,0.52744823,0.000296107,0,0
C05023,0,0.491169567,6.34E-05,0,0
C02963,0,0.535293116,4.03E-05,0,0
C03709,0,0.551186594,0.000392544,0,0
C03312,0,0.543378007,0.000469031,0,0
C07035,0,0.527599285,0.000271911,0,0
C07513,0,0.529952475,5.09E-05,0,0
C07831,0,0.544317394,5.85E-05,0,0
C02832,0,0.567244807,0.000402957,0,0
C05116,0,0.594246997,4.59E-05,0,0
C06920,0,0.553237451,0.000322802,0,0
C03647,0,0.541611103,3.70E-05,0,0
C02486,0,0.567467608,0.000491112,0,0
C06399,0,0.514938082,3.68E-05,0,0
C05954,0,0.538710999,0.000452897,0,0
C02045,0,0.519538401,9.75E-05,0,0
C04833,0,0.528536065,0.000273821,0,0
C07231,0,0.574735811,0.00030631,0,0
C01744,0,0.55212028,0.00029855,0,0
C02069,0,0.54104443,0.000351538,0,0
C04811,0,0.577520001,0.000286227,0,0
C04879,0,0.57450218,0.000404867,0,0
C05146,0,0.556515043,0.000535681,0,0
C04003,0,0.510072278,4.83E-05,0,0
C03659,0,0.540345266,0.00045848,0,0
C05276,0,0.544091799,0.000211954,0,0
C01794,0,0.572901209,0.000328717,0,0
C01411,0,0.568807131,0.000152008,0,0
C02986,0,0.500962173,0.000195087,0,0
C02717,0,0.507217346,8.60E-05,0,0
C03266,0,0.543854713,0.000194417,0,0
C03162,0,0.554689554,0.000292051,0,0
C05060,0,0.487693963,0.000164504,0,0
C01578,0,0.504870969,0.000163877,0,0
C01647,0,0.577900642,0.000127296,0,0
C03003,0,0.528365045,0.000277275,0,0
C02589,0,0.557834713,0.000233695,0,0
C07869,0,0.479318392,4.12E-05,0,0
C04868,0,0.520731241,0.000144131,0,0
C07989,0,0.540708334,0.000176534,0,0
C06728,0,0.559348727,0.000168271,0,0
C04057,0,0.579815093,0.000316998,0,0
C06103,0,0.510270561,8.80E-05,0,0
C04706,0,0.516275123,0.000225861,0,0
C06600,0,0.499078675,0.000254726,0,0
C07681,0,0.541132125,4.21E-05,0,0
C03596,0,0.533434735,0.000511928,0,0
C06947,0,0.549093442,0.000386409,0,0
C05884,0,0.574506091,0.000440607,0,0
C01602,0,0.559456634,0.000236577,0,0
C04304,0,0.52593936,0.000158765,0,0
C03339,0,0.574276356,0.000439837,0,0
C05307,0,0.531099153,0.000547449,0,0
C05536,0,0.522853477,3.39E-05,0,0
C02987,0,0.523747405,0.000569862,0,0
C03357,0,0.529686676,0.000163276,0,0
C04073,0,0.515817629,3.97E-05,0,0
C02969,0,0.54478707,0.000195783,0,0
C04507,0,0.531280516,7.29E-05,0,0
C06224,0,0.48494958,4.30E-05,0,0
C02742,0,0.470603578,0.000124688,0,0
C03011,0,0.57312329,0.000400637,0,0
C01734,0,0.528071686,0.000296956,0,0
C03870,0,0.53347881,0.000478926,0,0
C05756,0,0.568950419,0.000107849,0,0
C07848,0,0.545735428,0.000143249,0,0
C01428,0,0.502148308,0.000106571,0,0
C06985,0,0.546852034,0.000585694,0,0
C07145,0,0.50880051,0.000173277,0,0
C05842,0,0.509068152,3.52E-05,0,0
C07252,0,0.510493495,0.000498961,0,0
C07451,0,0.56641683,3.86E-05,0,0
C01718,0,0.516024403,0.000406329,0,0
C07696,0,0.560618314,0.000259728,0,0
C05966,0,0.580955511,0.000293842,0,0
C06316,0,0.535876019,4.54E-05,0,0
C02604,0,0.571570792,0.000155236,0,0
C03130,0,0.540122275,0.000189047,0,0
C03793,0,0.521911629,3.10E-05,0,0
C04044,0,0.531607292,0.000472267,0,0
C05501,0,0.558993356,0.00023575,0,0
C03418,0,0.51480182,0.000141595,0,0
C01669,0,0.533382107,6.81E-05,0,0
C02396,0,0.547554522,0.000640742,0,0
C04809,0,0.53789416,0.000258923,0,0
C03432,0,0.574688141,0.000124214,0,0
C02713,0,0.525864502,9.40E-05,0,0
C06032,0,0.576113345,0.000309544,0,0
C06437,0,0.511459166,3.99E-05,0,0
C06398,0,0.514093607,0.000129424,0,0
C01437,0,0.534132218,0.000243245,0,0
C05558,0,0.542170402,2.33E-05,0,0
C05823,0,0.523420061,8.80E-05,0,0
C01302,0,0.542455603,0.000192386,0,0
C05303,0,0.564338566,3.80E-05,0,0
C03256,0,0.53732549,0.000248686,0,0
C03800,0,0.52307248,5.77E-05,0,0
C05869,0,0.506212812,0.000156181,0,0
C01500,0,0.534516847,0.000223759,0,0
C07115,0,0.542678421,0.000466575,0,0
C06551,0,0.533815089,0.000231739,0,0
C06975,0,0.558648326,0.0002869,0,0
C05050,0,0.55395835,0.000482847,0,0
C05514,0,0.532189562,4.04E-05,0,0
C07276,0,0.48742838,3.42E-05,0,0
C03986,0,0.480311553,0.000308621,0,0
C07260,0,0.555153755,0.000293075,0,0
C04192,0,0.545257097,0.000213818,0,0
C04688,0,0.536254679,0.000235019,0,0
C02844,0,0.545920381,0.000581608,0,0
C06989,0,0.538840747,0.000174078,0,0
C02203,0,0.561446568,7.68E-05,0,0
C04341,0,0.509092328,8.01E-05,0,0
C07607,0,0.565625367,0.000365761,0,0
C06340,0,0.50094568,0.000338618,0,0
C03588,0,0.539178019,0.000454485,0,0
C04261,0,0.487673931,0.000272427,0,0
C04762,0,0.482368058,4.21E-05,0,0
C04897,0,0.543621575,0.000194077,0,0
C02551,0,0.522296497,0.000215179,0,0
C02262,0,0.575606655,0.000125087,0,0
C03981,0,0.591118012,0.00011046,0,0
C02926,0,0.568393928,0.000538217,0,0
C05439,0,0.475170703,0.000224318,0,0
C05813,0,0.537319967,0.000185117,0,0
C01451,0,0.521903738,0.000190823,0,0
C03669,0,0.553938227,1.99E-05,0,0
C06841,0,0.543155243,0.000193399,0,0
C02546,0,0.53180117,0.000550331,0,0
C04376,0,0.557076449,0.000238597,0,0
C07081,0,0.553261647,0.000480318,0,0
C03091,0,0.50105042,3.07E-05,0,0
C07018,0,0.575428633,0.000335108,0,0
C06332,0,0.505350207,4.32E-05,0,0
C02561,0,0.566548673,0.000530734,0,0
C04726,0,0.564804532,4.15E-05,0,0
C03561,0,0.512149097,8.92E-05,0,0
C01822,0,0.530857046,0.000164711,0,0
C05027,0,0.53948644,0.000235478,0,0
C07907,0,0.5784105,0.000342821,0,0
C01983,0,0.57996626,0.000140737,0,0
C04778,0,0.534789148,7.49E-05,0,0
C05582,0,0.5102747,0.000276394,0,0
C06154,0,0.517683108,0.000228246,0,0
C03076,0,0.529769892,0.000280202,0,0
C01628,0,0.545703755,0.000482035,0,0
C07892,0,0.538085312,0.000233018,0,0
C03286,0,0.562637969,0.000270806,0,0
C04835,0,0.502765851,4.42E-05,0,0
C07245,0,0.511682076,0.000226274,0,0
C07658,0,0.50947852,3.79E-05,0,0
C02785,0,0.576117252,0.000336872,0,0
C07405,0,0.553493904,0.000481159,0,0
C02599,0,0.549183677,0.000648639,0,0
C02836,0,0.534996052,4.13E-05,0,0
C05209,0,0.538707024,0.00041616,0,0
C02352,0,0.546414402,5.94E-05,0,0
C04074,0,0.527130822,0.00027096,0,0
C05727,0,0.531420141,5.01E-05,0,0
C02768,0,0.545020541,6.40E-05,0,0
C01686,0,0.538489438,0.000230519,0,0
C02233,0,0.510910311,6.66E-05,0,0
C05938,0,0.576113345,0.000309544,0,0
C05564,0,0.498389362,0.000103627,0,0
C02497,0,0.567471553,0.000370919,0,0
C05577,0,0.529040392,7.52E-05,0,0
C02182,0,0.527637847,9.08E-05,0,0
C05207,0,0.549183677,0.000648639,0,0
C06405,0,0.563645305,3.78E-05,0,0
C02915,0,0.56595962,1.71E-05,0,0
C01791,0,0.525339708,0.000291478,0,0
C04941,0,0.5473419,7.92E-05,0,0
C06570,0,0.522991857,0.000263184,0,0
C05543,0,0.510501398,8.10E-05,0,0
C07353,0,0.51480182,0.000141595,0,0
C03646,0,0.578436885,0.000288238,0,0
C01235,0,0.511455169,3.67E-05,0,0
C04228,0,0.555389769,0.000319509,0,0
C02417,0,0.540127794,0.000253965,0,0
C03922,0,0.538810121,3.62E-05,0,0
C05337,0,0.560508914,4.72E-05,0,0
C01803,0,0.561708821,0.000247099,0,0
C05080,0,0.553997025,0.000316171,0,0
C05384,0,0.556047177,0.000490513,0,0
C01258,0,0.506759368,4.55E-05,0,0
C03170,0,0.534384577,0.00023175,0,0
C05219,0,0.542657105,0.000567532,0,0
C03954,0,0.55426275,8.98E-05,0,0
C05690,0,0.551402756,0.00047364,0,0
C06439,0,0.556081868,0.000295134,0,0
C03933,0,0.545434242,2.39E-05,0,0
C04398,0,0.49204833,0.000122014,0,0
C07802,0,0.508395875,0.00027255,0,0
C02967,0,0.523993683,0.00010084,0,0
C02495,0,0.524826391,8.90E-05,0,0
C05420,0,0.546153325,0.000582627,0,0
C05379,0,0.569170361,0.00012962,0,0
C05133,0,0.528340444,9.13E-05,0,0
C02701,0,0.503029249,7.16E-05,0,0
C03703,0,0.549542427,0.000467054,0,0
C05002,0,0.57744211,0.000126851,0,0
C01462,0,0.492271163,0.000239744,0,0
C07885,0,0.514393274,7.09E-05,0,0
C03353,0,0.519069231,9.72E-05,0,0
C03207,0,0.483055995,7.63E-05,0,0
C02095,0,0.489337641,0.000166533,0,0
C03389,0,0.478435271,0.000304329,0,0
C04301,0,0.54594854,5.92E-05,0,0
C01688,0,0.550035755,4.77E-05,0,0
C05434,0,0.508696952,0.000135294,0,0
C06167,0,0.579357127,0.00031589,0,0
C07398,0,0.492385218,0.000126815,0,0
C07134,0,0.55095411,0.000391858,0,0
C07177,0,0.523552775,3.13E-05,0,0
C01951,0,0.529781755,4.95E-05,0,0
C05073,0,0.509833194,4.61E-05,0,0
C05066,0,0.546430766,7.80E-05,0,0
C04188,0,0.578211615,0.000313137,0,0
C05720,0,0.520420446,0.000212186,0,0
C01378,0,0.555402026,0.000279954,0,0
C02268,0,0.496586704,2.97E-05,0,0
C02773,0,0.536842247,0.0004466,0,0
C07519,0,0.559712202,3.67E-05,0,0
C04196,0,0.494620108,0.000243978,0,0
C08000,0,0.509298689,0.000281599,0,0
C07625,0,0.576572262,0.00031063,0,0
C07610,0,0.55329638,0.000288999,0,0
C05119,0,0.527670334,4.48E-05,0,0
C07890,0,0.538093172,3.78E-05,0,0
C07990,0,0.595383287,5.04E-05,0,0
C05800,0,0.539528847,0.000262115,0,0
C03605,0,0.553061398,5.31E-05,0,0
C04176,0,0.557308311,0.000239015,0,0
C00889,0,0.512057363,3.70E-05,0,0
C03415,0,0.543243808,3.75E-05,0,0
C02400,0,0.5168464,0.000235159,0,0
C02697,0,0.497557224,0.000143433,0,0
C04503,0,0.507683114,7.93E-05,0,0
C01769,0,0.491108855,0.000121162,0,0
C06501,0,0.535455966,0.000245227,0,0
C05997,0,0.48839437,0.000151953,0,0
C04971,0,0.540834833,0.000126874,0,0
C02593,0,0.49772938,8.81E-05,0,0
C04493,0,0.508565646,0.000172974,0,0
C06009,0,0.587706199,0.000263157,0,0
C04552,0,0.515919561,4.12E-05,0,0
C06529,0,0.512450221,0.000127848,0,0
C07121,0,0.495912748,0.000141686,0,0
C03094,0,0.532823934,5.06E-05,0,0
C01902,0,0.549979454,0.000289434,0,0
C07525,0,0.539541223,0.000174995,0,0
C03463,0,0.564087525,0.000266639,0,0
C07431,0,0.541132125,4.21E-05,0,0
C03123,0,0.571981194,0.000326424,0,0
C03344,0,0.537776756,0.000449737,0,0
C05367,0,0.544875583,3.79E-05,0,0
C07624,0,0.561775393,0.000262012,0,0
C07891,0,0.572721011,0.0001566,0,0
C03220,0,0.566043108,0.000161991,0,0
C07192,0,0.557544093,0.000260574,0,0
C07215,0,0.549344578,0.000280526,0,0
C05594,0,0.562002792,0.000241177,0,0
C07782,0,0.545016557,8.47E-05,0,0
C01582,0,0.549754887,1.93E-05,0,0
C02114,0,0.5267495,0.000222456,0,0
C03975,0,0.496260519,0.000226948,0,0
C01739,0,0.534370156,0.000515524,0,0
C06207,0,0.565856223,0.000527954,0,0
C03018,0,0.575879913,0.000409141,0,0
C04896,0,0.553465961,0.000122345,0,0
C01322,0,0.491582583,0.000132324,0,0
C05764,0,0.523933537,0.000200158,0,0
C06123,0,0.5500116,0.000510064,0,0
C03317,0,0.595832125,4.65E-05,0,0
C06596,0,0.539660915,0.000253077,0,0
C06809,0,0.544056117,0.000573522,0,0
C07435,0,0.517446953,0.000140641,0,0
C06686,0,0.55939787,0.000264249,0,0
C03958,0,0.505819775,4.52E-05,0,0
C04768,0,0.527606924,4.59E-05,0,0
C04867,0,0.537851731,0.00023261,0,0
C02863,0,0.531353009,1.94E-05,0,0
C03755,0,0.549775045,0.000467872,0,0
C04977,0,0.545490098,0.000214192,0,0
C05749,0,0.554222554,5.36E-05,0,0
C02057,0,0.511946849,4.50E-05,0,0
C05089,0,0.571388402,0.000550602,0,0
C03045,0,0.550941764,0.000513647,0,0
C06487,0,0.539031298,4.14E-05,0,0
C03360,0,0.482133419,4.21E-05,0,0
C03346,0,0.535115577,4.82E-05,0,0
C07600,0,0.516154254,4.13E-05,0,0
C06232,0,0.489408831,3.60E-05,0,0
C01429,0,0.517558269,3.84E-05,0,0
C03745,0,0.487459173,0.000164217,0,0
C03994,0,0.531091062,0.000237772,0,0
C06520,0,0.52763386,8.35E-05,0,0
C01881,0,0.531099153,0.000547449,0,0
C03736,0,0.527583182,0.000174915,0,0
C01558,0,0.516517459,3.82E-05,0,0
C03487,0,0.52742823,0.00027534,0,0
C03934,0,0.526232327,8.99E-05,0,0
C04821,0,0.553064103,0.000288494,0,0
C03383,0,0.534984448,0.000224544,0,0
C05782,0,0.556844563,0.00023818,0,0
C07123,0,0.511614759,6.69E-05,0,0
C02734,0,0.483492872,0.000246955,0,0
C07971,0,0.514746537,0.000154543,0,0
C07154,0,0.507464275,4.39E-05,0,0
C05820,0,0.540123578,0.000242956,0,0
C05145,0,0.527627427,0.000458422,0,0
C04373,0,0.564466622,0.000480064,0,0
C05853,0,0.529301661,0.000279223,0,0
C02484,0,0.552308179,0.00032055,0,0
C06120,0,0.53203106,0.000180831,0,0
C04216,0,0.510985535,3.65E-05,0,0
C02703,0,0.550689105,2.12E-05,0,0
C01275,0,0.493915395,0.0002427,0,0
C02542,0,0.510910106,0.000161747,0,0
C06569,0,0.53283629,4.44E-05,0,0
C07737,0,0.546855998,0.000637387,0,0
C04414,0,0.495085931,0.00022497,0,0
C06300,0,0.53179308,0.000239024,0,0
C01699,0,0.577446013,0.000138053,0,0
C05389,0,0.543854713,0.000194417,0,0
C05953,0,0.511276206,0.000126733,0,0
C07858,0,0.512996758,3.58E-05,0,0
C05919,0,0.57744211,0.000126851,0,0
C06065,0,0.544735166,2.38E-05,0,0
C07544,0,0.556561977,0.000282415,0,0
C03941,0,0.571052827,0.000394375,0,0
C01548,0,0.552352651,0.000299073,0,0
C05408,0,0.503940718,4.28E-05,0,0
C03096,0,0.541045403,0.000460894,0,0
C05916,0,0.512049705,0.000218855,0,0
C07698,0,0.536187679,6.95E-05,0,0
C02462,0,0.529948695,1.92E-05,0,0
C01938,0,0.553241517,1.98E-05,0,0
C02162,0,0.506516813,0.00026876,0,0
C02310,0,0.569546253,0.000542947,0,0
C05604,0,0.550046381,0.000306901,0,0
C02314,0,0.574458432,0.000123997,0,0
C04760,0,0.536691445,3.74E-05,0,0
C06423,0,0.591074738,4.87E-05,0,0
C04674,0,0.490464999,6.30E-05,0,0
C02736,0,0.503697891,0.000263173,0,0
C06691,0,0.498863228,0.000113173,0,0
C03406,0,0.525033791,4.90E-05,0,0
C02154,0,0.483230001,0.000146211,0,0
C04263,0,0.515801599,7.16E-05,0,0
C07090,0,0.544972178,2.59E-05,0,0
C03041,0,0.573586978,0.000303641,0,0
C06306,0,0.482760674,0.0001457,0,0
C06435,0,0.546855998,0.000637387,0,0
C03587,0,0.487220392,0.000150629,0,0
C05670,0,0.464288849,0.000146812,0,0
C07889,0,0.541059795,0.000207185,0,0
C02711,0,0.554903233,0.000403693,0,0
C06827,0,0.552367131,0.000286983,0,0
C07585,0,0.511189851,0.000217848,0,0
C00578,0,0.552128082,6.98E-05,0,0
C02350,0,0.529480279,4.66E-05,0,0
C02917,0,0.56793279,0.000536336,0,0
C03169,0,0.517614079,0.000132868,0,0
C03229,0,0.528769986,0.000285579,0,0
C05905,0,0.52190018,5.72E-05,0,0
C01856,0,0.538127737,0.000259376,0,0
C05899,0,0.527399637,8.33E-05,0,0
C05693,0,0.534750655,0.000224151,0,0
C05275,0,0.564338566,3.80E-05,0,0
C05535,0,0.558424408,4.65E-05,0,0
C06721,0,0.526931153,8.30E-05,0,0
C07613,0,0.566775504,0.00048854,0,0
C03465,0,0.568624453,0.000539159,0,0
C07334,0,0.502152307,0.000115982,0,0
C02186,0,0.553726139,0.000482002,0,0
C03818,0,0.496041398,0.000130869,0,0
C04755,0,0.551867615,0.000475301,0,0
C07539,0,0.553493904,0.000481159,0,0
C01967,0,0.532498974,0.000181465,0,0
C07262,0,0.523552775,3.13E-05,0,0
C03871,0,0.560512854,5.14E-05,0,0
C07440,0,0.566500795,0.00014937,0,0
C03165,0,0.491327677,0.000218756,0,0
C03087,0,0.532288739,4.76E-05,0,0
C01549,0,0.547301523,2.64E-05,0,0
C03385,0,0.524163921,0.000265498,0,0
C06066,0,0.516987046,3.68E-05,0,0
C04659,0,0.555175382,0.000163051,0,0
C07936,0,0.545008733,0.000362156,0,0
C04007,0,0.546855998,0.000637387,0,0
C02881,0,0.531151131,8.31E-05,0,0
C04085,0,0.568163374,0.000537275,0,0
C01477,0,0.557308311,0.000239015,0,0
C05568,0,0.546623116,0.000636272,0,0
C02628,0,0.551150145,1.95E-05,0,0
C03620,0,0.537851731,0.00023261,0,0
C03348,0,0.586339288,0.000260408,0,0
C05567,0,0.486515829,0.000156001,0,0
C04624,0,0.580044024,0.000317553,0,0
C01846,0,0.55700959,0.000297208,0,0
C04553,0,0.541728027,0.000613315,0,0
C05395,0,0.545900193,2.40E-05,0,0
C01320,0,0.54522143,0.000578563,0,0
C04294,0,0.516484221,8.76E-05,0,0
C03246,0,0.524353668,8.14E-05,0,0
C06662,0,0.537439338,0.000172259,0,0
C02023,0,0.484407441,0.000160521,0,0
C03885,0,0.492854986,0.00012726,0,0
C02810,0,0.52768247,0.000205844,0,0
C01330,0,0.574232601,0.00013471,0,0
C07100,0,0.53235606,5.04E-05,0,0
C05057,0,0.575195101,0.000442927,0,0
C07660,0,0.571747196,0.000299418,0,0
C04464,0,0.482120019,0.000147022,0,0
C03080,0,0.565852293,0.000485132,0,0
C05194,0,0.490173441,0.000130941,0,0
C04079,0,0.494499268,0.000128829,0,0
C06681,0,0.525295081,8.93E-05,0,0
C05431,0,0.506945963,0.000254263,0,0
C06675,0,0.56470157,0.000523355,0,0
C02375,0,0.537205712,0.000171958,0,0
C01667,0,0.503764833,0.000345806,0,0
C01424,0,0.538590867,0.000239169,0,0
C01458,0,0.520978155,0.000126506,0,0
C01687,0,0.537435362,0.000158283,0,0
C03753,0,0.533465539,0.000167208,0,0
C06111,0,0.504645472,4.30E-05,0,0
C06997,0,0.574232601,0.00013471,0,0
C04206,0,0.521208133,3.08E-05,0,0
C01457,0,0.576910967,8.59E-05,0,0
C02076,0,0.563773407,0.00047755,0,0
C07584,0,0.496260519,0.000226948,0,0
C03137,0,0.495559759,0.000245693,0,0
C05665,0,0.572897295,0.00030205,0,0
C03434,0,0.518848088,6.73E-05,0,0
C04622,0,0.528340444,9.13E-05,0,0
C04397,0,0.535293116,4.03E-05,0,0
C07709,0,0.558656123,4.66E-05,0,0
C03077,0,0.544072464,0.000476166,0,0
C05092,0,0.552536577,0.000295061,0,0
C02557,0,0.568811055,0.000165431,0,0
C06188,0,0.5466548,0.000216076,0,0
C07105,0,0.555603401,0.000306493,0,0
C06962,0,0.549754887,1.93E-05,0,0
C01685,0,0.532047145,0.000281107,0,0
C02563,0,0.516111625,3.71E-05,0,0
C02606,0,0.551378541,0.000318313,0,0
C04677,0,0.573357097,0.000436768,0,0
C02175,0,0.550272285,5.20E-05,0,0
C05016,0,0.516270986,7.19E-05,0,0
C06227,0,0.553045655,0.00039808,0,0
C03951,0,0.465207953,0.000266456,0,0
C03953,0,0.54688768,0.000216454,0,0
C07850,0,0.516728453,0.000408468,0,0
C06594,0,0.48276043,0.000151692,0,0
C03637,0,0.547995965,2.44E-05,0,0
C04402,0,0.573157605,0.000276863,0,0
C06568,0,0.572203396,0.000397842,0,0
C06899,0,0.537439338,0.000172259,0,0
C02944,0,0.513560359,0.000229466,0,0
C02282,0,0.516259094,0.000407041,0,0
C07239,0,0.551607231,0.000120644,0,0
C05097,0,0.572901209,0.000328717,0,0
C01402,0,0.500236876,0.000309518,0,0
C06476,0,0.508167353,3.58E-05,0,0
C01571,0,0.518031538,4.19E-05,0,0
C01234,0,0.556801697,4.59E-05,0,0
C02698,0,0.533224651,1.97E-05,0,0
C05509,0,0.545920381,0.000581608,0,0
C06781,0,0.550035737,6.87E-05,0,0
C05414,0,0.536726024,0.000256666,0,0
C04178,0,0.512292403,3.56E-05,0,0
C05759,0,0.495320844,0.000225365,0,0
C06557,0,0.546434246,0.000144003,0,0
C02574,0,0.530174942,0.000277197,0,0
C04504,0,0.535791225,0.000254875,0,0
C06907,0,0.493222507,0.000128148,0,0
C07382,0,0.49040429,0.000120528,0,0
C02123,0,0.502148308,0.000106571,0,0
C03525,0,0.510942561,0.000285071,0,0
C07443,0,0.554166352,0.00032507,0,0
C03469,0,0.554394769,0.000123205,0,0
C07524,0,0.512450221,0.000127848,0,0
C06181,0,0.480780712,0.000309703,0,0
C01666,0,0.567014107,0.000402253,0,0
C07770,0,0.553544855,0.00027606,0,0
C02616,0,0.550212031,0.000289941,0,0
C02803,0,0.535102353,0.00016927,0,0
C06863,0,0.520476637,9.82E-05,0,0
C05049,0,0.553289704,7.04E-05,0,0
C05705,0,0.532653474,3.73E-05,0,0
C05035,0,0.5472432,6.73E-05,0,0
C01420,0,0.503546403,0.00019888,0,0
C01387,0,0.584286431,0.000256337,0,0
C06642,0,0.492854986,0.00012726,0,0
C04540,0,0.566783377,0.000401549,0,0
C04712,0,0.525416305,5.87E-05,0,0
C06842,0,0.548583537,0.00028641,0,0
C03662,0,0.542206975,0.000469545,0,0
C06653,0,0.562171481,0.000247966,0,0
C01969,0,0.533438716,0.000557114,0,0
C05245,0,0.578207714,0.000287734,0,0
C03001,0,0.574076975,0.000278809,0,0
C00432,0,0.533589092,3.75E-05,0,0
C03314,0,0.537087879,0.00022811,0,0
C01819,0,0.5464219,0.000215698,0,0
C06916,0,0.539991773,0.000241694,0,0
C04521,0,0.507936476,3.89E-05,0,0
C02715,0,0.515036547,0.000141843,0,0
C04349,0,0.553562186,8.21E-05,0,0
C06556,0,0.579050282,0.000139755,0,0
C07120,0,0.533926278,1.98E-05,0,0
C01995,0,0.480343466,0.000104784,0,0
C03811,0,0.529277066,9.20E-05,0,0
C05646,0,0.524402292,0.000289445,0,0
C05353,0,0.574766166,0.000280277,0,0
C05811,0,0.535522895,3.71E-05,0,0
C04088,0,0.51354588,0.000510444,0,0
C05072,0,0.551887886,0.000298028,0,0
C05212,0,0.528301889,0.000273343,0,0
C05912,0,0.495380143,8.66E-05,0,0
C05948,0,0.488378332,0.000273862,0,0
C01588,0,0.562140608,7.72E-05,0,0
C03225,0,0.526700881,9.02E-05,0,0
C06387,0,0.55911168,0.000287906,0,0
C04363,0,0.529242504,0.000299566,0,0
C02376,0,0.546831852,2.42E-05,0,0
C02258,0,0.534060793,4.10E-05,0,0
C06986,0,0.511094431,0.000391665,0,0
C05429,0,0.574965481,0.000306847,0,0
C05760,0,0.544313408,7.74E-05,0,0
C06585,0,0.561795399,3.73E-05,0,0
C07083,0,0.487443138,0.000295961,0,0
C01952,0,0.513000754,3.89E-05,0,0
C02278,0,0.551847474,1.96E-05,0,0
C01348,0,0.590894726,0.000120004,0,0
C05253,0,0.559166238,0.000263787,0,0
C02496,0,0.549746855,0.000288928,0,0
C03472,0,0.573127203,0.000436004,0,0
C03300,0,0.521354555,0.000196341,0,0
C04119,0,0.561564039,3.72E-05,0,0
C01550,0,0.521645237,9.10E-05,0,0
C01554,0,0.552116307,0.000395302,0,0
C02993,0,0.569144723,7.73E-06,0,0
C02213,0,0.542211936,0.000464945,0,0
C07787,0,0.499843782,8.95E-05,0,0
C01276,0,0.532982669,0.000294721,0,0
C02067,0,0.506552941,7.35E-05,0,0
C04127,0,0.563773407,0.00047755,0,0
C06035,0,0.564561823,0.000234447,0,0
C07803,0,0.537906542,0.000172863,0,0
C05192,0,0.559225007,0.000236163,0,0
C03609,0,0.507237865,8.52E-05,0,0
C03796,0,0.540925361,0.000243393,0,0
C04160,0,0.570928066,0.000380786,0,0
C05781,0,0.578666022,0.000288743,0,0
C07144,0,0.571283003,0.000395066,0,0
C06369,0,0.544035915,2.37E-05,0,0
C04110,0,0.51261731,0.000159537,0,0
C07094,0,0.490643139,0.000131401,0,0
C07118,0,0.535222204,0.000244798,0,0
C04975,0,0.572897295,0.00030205,0,0
C01362,0,0.515096098,0.000126987,0,0
C02191,0,0.543384863,8.37E-05,0,0
C06246,0,0.57266732,0.000434481,0,0
C06839,0,0.565856223,0.000527954,0,0
C01655,0,0.538140118,0.000173166,0,0
C06917,0,0.538127737,0.000259376,0,0
C05103,0,0.536726024,0.000256666,0,0
C02765,0,0.534227207,5.12E-05,0,0
C07724,0,0.506986598,0.000269702,0,0
C04244,0,0.576069623,0.00013661,0,0
C01980,0,0.532611946,8.12E-05,0,0
C02605,0,0.526967632,4.45E-05,0,0
C05140,0,0.554457417,0.00029154,0,0
C07055,0,0.569546253,0.000542947,0,0
C01993,0,0.557265454,4.61E-05,0,0
C06931,0,0.54664332,7.88E-05,0,0
C04632,0,0.518083351,0.000133334,0,0
C00966,0,0.506588067,4.42E-05,0,0
C05372,0,0.580269025,0.000292303,0,0
C03063,0,0.55992375,0.000258368,0,0
C01460,0,0.559393928,0.000242811,0,0
C06704,0,0.524330703,4.88E-05,0,0
C06185,0,0.529920777,0.000163562,0,0
C06894,0,0.519331742,3.04E-05,0,0
C04249,0,0.482788868,0.000245662,0,0
C07366,0,0.506917702,6.46E-05,0,0
C04365,0,0.571435972,4.46E-05,0,0
C04823,0,0.531747068,1.33E-05,0,0
C04980,0,0.492343924,6.39E-05,0,0
C07729,0,0.501148349,7.92E-05,0,0
C01905,0,0.574050518,0.000331607,0,0
C07167,0,0.565852293,0.000485132,0,0
C03355,0,0.540107878,0.000420554,0,0
C04947,0,0.532317092,7.71E-05,0,0
C07877,0,0.530626983,0.000178942,0,0
C03850,0,0.534524473,3.78E-05,0,0
C04428,0,0.543388419,0.000193738,0,0
C06611,0,0.578669922,0.000314236,0,0
C07703,0,0.489333644,0.000153021,0,0
C07652,0,0.544739133,2.59E-05,0,0
C06175,0,0.5784105,0.000342821,0,0
C06939,0,0.495412103,2.94E-05,0,0
C01416,0,0.544803391,0.000142249,0,0
C01656,0,0.530003988,0.000280693,0,0
C03912,0,0.559826208,7.59E-05,0,0
C07882,0,0.560399047,0.000227174,0,0
C02156,0,0.534366051,0.000243672,0,0
C02391,0,0.5168464,0.000235159,0,0
C03027,0,0.556152704,0.000257852,0,0
C03116,0,0.538971297,0.000136157,0,0
C03859,0,0.532728927,0.000167034,0,0
C03597,0,0.531397573,6.35E-05,0,0
C06578,0,0.532680378,6.77E-05,0,0
C01820,0,0.582098956,0.000296425,0,0
C03177,0,0.542678421,0.000466575,0,0
C02719,0,0.543476976,3.75E-05,0,0
C06748,0,0.49304858,6.43E-05,0,0
C06377,0,0.556781644,0.000322882,0,0
C01252,0,0.556317784,0.000321754,0,0
C04580,0,0.535018959,6.89E-05,0,0
C03153,0,0.534132237,0.000168798,0,0
C02271,0,0.579737317,0.000140491,0,0
C07931,0,0.543400779,0.000129341,0,0
C04671,0,0.491172196,0.000122906,0,0
C06933,0,0.535059344,4.02E-05,0,0
C03556,0,0.540345266,0.00045848,0,0
C04259,0,0.533993365,5.11E-05,0,0
C01248,0,0.530368933,0.000219937,0,0
C02895,0,0.524632673,0.000266429,0,0
C01523,0,0.536461744,4.06E-05,0,0
C06172,0,0.537071922,0.000411092,0,0
C05622,0,0.5264805,6.12E-05,0,0
C05980,0,0.503056062,0.000316089,0,0
C06131,0,0.545952505,6.44E-05,0,0
C04173,0,0.561567977,4.05E-05,0,0
C07296,0,0.532994523,5.20E-05,0,0
C07354,0,0.563311125,0.000475882,0,0
C05043,0,0.507468273,4.78E-05,0,0
C04186,0,0.535760615,4.04E-05,0,0
C05627,0,0.553962302,0.000525467,0,0
C05376,0,0.570135738,0.000426196,0,0
C05598,0,0.532752974,0.000307536,0,0
C01463,0,0.527165401,8.32E-05,0,0
C02630,0,0.5155629,6.57E-05,0,0
C04279,0,0.55634179,4.98E-05,0,0
C03167,0,0.567475479,0.000403663,0,0
C04264,0,0.501913376,0.000106384,0,0
C01577,0,0.507727377,7.42E-05,0,0
C06307,0,0.567702177,0.000535398,0,0
C04700,0,0.567932808,0.000372219,0,0
C03621,0,0.50880051,0.000173277,0,0
C06541,0,0.573583047,0.000402042,0,0
C01689,0,0.500236876,0.000309518,0,0
C02121,0,0.580044024,0.000317553,0,0
C03959,0,0.529452563,0.00016299,0,0
C06462,0,0.54314483,0.000468211,0,0
C07085,0,0.560155298,0.00025882,0,0
C01760,0,0.546177498,7.85E-05,0,0
C07555,0,0.524167929,0.000200509,0,0
C02941,0,0.578666022,0.000288743,0,0
C07552,0,0.579582229,0.000290772,0,0
C07572,0,0.509329812,0.000155674,0,0
C06825,0,0.52464067,0.000218979,0,0
C05904,0,0.5267495,0.000222456,0,0
C07964,0,0.569732758,0.000166593,0,0
C06942,0,0.547128918,0.000133016,0,0
C02943,0,0.529769892,0.000280202,0,0
C03963,0,0.545719113,0.000197159,0,0
C01766,0,0.507205443,0.000486884,0,0
C01680,0,0.550909833,0.000120011,0,0
C02610,0,0.550093996,2.70E-05,0,0
C02188,0,0.558529975,0.000234926,0,0
C02377,0,0.578440785,0.000313686,0,0
C05361,0,0.516975013,7.23E-05,0,0
C06156,0,0.555567003,2.19E-05,0,0
C01897,0,0.576572244,0.000447603,0,0
C03857,0,0.532134459,4.41E-05,0,0
C02421,0,0.506552941,7.35E-05,0,0
C05975,0,0.516987046,3.68E-05,0,0
C04139,0,0.557544093,0.000260574,0,0
C01415,0,0.548951004,0.000647505,0,0
C05136,0,0.574280284,0.000332188,0,0
C07318,0,0.539178019,0.000454485,0,0
C04266,0,0.520242091,9.81E-05,0,0
C05877,0,0.53249908,0.000508356,0,0
C03373,0,0.536691445,3.74E-05,0,0
C07162,0,0.565023803,0.000235269,0,0
C07733,0,0.54502011,0.000196126,0,0
C04844,0,0.555102887,2.19E-05,0,0
C06640,0,0.574042678,0.000403452,0,0
C05186,0,0.504175638,4.29E-05,0,0
C04665,0,0.533672593,0.00055809,0,0
C06604,0,0.507233388,4.77E-05,0,0
C04019,0,0.531590792,5.15E-05,0,0
C04009,0,0.530718056,4.98E-05,0,0
C01735,0,0.564239511,0.000521526,0,0
C01800,0,0.555787065,0.000302382,0,0
C07816,0,0.523492679,2.35E-05,0,0
C07612,0,0.556958765,2.22E-05,0,0
C03852,0,0.532958849,0.000221563,0,0
C02678,0,0.543854713,0.000194417,0,0
C02397,0,0.546283548,0.000455749,0,0
C05574,0,0.562931801,0.000264315,0,0
C07789,0,0.520881513,0.00025907,0,0
C05532,0,0.550023951,0.000389124,0,0
C07036,0,0.53948644,0.000235478,0,0
C04207,0,0.505070752,0.000272864,0,0
C05489,0,0.548178365,5.12E-05,0,0
C06001,0,0.557540147,0.000239434,0,0
C07468,0,0.486592794,4.35E-05,0,0
C04315,0,0.484638156,0.000147755,0,0
C05578,0,0.529980844,8.24E-05,0,0
C05308,0,0.508663161,4.78E-05,0,0
C06730,0,0.530416649,4.69E-05,0,0
C02957,0,0.51907479,0.000415681,0,0
C05076,0,0.532784971,7.73E-05,0,0
C07103,0,0.573313319,0.00013377,0,0
C07241,0,0.577715054,0.00041491,0,0
C04387,0,0.564932575,0.000363845,0,0
C07281,0,0.519299827,8.95E-05,0,0
C07500,0,0.533902475,0.000513723,0,0
C07249,0,0.552584999,0.000299597,0,0
C01805,0,0.544570332,0.000142,0,0
C02946,0,0.544289219,0.000574527,0,0
C04332,0,0.5454584,0.00063073,0,0
C05037,0,0.585883354,0.000259498,0,0
C07210,0,0.558070437,0.000254775,0,0
C01862,0,0.553709966,2.16E-05,0,0
C01659,0,0.530671196,0.000468972,0,0
C06155,0,0.549522267,1.93E-05,0,0
C06426,0,0.562724506,4.08E-05,0,0
C07204,0,0.523695127,0.00026457,0,0
C02306,0,0.577948216,0.000313909,0,0
C02018,0,0.531174268,0.000283161,0,0
C03325,0,0.491817453,0.000132556,0,0
C01926,0,0.556047177,0.000490513,0,0
C02192,0,0.559857117,0.000243663,0,0
C02971,0,0.564697638,0.000480905,0,0
C03841,0,0.569037603,0.000152275,0,0
C05847,0,0.535693357,3.81E-05,0,0
C02909,0,0.490495801,0.000302773,0,0
C03262,0,0.473413959,0.000127336,0,0
C03879,0,0.526169651,0.000210595,0,0
C05859,0,0.536240265,0.000522793,0,0
C01499,0,0.538607221,0.000173774,0,0
C02435,0,0.530654692,5.11E-05,0,0
C03485,0,0.566500795,0.00014937,0,0
C07459,0,0.539640996,0.000419084,0,0
C04038,0,0.522821581,1.00E-04,0,0
C05597,0,0.560324142,0.000266106,0,0
C07182,0,0.540107878,0.000420554,0,0
C03971,0,0.555791014,0.000329078,0,0
C05674,0,0.510440449,0.000161181,0,0
C02600,0,0.514511803,0.000154272,0,0
C06992,0,0.545024077,0.000213444,0,0
C05810,0,0.542685297,5.78E-05,0,0
C02148,0,0.494264363,0.000128604,0,0
C06063,0,0.549746855,0.000288928,0,0
C07662,0,0.545687418,0.000580591,0,0
C03764,0,0.531586809,4.73E-05,0,0
C05895,0,0.578207714,0.000287734,0,0
C03442,0,0.500236876,0.000309518,0,0
C04989,0,0.539655826,6.14E-05,0,0
C05467,0,0.568624453,0.000539159,0,0
C07708,0,0.55657373,4.99E-05,0,0
C04605,0,0.530011866,4.55E-05,0,0
C06026,0,0.470369462,0.00012447,0,0
C02799,0,0.519319899,0.000131053,0,0
C02464,0,0.564243462,0.000393892,0,0
C06897,0,0.526931153,8.30E-05,0,0
C07082,0,0.544775691,0.000361522,0,0
C05769,0,0.565959122,4.18E-05,0,0
C07418,0,0.553857039,8.34E-05,0,0
C05736,0,0.577260389,0.000312265,0,0
C06403,0,0.552367131,0.000286983,0,0
C06191,0,0.529480279,4.66E-05,0,0
C03814,0,0.492740928,0.000240585,0,0
C04293,0,0.552348678,0.000395995,0,0
C04649,0,0.538318876,0.000233426,0,0
C01512,0,0.486034518,0.000292869,0,0
C02962,0,0.570366054,0.00029629,0,0
C04518,0,0.514624015,6.53E-05,0,0
C05581,0,0.50880051,0.000173277,0,0
C07224,0,0.554166352,0.00032507,0,0
C03739,0,0.542194588,0.000615465,0,0
C02597,0,0.535451987,0.000225332,0,0
C03968,0,0.581641683,0.000295389,0,0
C01540,0,0.560324142,0.000266106,0,0
C01955,0,0.522062024,0.000214802,0,0
C04648,0,0.555135324,0.0004044,0,0
C02695,0,0.5915722,0.000110847,0,0
C03848,0,0.506759368,4.55E-05,0,0
C07601,0,0.486281311,0.000149577,0,0
C05221,0,0.562493254,4.08E-05,0,0
C07229,0,0.503968944,7.21E-05,0,0
C02093,0,0.547783359,0.000589808,0,0
C07927,0,0.545952505,6.44E-05,0,0
C03185,0,0.570114053,1.92E-05,0,0
C02474,0,0.545016557,8.47E-05,0,0
C02932,0,0.538564257,4.13E-05,0,0
C06018,0,0.494930417,0.000126397,0,0
C02865,0,0.525963445,0.000292314,0,0
C04448,0,0.514264619,0.000230674,0,0
C07096,0,0.545482579,8.50E-05,0,0
C05131,0,0.552831802,0.000287989,0,0
C05291,0,0.554886957,0.000486239,0,0
C06045,0,0.558298246,0.000234515,0,0
C04483,0,0.543611164,0.000469853,0,0
C06921,0,0.572724925,0.000170428,0,0
C02006,0,0.52258713,9.98E-05,0,0
C06733,0,0.537625995,3.77E-05,0,0
C02901,0,0.587930011,0.000242231,0,0
C07531,0,0.534587773,3.68E-05,0,0
C04164,0,0.541055823,0.000190375,0,0
C01668,0,0.503705797,4.27E-05,0,0
C03827,0,0.549337891,6.84E-05,0,0
C04793,0,0.508092113,6.52E-05,0,0
C03924,0,0.489760469,6.27E-05,0,0
C04233,0,0.545482597,5.90E-05,0,0
C05185,0,0.529872193,6.63E-05,0,0
C03700,0,0.534988427,0.00024437,0,0
C06882,0,0.533256774,8.44E-05,0,0
C06490,0,0.538497055,3.89E-05,0,0
C06645,0,0.544779549,7.77E-05,0,0
C03265,0,0.558196613,5.05E-05,0,0
C04709,0,0.547349414,0.00019959,0,0
C06186,0,0.504672244,8.14E-05,0,0
C04375,0,0.502152307,0.000115982,0,0
C07862,0,0.557775904,0.000261031,0,0
C03653,0,0.568807131,0.000152008,0,0
C04743,0,0.550027928,0.000293883,0,0
C06357,0,0.553997025,0.000316171,0,0
C02667,0,0.514862742,7.11E-05,0,0
C02766,0,0.523727091,2.35E-05,0,0
C06630,0,0.538944517,0.00045369,0,0
C07988,0,0.544787501,6.39E-05,0,0
C07720,0,0.485170901,0.000150407,0,0
C02741,0,0.56109345,0.00022837,0,0
C07188,0,0.474950806,0.000100648,0,0
C06000,0,0.574961554,0.000406287,0,0
C06896,0,0.576338896,0.000410576,0,0
C05122,0,0.500723221,0.000257867,0,0
C02141,0,0.539901218,0.000125989,0,0
C03204,0,0.574688141,0.000124214,0,0
C03149,0,0.525416305,5.87E-05,0,0
C06036,0,0.545667227,2.40E-05,0,0
C04736,0,0.571261331,1.78E-05,0,0
C04732,0,0.569271966,0.000166011,0,0
C04185,0,0.513223631,0.000220779,0,0
C06597,0,0.515919561,4.12E-05,0,0
C04535,0,0.53251749,0.000248704,0,0
C05067,0,0.544550474,5.86E-05,0,0
C01344,0,0.561460905,0.000469265,0,0
C02815,0,0.519558428,0.000187511,0,0
C06180,0,0.487013822,0.000253526,0,0
C04463,0,0.543159212,0.000210475,0,0
C02891,0,0.575074902,8.47E-05,0,0
C07287,0,0.549109211,5.15E-05,0,0
C07414,0,0.569550193,0.000410073,0,0
C06677,0,0.536695422,4.07E-05,0,0
C06624,0,0.523552775,3.13E-05,0,0
C05235,0,0.533426649,0.00022234,0,0
C03030,0,0.567236936,0.000490253,0,0
C02303,0,0.544039883,2.58E-05,0,0
C06756,0,0.542911635,0.000467392,0,0
C07356,0,0.565497869,1.70E-05,0,0
C07587,0,0.539200822,0.000125329,0,0
C01454,0,0.510521434,4.89E-05,0,0
C06457,0,0.531789098,0.000219632,0,0
C07690,0,0.552352651,0.000299073,0,0
C02858,0,0.514507259,3.75E-05,0,0
C03421,0,0.522380577,3.11E-05,0,0
C03449,0,0.513705057,3.91E-05,0,0
C07174,0,0.505405242,0.000321671,0,0
C03425,0,0.486973575,0.000294927,0,0
C05506,0,0.533922428,0.00031024,0,0
C05922,0,0.52307248,5.77E-05,0,0
C05078,0,0.547414165,0.000169136,0,0
C01594,0,0.575883838,0.000309003,0,0
C03049,0,0.492844497,0.00030812,0,0
C04883,0,0.487912723,0.000296999,0,0
C05302,0,0.552592818,4.86E-05,0,0
C05726,0,0.547215073,0.000458951,0,0
C05184,0,0.509331181,8.74E-05,0,0
C02066,0,0.551190569,0.000296467,0,0
C04691,0,0.533256774,8.44E-05,0,0
C03397,0,0.536722047,0.000235843,0,0
C05680,0,0.533853835,7.44E-05,0,0
C07498,0,0.500471811,0.000310061,0,0
C02478,0,0.539295372,0.000261657,0,0
C05802,0,0.549518195,0.000313887,0,0
C05957,0,0.571622467,0.000416583,0,0
C07650,0,0.536488371,0.00023543,0,0
C07165,0,0.523791174,3.42E-05,0,0
C05999,0,0.527610911,5.00E-05,0,0
C04696,0,0.470837708,0.000124907,0,0
C05758,0,0.528301646,0.000284581,0,0
C02408,0,0.466143265,0.000268329,0,0
C02037,0,0.543159212,0.000210475,0,0
C05637,0,0.494576036,3.74E-05,0,0
C04819,0,0.532748992,0.000282587,0,0
C01464,0,0.546598968,2.41E-05,0,0
C05373,0,0.549979454,0.000289434,0,0
C03172,0,0.513911884,0.000399978,0,0
C03516,0,0.572667338,0.000301522,0,0
C06874,0,0.515501984,0.000130791,0,0
C05774,0,0.560386819,0.000259274,0,0
C01985,0,0.508403779,4.42E-05,0,0
C01672,0,0.58611134,0.000259952,0,0
C06144,0,0.488999275,0.0001298,0,0
C07112,0,0.514938082,3.68E-05,0,0
C05909,0,0.560512854,5.14E-05,0,0
C07723,0,0.566186026,3.85E-05,0,0
C06782,0,0.544313408,7.74E-05,0,0
C07675,0,0.545719113,0.000197159,0,0
C02027,0,0.486958818,3.41E-05,0,0
C05610,0,0.523651936,7.22E-05,0,0
C05651,0,0.543151705,5.80E-05,0,0
C05795,0,0.519785429,7.45E-05,0,0
C03860,0,0.531510542,6.71E-05,0,0
C04731,0,0.507954552,4.37E-05,0,0
C05295,0,0.539874446,0.000419818,0,0
C05783,0,0.493328765,0.000138983,0,0
C07346,0,0.535689712,0.000245657,0,0
C07632,0,0.529916774,0.000216577,0,0
C01928,0,0.544091799,0.000211954,0,0
C03488,0,0.551610985,0.000318871,0,0
C03868,0,0.532281109,0.000281599,0,0
C07365,0,0.492283207,0.000122228,0,0
C06024,0,0.568851025,0.000496297,0,0
C07319,0,0.580955511,0.000293842,0,0
C07052,0,0.544557977,0.000212698,0,0
C04128,0,0.572034889,0.000169536,0,0
C03508,0,0.545470772,0.000481193,0,0
C03684,0,0.556549726,0.000322318,0,0
C05507,0,0.551906325,0.000311229,0,0
C04308,0,0.51480182,0.000141595,0,0
C07047,0,0.556047177,0.000490513,0,0
C05771,0,0.534053166,0.000242665,0,0
C07874,0,0.553029366,0.000479478,0,0
C03692,0,0.508873509,4.44E-05,0,0
C04092,0,0.512849466,8.24E-05,0,0
C01406,0,0.529710741,0.000300617,0,0
C06550,0,0.567240863,0.000533527,0,0
C07801,0,0.529067526,0.000278735,0,0
C06837,0,0.581416887,0.000320906,0,0
C03935,0,0.557139224,0.000232471,0,0
C02687,0,0.540578663,0.000459283,0,0
C01244,0,0.546900024,0.000144508,0,0
C01648,0,0.48751587,7.89E-05,0,0
C02190,0,0.516975013,7.23E-05,0,0
C03035,0,0.474918924,0.000296442,0,0
C07157,0,0.570131818,0.000391624,0,0
C04999,0,0.521446633,3.36E-05,0,0
C05719,0,0.525264143,4.51E-05,0,0
C06927,0,0.556612652,0.000237763,0,0
C05641,0,0.553938227,1.99E-05,0,0
C07639,0,0.535336122,0.000169566,0,0
C02079,0,0.537543153,0.000448951,0,0
C05746,0,0.565023803,0.000235269,0,0
C03936,0,0.546050615,0.000454952,0,0
C06935,0,0.548848405,0.00050562,0,0
C07865,0,0.535323731,0.000253984,0,0
C06545,0,0.511659476,0.000218612,0,0
C02934,0,0.558192668,4.64E-05,0,0
C07022,0,0.517323619,3.83E-05,0,0
C01864,0,0.548220893,0.00015051,0,0
C03893,0,0.544791037,0.000213071,0,0
C04699,0,0.583825954,0.000234717,0,0
C06893,0,0.507654616,0.000278169,0,0
C06948,0,0.553595598,0.000232413,0,0
C06221,0,0.550744027,0.000308516,0,0
C01536,0,0.566548691,0.000368331,0,0
C01961,0,0.540808069,0.000422768,0,0
C03404,0,0.491874171,6.37E-05,0,0
C04361,0,0.489791269,0.000301188,0,0
C05444,0,0.529480279,4.66E-05,0,0
C03023,0,0.526646205,0.000173694,0,0
C07406,0,0.508371713,0.000213319,0,0
C03778,0,0.558930636,0.000241962,0,0
C04751,0,0.510740224,8.83E-05,0,0
C06575,0,0.493324767,0.000127706,0,0
C07790,0,0.540818904,8.21E-05,0,0
C01691,0,0.572383957,0.000176597,0,0
C04104,0,0.545944556,7.84E-05,0,0
C05733,0,0.529040392,7.52E-05,0,0
C02101,0,0.529060815,4.71E-05,0,0
C06087,0,0.549750815,0.000314437,0,0
C04652,0,0.572441264,0.000327568,0,0
C05544,0,0.511084343,1.30E-05,0,0
C02078,0,0.487689967,0.000151157,0,0
C04940,0,0.56677945,0.000368976,0,0
C02367,0,0.533898389,0.000168503,0,0
C03803,0,0.540911097,3.68E-05,0,0
C01284,0,0.524927185,9.33E-05,0,0
C04307,0,0.541507108,0.000467086,0,0
C05324,0,0.490246191,3.49E-05,0,0
C02335,0,0.48654428,0.00025264,0,0
C04405,0,0.530182576,4.68E-05,0,0
C07943,0,0.474467685,0.000223143,0,0
C01535,0,0.568811055,0.000165431,0,0
C04324,0,0.562634033,0.000248835,0,0
C02480,0,0.539411503,0.000455281,0,0
C06669,0,0.572893363,0.000399936,0,0
C07508,0,0.517440333,6.66E-05,0,0
C01949,0,0.567936734,0.000405079,0,0
C06486,0,0.545944556,7.84E-05,0,0
C06574,0,0.545948522,8.53E-05,0,0
C02666,0,0.503525912,0.000317197,0,0
C05790,0,0.577031046,0.000311719,0,0
C02384,0,0.554675088,0.000304354,0,0
C04357,0,0.539885283,8.15E-05,0,0
C03774,0,0.566552619,0.000400847,0,0
C04237,0,0.544091799,0.000211954,0,0
C07496,0,0.577216698,0.000137811,0,0
C07520,0,0.572437331,0.000433721,0,0
C02172,0,0.554959148,9.03E-05,0,0
C06086,0,0.542190617,0.000565549,0,0
C07137,0,0.522146108,3.10E-05,0,0
C05959,0,0.532966936,0.000510139,0,0
C04241,0,0.563182992,3.76E-05,0,0
C03812,0,0.516032302,6.59E-05,0,0
C01677,0,0.474702013,0.000223534,0,0
C05817,0,0.550972574,0.000283984,0,0
C01643,0,0.550448544,0.000316092,0,0
C02707,0,0.510975049,8.84E-05,0,0
C02167,0,0.520003544,8.99E-05,0,0
C01556,0,0.564107506,3.79E-05,0,0
C03307,0,0.570241225,0.000412231,0,0
C07533,0,0.564561823,0.000234447,0,0
C03782,0,0.570697825,0.000547719,0,0
C03996,0,0.526435679,4.55E-05,0,0
C01893,0,0.515907667,0.000233518,0,0
C07628,0,0.52736506,0.000271435,0,0
C04287,0,0.576572244,0.000447603,0,0
C05440,0,0.54618898,0.00021532,0,0
C05920,0,0.544968211,2.38E-05,0,0
C02098,0,0.54293838,0.000140271,0,0
C02173,0,0.492517844,0.000127477,0,0
C04910,0,0.489596691,0.000258455,0,0
C07023,0,0.549518195,0.000313887,0,0
C02892,0,0.483306692,4.24E-05,0,0
C03033,0,0.569315866,0.000376149,0,0
C06341,0,0.552336339,0.000519069,0,0
C03688,0,0.531276533,6.70E-05,0,0
C04456,0,0.555587112,0.000531944,0,0
C04583,0,0.549799184,6.30E-05,0,0
C04621,0,0.546598968,2.41E-05,0,0
C04517,0,0.566313956,0.000486833,0,0
C02444,0,0.545936717,0.00048288,0,0
C04916,0,0.541981555,7.61E-05,0,0
C05968,0,0.515113497,3.95E-05,0,0
C07461,0,0.560320201,0.000244517,0,0
C04198,0,0.519554869,5.62E-05,0,0
C05974,0,0.534996052,4.13E-05,0,0
C01832,0,0.583930515,0.000327145,0,0
C03530,0,0.576117252,0.000336872,0,0
C05664,0,0.537193328,0.000257566,0,0
C06173,0,0.47294544,0.000126891,0,0
C04016,0,0.511984627,0.000138651,0,0
C05557,0,0.545719113,0.000197159,0,0
C03146,0,0.565577448,0.000148328,0,0
C07352,0,0.527372904,1.89E-05,0,0
C04911,0,0.553993073,0.000290521,0,0
C06059,0,0.507924618,0.00016765,0,0
C07393,0,0.54430955,0.000360259,0,0
C01792,0,0.527007707,2.41E-05,0,0
C05020,0,0.553289722,4.89E-05,0,0
C03514,0,0.532027077,0.000166159,0,0
C06918,0,0.536968092,0.000157729,0,0
C07070,0,0.547582663,6.52E-05,0,0
C00878,0,0.558891756,5.08E-05,0,0
C01883,0,0.552859799,4.85E-05,0,0
C06956,0,0.536929084,4.08E-05,0,0
C04446,0,0.5865672,0.000260864,0,0
C01105,0,0.525498677,1.86E-05,0,0
C02814,0,0.573077764,0.000193203,0,0
C03887,0,0.588616724,0.000265007,0,0
C04163,0,0.537543153,0.000448951,0,0
C06174,0,0.536624539,0.000247383,0,0
C04484,0,0.510942561,0.000285071,0,0
C06386,0,0.538968081,4.25E-05,0,0
C01260,0,0.541512071,0.00046251,0,0
C03635,0,0.578436885,0.000288238,0,0
C06052,0,0.572389614,0.000122058,0,0
C02401,0,0.553764818,0.000315618,0,0
C06121,0,0.555094874,0.000327354,0,0
C06222,0,0.531917948,1.31E-05,0,0
C07913,0,0.549983413,0.000314987,0,0
C05394,0,0.492506044,0.000240164,0,0
C05286,0,0.519740758,2.28E-05,0,0
C05260,0,0.522138217,0.000191157,0,0
C06951,0,0.54618898,0.00021532,0,0
C06203,0,0.54384333,0.000359,0,0
C01575,0,0.577718956,0.000451537,0,0
C02783,0,0.534136323,0.000514623,0,0
C05754,0,0.532551038,7.72E-05,0,0
C01953,0,0.524088674,0.000288249,0,0
C05058,0,0.538243911,0.000451314,0,0
C05963,0,0.547353377,0.000217213,0,0
C07113,0,0.550476726,0.000511852,0,0
C07631,0,0.496495442,0.000227346,0,0
C06441,0,0.548092368,7.01E-06,0,0
C07557,0,0.539295372,0.000261657,0,0
C04603,0,0.526924719,0.000456021,0,0
C07975,0,0.530174942,0.000277197,0,0
C02738,0,0.544783516,8.45E-05,0,0
C01715,0,0.555355068,0.000531014,0,0
C04326,0,0.554693505,0.000317835,0,0
C01626,0,0.512996758,3.58E-05,0,0
C03710,0,0.538560282,3.79E-05,0,0
C05689,0,0.566500795,0.00014937,0,0
C03915,0,0.541526461,0.000207912,0,0
C04921,0,0.530706196,0.000282171,0,0
C04386,0,0.577753174,0.000312043,0,0
C06619,0,0.469652754,0.000275468,0,0
C01723,0,0.528769986,0.000285579,0,0
C02301,0,0.568270565,1.89E-05,0,0
C04210,0,0.574276356,0.000439837,0,0
C04337,0,0.55008221,0.000152633,0,0
C04189,0,0.567702177,0.000535398,0,0
C05366,0,0.532578149,0.000286151,0,0
C07568,0,0.543622007,6.33E-05,0,0
C07701,0,0.543140861,0.000430233,0,0
C06697,0,0.534520827,0.000243516,0,0
C01732,0,0.524931174,0.000101549,0,0
C02992,0,0.533615988,6.82E-05,0,0
C03471,0,0.53429065,3.77E-05,0,0
C05164,0,0.549081087,0.000506505,0,0
C05539,0,0.516394968,9.13E-05,0,0
C05583,0,0.500022433,0.000193726,0,0
C05656,0,0.525101381,0.000267363,0,0
C03900,0,0.531590031,0.000151504,0,0
C05562,0,0.536157157,0.000246518,0,0
C02595,0,0.541305506,0.000138562,0,0
C01595,0,0.489884532,7.96E-05,0,0
C02528,0,0.534599869,0.000244099,0,0
C06943,0,0.536695422,4.07E-05,0,0
C02333,0,0.554638675,2.18E-05,0,0
C04869,0,0.548816244,0.000286912,0,0
C04918,0,0.560382878,0.000238239,0,0
C03144,0,0.529242504,0.000299566,0,0
C03733,0,0.57996626,0.000140737,0,0
C03107,0,0.548399315,0.000290304,0,0
C04974,0,0.516963122,0.000409184,0,0
C05155,0,0.548698143,2.67E-05,0,0
C02956,0,0.510258661,0.000498089,0,0
C04409,0,0.520504554,3.06E-05,0,0
C07168,0,0.520711174,9.84E-05,0,0
C01527,0,0.521402846,0.000559976,0,0
C04536,0,0.561556252,0.000229171,0,0
C00260,0,0.508666865,7.47E-05,0,0
C03060,0,0.462419465,0.00014477,0,0
C02527,0,0.515450152,4.11E-05,0,0
C02471,0,0.577753174,0.000312043,0,0
C03604,0,0.497435148,0.000228943,0,0
C07097,0,0.538361298,0.000259831,0,0
C04607,0,0.560049814,5.12E-05,0,0
C06373,0,0.553029366,0.000479478,0,0
C03594,0,0.5476525,0.000284411,0,0
C03931,0,0.568061724,0.000291148,0,0
C07881,0,0.600327128,8.48E-05,0,0
C05531,0,0.571981194,0.000326424,0,0
C01280,0,0.511914298,8.91E-05,0,0
C03601,0,0.553068057,0.000313965,0,0
C06305,0,0.503290987,0.000316643,0,0
C03121,0,0.510910311,6.66E-05,0,0
C01963,0,0.496734365,0.000247853,0,0
C01295,0,0.556330036,0.000281921,0,0
C02806,0,0.508861466,8.71E-05,0,0
C06479,0,0.518162711,3.28E-05,0,0
C03133,0,0.501383283,7.94E-05,0,0
C05730,0,0.494810945,3.75E-05,0,0
C06456,0,0.552772861,0.000321674,0,0
C04345,0,0.551150145,1.95E-05,0,0
C03955,0,0.497905008,0.000229746,0,0
C02218,0,0.539427449,0.000252635,0,0
C03919,0,0.522292506,0.000197721,0,0
C07465,0,0.536500758,0.000157178,0,0
C03624,0,0.56470157,0.000523355,0,0
C06720,0,0.552780882,2.15E-05,0,0
C00751,0,0.508861466,8.71E-05,0,0
C02515,0,0.541289165,0.000190709,0,0
C04917,0,0.516971019,6.64E-05,0,0
C03459,0,0.560849783,0.000260183,0,0
C05625,0,0.543851158,8.40E-05,0,0
C05081,0,0.534049185,0.000222977,0,0
C05709,0,0.558003745,0.000240274,0,0
C02164,0,0.576987349,0.00013757,0,0
C02209,0,0.60370444,8.70E-05,0,0
C03440,0,0.537426955,0.000258018,0,0
C05141,0,0.536726024,0.000256666,0,0
C06771,0,0.506516813,0.00026876,0,0
C07128,0,0.535059344,4.02E-05,0,0
C05991,0,0.563876419,3.78E-05,0,0
C06049,0,0.557080396,0.000259664,0,0
C02907,0,0.535451987,0.000225332,0,0
C03305,0,0.465457728,0.000148103,0,0
C01240,0,0.517912242,0.000129683,0,0
C02110,0,0.577952118,0.000341623,0,0
C02371,0,0.563876419,3.78E-05,0,0
C03022,0,0.551209013,0.000309598,0,0
C04946,0,0.547570865,0.000369196,0,0
C07854,0,0.534128238,0.000223511,0,0
C03239,0,0.553701949,0.000323934,0,0
C04663,0,0.544056117,0.000573522,0,0
C07538,0,0.504700508,0.000319986,0,0
C01520,0,0.536722047,0.000235843,0,0
C04792,0,0.543822996,0.000572519,0,0
C01228,0,0.554426653,0.00052731,0,0
C05406,0,0.541474498,2.53E-05,0,0
C07976,0,0.553281906,0.000301174,0,0
C03881,0,0.532047145,0.000281107,0,0
C07412,0,0.509796883,8.06E-05,0,0
C02857,0,0.541733811,1.24E-05,0,0
C04339,0,0.545719544,6.43E-05,0,0
C04229,0,0.527344951,0.000231205,0,0
C05421,0,0.571747178,0.000431449,0,0
C02327,0,0.550737362,5.22E-05,0,0
C03631,0,0.549799184,6.30E-05,0,0
C04599,0,0.511822806,3.55E-05,0,0
C07425,0,0.534528453,4.11E-05,0,0
C03125,0,0.547554522,0.000640742,0,0
C03805,0,0.534587773,3.68E-05,0,0
C05215,0,0.557960902,4.63E-05,0,0
C06659,0,0.527376686,4.99E-05,0,0
C03371,0,0.47294544,0.000126891,0,0
C02438,0,0.52252296,0.000262264,0,0
C03289,0,0.516728453,0.000408468,0,0
C02558,0,0.495442913,0.00014119,0,0
C04871,0,0.574272445,0.000404159,0,0
C04177,0,0.543621575,0.000194077,0,0
C05360,0,0.539303774,0.000160515,0,0
C07774,0,0.55090963,0.000291468,0,0
C02388,0,0.568222715,7.68E-06,0,0
C05804,0,0.55511905,0.000487091,0,0
C02163,0,0.567467608,0.000491112,0,0
C07304,0,0.553750238,6.49E-05,0,0
C03656,0,0.495085931,0.00022497,0,0
C02137,0,0.587930011,0.000242231,0,0
C06314,0,0.492283207,0.000122228,0,0
C02658,0,0.546418366,6.46E-05,0,0
C05044,0,0.518385443,0.000185877,0,0
C03308,0,0.540122275,0.000189047,0,0
C05088,0,0.532728909,0.000240704,0,0
C03972,0,0.550913587,0.000317201,0,0
C04094,0,0.551867615,0.000475301,0,0
C04023,0,0.574735811,0.00030631,0,0
C04786,0,0.553080326,0.000275096,0,0
C04880,0,0.547885291,0.00028491,0,0
C05024,0,0.536457767,3.74E-05,0,0
C01403,0,0.552304224,0.000294545,0,0
C06432,0,0.587474597,0.000241385,0,0
C03352,0,0.553760865,0.000290013,0,0
C03718,0,0.559351114,4.68E-05,0,0
C03779,0,0.554296152,0.000254266,0,0
C04577,0,0.497557224,0.000143433,0,0
C07420,0,0.587250711,0.000262238,0,0
C02800,0,0.510270561,8.80E-05,0,0
C06752,0,0.506118272,4.41E-05,0,0
C03267,0,0.515740685,0.00014259,0,0
C02565,0,0.538493414,0.000250872,0,0
C02970,0,0.55183945,0.000293516,0,0
C06034,0,0.527885944,6.19E-05,0,0
C03319,0,0.506743569,7.87E-05,0,0
C03976,0,0.468497006,0.000122739,0,0
C03584,0,0.50947852,3.79E-05,0,0
C03650,0,0.557076449,0.000238597,0,0
C06562,0,0.539193966,0.000252193,0,0
C07033,0,0.564243462,0.000393892,0,0
C01839,0,0.531900487,4.40E-05,0,0
C07642,0,0.508387738,7.97E-05,0,0
C07747,0,0.539057904,0.000240008,0,0
C06925,0,0.578436885,0.000288238,0,0
C02020,0,0.571158258,0.000381453,0,0
C04030,0,0.488143527,0.000273383,0,0
C07472,0,0.535515028,0.000228573,0,0
C01986,0,0.54314483,0.000468211,0,0
C02062,0,0.508467121,4.49E-05,0,0
C05732,0,0.506735664,0.000485183,0,0
C06417,0,0.533771861,4.47E-05,0,0
C03765,0,0.574050518,0.000331607,0,0
C06037,0,0.520739089,3.07E-05,0,0
C06725,0,0.527833499,0.000272387,0,0
C06234,0,0.512557743,0.0001782,0,0
C07792,0,0.507233388,4.77E-05,0,0
C02011,0,0.545972855,6.38E-05,0,0
C01853,0,0.566544745,0.000487686,0,0
C02150,0,0.508769707,3.61E-05,0,0
C07374,0,0.49649944,0.000247419,0,0
C02010,0,0.574965463,0.000442152,0,0
C07618,0,0.514397411,0.00022272,0,0
C02648,0,0.504179637,4.66E-05,0,0
C06333,0,0.538033912,4.22E-05,0,0
C03241,0,0.583564511,8.62E-05,0,0
C07726,0,0.553697996,0.000297655,0,0
C07991,0,0.500977642,0.000114971,0,0
C03641,0,0.498628294,0.000112975,0,0
C07717,0,0.589299219,0.000266402,0,0
C01638,0,0.486050551,0.000162501,0,0
C04041,0,0.532087113,8.37E-05,0,0
C05541,0,0.522106317,0.000562923,0,0
C04487,0,0.498859229,0.00010399,0,0
C04724,0,0.569271966,0.000166011,0,0
C06500,0,0.535693357,3.81E-05,0,0
C06977,0,0.512761735,3.72E-05,0,0
C05003,0,0.506751707,0.00026923,0,0
C01930,0,0.536959684,0.000257116,0,0
C03914,0,0.577520001,0.000286227,0,0
C03158,0,0.558529975,0.000234926,0,0
C05822,0,0.531667982,2.36E-05,0,0
C07550,0,0.550681077,0.000316646,0,0
C05110,0,0.56701018,0.000369622,0,0
C02985,0,0.549803162,4.76E-05,0,0
C07448,0,0.552831802,0.000287989,0,0
C03223,0,0.540818922,5.69E-05,0,0
C03073,0,0.545325775,2.70E-05,0,0
C01580,0,0.550212031,0.000289941,0,0
C06780,0,0.563625318,0.000265707,0,0
C03711,0,0.577260389,0.000312265,0,0
C01349,0,0.543380894,7.69E-05,0,0
C02669,0,0.551639153,0.000516351,0,0
C03200,0,0.554693505,0.000317835,0,0
C01778,0,0.535071563,0.000518238,0,0
C02634,0,0.496848441,0.000131104,0,0
C01383,0,0.552801016,0.000520889,0,0
C04984,0,0.5269082,4.97E-05,0,0
C02798,0,0.564448374,7.22E-05,0,0
C04859,0,0.488862442,0.000123528,0,0
C02235,0,0.486515829,0.000156001,0,0
C05616,0,0.531115137,0.000303791,0,0
C07399,0,0.465675579,0.000267391,0,0
C04725,0,0.516210076,0.00014309,0,0
C00981,0,0.511353187,3.53E-05,0,0
C03854,0,0.541512071,0.00046251,0,0
C04422,0,0.518617476,7.32E-05,0,0
C04660,0,0.515330815,0.00012721,0,0
C03899,0,0.546414384,8.56E-05,0,0
C02461,0,0.529745299,9.23E-05,0,0
C01503,0,0.553261647,0.000480318,0,0
C05013,0,0.572893363,0.000399936,0,0
C01939,0,0.539901976,4.28E-05,0,0
C03142,0,0.508590111,0.000257398,0,0
C03722,0,0.537562751,3.87E-05,0,0
C03735,0,0.52572515,0.000268129,0,0
C04862,0,0.568580554,0.000165141,0,0
C05696,0,0.539070282,0.000160234,0,0
C05881,0,0.540695963,0.000264419,0,0
C02899,0,0.579128092,0.000315338,0,0
C05566,0,0.562006729,0.000262471,0,0
C04122,0,0.499875745,3.04E-05,0,0
C02389,0,0.538006366,0.000413981,0,0
C04036,0,0.523420061,8.80E-05,0,0
C05357,0,0.557139224,0.000232471,0,0
C07438,0,0.523076037,0.000192501,0,0
C05491,0,0.542448076,7.63E-05,0,0
C05715,0,0.576754062,0.000126187,0,0
C03494,0,0.535451745,0.000234597,0,0
C03713,0,0.552584999,0.000299597,0,0
C02473,0,0.555181724,4.94E-05,0,0
C05797,0,0.5504969,6.34E-05,0,0
C07267,0,0.528305875,0.000297476,0,0
C07537,0,0.525518985,0.000451257,0,0
C01799,0,0.535957944,7.55E-05,0,0
C06098,0,0.555515549,0.00022964,0,0
C05687,0,0.563414162,3.77E-05,0,0
C05996,0,0.509270227,0.000173885,0,0
C05070,0,0.531841282,0.000473094,0,0
C03235,0,0.526070613,2.39E-05,0,0
C02070,0,0.55220572,0.000250291,0,0
C02133,0,0.532986894,0.000308075,0,0
C07541,0,0.550244174,0.000510957,0,0
C06888,0,0.557308311,0.000239015,0,0
C07475,0,0.57382072,0.000331027,0,0
C03410,0,0.529480279,4.66E-05,0,0
C01833,0,0.589981372,0.000267805,0,0
C01947,0,0.514332349,0.0001411,0,0
C02256,0,0.511591996,3.85E-05,0,0
C03388,0,0.475170703,0.000224318,0,0
C03074,0,0.528138741,4.49E-05,0,0
C07886,0,0.509108369,4.45E-05,0,0
C06062,0,0.532733015,0.000509247,0,0
C07518,0,0.529040392,7.52E-05,0,0
C06418,0,0.531559088,0.000238606,0,0
C03403,0,0.567244807,0.000402957,0,0
C07963,0,0.570471509,0.000412954,0,0
C03945,0,0.531789098,0.000219632,0,0
C06799,0,0.550448544,0.000316092,0,0
C06422,0,0.537435362,0.000158283,0,0
C05045,0,0.561775393,0.000262012,0,0
C01663,0,0.521208133,3.08E-05,0,0
C03685,0,0.506293819,4.74E-05,0,0
C01599,0,0.546647284,8.57E-05,0,0
C04759,0,0.523699135,0.000199808,0,0
C07181,0,0.54502011,0.000196126,0,0
C01900,0,0.512519292,0.000219623,0,0
C02586,0,0.542922048,0.00019306,0,0
C05496,0,0.572211245,0.000326996,0,0
C03532,0,0.537305557,0.000411813,0,0
C05639,0,0.56433079,0.000234037,0,0
C07714,0,0.532728927,0.000167034,0,0
C04843,0,0.573357097,0.000436768,0,0
C06534,0,0.511667594,0.000503347,0,0
C04168,0,0.549849621,0.000152366,0,0
C03391,0,0.491813212,0.000126809,0,0
C02764,0,0.515267271,0.000130562,0,0
C07682,0,0.564318586,0.000267106,0,0
C01471,0,0.554426653,0.00052731,0,0
C07719,0,0.565856223,0.000527954,0,0
C04752,0,0.542918492,8.34E-05,0,0
C07207,0,0.55992375,0.000258368,0,0
C07748,0,0.535455966,0.000245227,0,0
C02685,0,0.532728927,0.000167034,0,0
C05123,0,0.520262116,0.000188499,0,0
C06200,0,0.557964848,5.04E-05,0,0
C06346,0,0.542211936,0.000464945,0,0
C06908,0,0.539193966,0.000252193,0,0
C07193,0,0.478200777,0.000303797,0,0
C03292,0,0.541041431,0.000423508,0,0
C06094,0,0.541281635,7.57E-05,0,0
C02996,0,0.480960343,4.17E-05,0,0
C05672,0,0.567884949,0.000150947,0,0
C05995,0,0.52927308,8.45E-05,0,0
C06538,0,0.535451987,0.000225332,0,0
C06628,0,0.581188163,0.000320345,0,0
C04774,0,0.571340655,0.000154964,0,0
C07815,0,0.514878773,3.95E-05,0,0
C04364,0,0.530647058,0.000302729,0,0
C04546,0,0.573634267,8.60E-05,0,0
C02463,0,0.541281635,7.57E-05,0,0
C06281,0,0.561249993,0.000267976,0,0
C02042,0,0.568854948,0.000540104,0,0
C04042,0,0.511209869,8.86E-05,0,0
C05949,0,0.571290856,0.000324714,0,0
C07378,0,0.557544093,0.000260574,0,0
C03890,0,0.554481443,4.51E-05,0,0
C03306,0,0.505812114,0.000267352,0,0
C05834,0,0.485811806,0.000149055,0,0
C04289,0,0.53268436,7.37E-05,0,0
C02285,0,0.528095839,0.000460029,0,0
C02345,0,0.477028456,0.000301149,0,0
C04670,0,0.536842247,0.0004466,0,0
C06347,0,0.490042148,0.00016741,0,0
C05608,0,0.554988589,0.000234867,0,0
C01609,0,0.583825954,0.000234717,0,0
C02128,0,0.51263316,4.02E-05,0,0
C02055,0,0.55823945,0.000261946,0,0
C05193,0,0.588844751,0.000108543,0,0
C05819,0,0.530416853,1.93E-05,0,0
C06701,0,0.514745989,4.09E-05,0,0
C05735,0,0.550651452,7.15E-06,0,0
C02498,0,0.537672948,0.000172561,0,0
C05742,0,0.534992073,3.79E-05,0,0
C06290,0,0.505820019,4.34E-05,0,0
C07576,0,0.528543702,4.63E-05,0,0
C04802,0,0.507448233,7.92E-05,0,0
C06150,0,0.558302191,0.000255221,0,0
C07131,0,0.57415609,8.41E-05,0,0
C07982,0,0.543822996,0.000572519,0,0
C07413,0,0.57092413,0.000504176,0,0
C03097,0,0.505589113,4.71E-05,0,0
C02622,0,0.548876532,5.14E-05,0,0
C02897,0,0.585423391,0.000237611,0,0
C02879,0,0.48161568,0.000243521,0,0
C06117,0,0.528806243,7.51E-05,0,0
C04524,0,0.549791356,0.000388443,0,0
C03529,0,0.545249578,8.48E-05,0,0
C02618,0,0.574735793,0.000441379,0,0
C05460,0,0.542692805,0.00020974,0,0
C07311,0,0.508796718,6.56E-05,0,0
C02237,0,0.545920381,0.000581608,0,0
C02100,0,0.585879473,0.000238445,0,0
C02841,0,0.541728027,0.000613315,0,0
C05624,0,0.531884146,4.62E-05,0,0
C03228,0,0.485107597,0.000148274,0,0
C02255,0,0.561195491,0.000292478,0,0
C03245,0,0.55561786,0.000294103,0,0
C04952,0,0.509796883,8.06E-05,0,0
C02358,0,0.512996758,3.58E-05,0,0
C07049,0,0.548947044,0.000594992,0,0
C02870,0,0.572667338,0.000301522,0,0
C04257,0,0.518150866,0.000141382,0,0
C05786,0,0.49204833,0.000122014,0,0
C02293,0,0.581641683,0.000295389,0,0
C03568,0,0.512517782,0.000135564,0,0
C03738,0,0.542445188,0.000465759,0,0
C06848,0,0.571743261,0.000396452,0,0
C05910,0,0.56857663,0.000151742,0,0
C01765,0,0.498434176,8.86E-05,0,0
C07609,0,0.548844444,0.000464608,0,0
C01729,0,0.503968944,7.21E-05,0,0
C05411,0,0.528611085,4.91E-05,0,0
C05519,0,0.529940856,0.000276713,0,0
C02588,0,0.567475479,0.000403663,0,0
C01757,0,0.537321514,0.00022851,0,0
C03507,0,0.5034991,7.19E-05,0,0
C04230,0,0.571158258,0.000381453,0,0
C04478,0,0.529968982,0.000466516,0,0
C04996,0,0.542222784,6.26E-05,0,0
C07969,0,0.5827846,0.000297986,0,0
C02856,0,0.557033588,4.60E-05,0,0
C04200,0,0.542440227,0.000470368,0,0
C01924,0,0.54057469,0.000422028,0,0
C07955,0,0.529238518,0.000275263,0,0
C06010,0,0.56663984,0.00023817,0,0
C03098,0,0.555102887,2.19E-05,0,0
C02075,0,0.572207311,0.000432962,0,0
C02003,0,0.58565145,0.000238028,0,0
C06003,0,0.55287294,1.38E-05,0,0
C05748,0,0.57359089,0.000330448,0,0
C06536,0,0.547913501,0.000461367,0,0
C02050,0,0.553245471,2.16E-05,0,0
C05678,0,0.54480786,6.33E-05,0,0
C03826,0,0.535022938,7.50E-05,0,0
C05385,0,0.505115298,4.32E-05,0,0
C07424,0,0.575606655,0.000125087,0,0
C05451,0,0.513456888,0.000136517,0,0
C03643,0,0.553068057,0.000313965,0,0
C04037,0,0.545454434,0.000579576,0,0
C05555,0,0.511209869,8.86E-05,0,0
C04964,0,0.553532588,0.000315066,0,0
C01843,0,0.519786426,6.78E-05,0,0
C07333,0,0.528515961,0.000233237,0,0
C06953,0,0.508168664,4.60E-05,0,0
C05752,0,0.490643139,0.000131401,0,0
C04335,0,0.569411294,0.000108228,0,0
C02427,0,0.54338885,6.32E-05,0,0
C06564,0,0.575424725,0.000307923,0,0
C02787,0,0.460551137,0.000142756,0,0
C07527,0,0.559806519,0.000289422,0,0
C05339,0,0.501212577,0.000115172,0,0
C03909,0,0.570826539,0.000428439,0,0
C06161,0,0.576757967,0.00013733,0,0
C02650,0,0.545659387,0.000147639,0,0
C03090,0,0.553465961,0.000122345,0,0
C04109,0,0.538026294,0.000249995,0,0
C01676,0,0.50697846,7.89E-05,0,0
C02449,0,0.536620561,0.000227313,0,0
C00532,0,0.53096446,4.37E-05,0,0
C04544,0,0.503529911,0.000345201,0,0
C03393,0,0.569041525,0.000165721,0,0
C01931,0,0.54522143,0.000578563,0,0
C06454,0,0.532281109,0.000281599,0,0
C01530,0,0.574557282,9.43E-05,0,0
C01731,0,0.492389216,0.000138013,0,0
C02157,0,0.555877836,4.96E-05,0,0
C06522,0,0.543621575,0.000194077,0,0
C01355,0,0.488234743,3.57E-05,0,0
C04662,0,0.490169444,0.000120317,0,0
C01354,0,0.570193429,0.000167178,0,0
C02217,0,0.489072018,3.46E-05,0,0
C03654,0,0.484245443,4.27E-05,0,0
C04415,0,0.555055373,0.000249042,0,0
C05231,0,0.532014954,3.61E-05,0,0
C07530,0,0.506261768,0.000158582,0,0
C03925,0,0.51263316,4.02E-05,0,0
C04913,0,0.493559662,0.00012793,0,0
C01379,0,0.528758222,0.000537951,0,0
C01860,0,0.512394375,3.69E-05,0,0
C05430,0,0.546884147,6.49E-05,0,0
C05504,0,0.530861136,0.000502167,0,0
C01629,0,0.536659033,7.59E-05,0,0
C05658,0,0.521540389,7.98E-05,0,0
C03560,0,0.532446439,6.76E-05,0,0
C05399,0,0.494871062,0.000135608,0,0
C06358,0,0.575836202,0.000125306,0,0
C02647,0,0.556612652,0.000237763,0,0
C05930,0,0.48469883,7.73E-05,0,0
C04418,0,0.513927917,0.000221942,0,0
C03483,0,0.553400389,1.35E-05,0,0
C04657,0,0.493093873,0.00013874,0,0
C04617,0,0.527130822,0.00027096,0,0
C05878,0,0.524624537,4.38E-05,0,0
C05546,0,0.540808069,0.000422768,0,0
C02596,0,0.542452046,8.31E-05,0,0
C05040,0,0.568851025,0.000496297,0,0
C05456,0,0.523278573,0.000567871,0,0
C01309,0,0.573812878,0.000402746,0,0
C04469,0,0.547334065,0.000487977,0,0
C04569,0,0.559480604,3.66E-05,0,0
C06141,0,0.490022111,0.000277238,0,0
C03884,0,0.531817151,0.00030539,0,0
C06011,0,0.550027928,0.000293883,0,0
C07388,0,0.549648958,0.000650913,0,0
C01254,0,0.59020481,0.000246509,0,0
C02950,0,0.510977677,0.000171509,0,0
C03278,0,0.576805575,0.000338646,0,0
C03157,0,0.572893363,0.000399936,0,0
C02632,0,0.518847091,7.40E-05,0,0
C05499,0,0.548092368,7.01E-06,0,0
C06053,0,0.539303774,0.000160515,0,0
C03499,0,0.577061358,0.000285226,0,0
C03686,0,0.518840193,0.000414954,0,0
C05326,0,0.52593936,0.000158765,0,0
C06618,0,0.491813455,0.0001218,0,0
C03186,0,0.582916228,0.000253659,0,0
C06392,0,0.505553044,0.000208884,0,0
C06566,0,0.574965463,0.000442152,0,0
C01329,0,0.573353184,0.000401339,0,0
C03766,0,0.51540752,3.69E-05,0,0
C02866,0,0.538734564,4.25E-05,0,0
C06898,0,0.572671252,0.000328142,0,0
C05338,0,0.484387416,0.000265832,0,0
C02325,0,0.528365045,0.000277275,0,0
C01492,0,0.507691252,0.000271122,0,0
C02181,0,0.585423391,0.000237611,0,0
C04169,0,0.526229788,7.36E-05,0,0
C05183,0,0.558934579,0.000263326,0,0
C01889,0,0.566321831,0.000400146,0,0
C02197,0,0.513090822,0.000228664,0,0
C02878,0,0.503470873,4.26E-05,0,0
C01965,0,0.516517459,3.82E-05,0,0
C06623,0,0.530881104,0.000303259,0,0
C01987,0,0.577264292,0.000339834,0,0
C07852,0,0.562951795,3.76E-05,0,0
C06070,0,0.548513725,6.57E-05,0,0
C07634,0,0.572667338,0.000301522,0,0
C02134,0,0.529686658,0.000235288,0,0
C02467,0,0.536258657,0.000255769,0,0
C03450,0,0.534528453,4.11E-05,0,0
C01834,0,0.577753174,0.000312043,0,0
C02153,0,0.577900642,0.000127296,0,0
C05403,0,0.54430955,0.000360259,0,0
C04614,0,0.544324898,0.000212326,0,0
C07781,0,0.502367751,0.000261046,0,0
C02609,0,0.554270322,1.52E-05,0,0
C02823,0,0.529706756,0.000276229,0,0
C03715,0,0.492227097,3.67E-05,0,0
C04417,0,0.5155629,6.57E-05,0,0
C04136,0,0.514174563,3.93E-05,0,0
C03215,0,0.55167391,0.000310684,0,0
C06700,0,0.527444243,0.000272085,0,0
C02691,0,0.544084276,8.41E-05,0,0
C03298,0,0.583373106,0.000254548,0,0
C06362,0,0.527670334,4.48E-05,0,0
C07637,0,0.574276356,0.000439837,0,0
C05880,0,0.514332349,0.0001411,0,0
C06877,0,0.528833379,0.000278247,0,0
C06577,0,0.531978518,6.74E-05,0,0
C02407,0,0.56295573,4.09E-05,0,0
C07899,0,0.539965175,4.17E-05,0,0
C07225,0,0.489525635,6.26E-05,0,0
C01719,0,0.550976531,0.000309057,0,0
C02060,0,0.528301646,0.000284581,0,0
C06731,0,0.494033458,0.000139715,0,0
C07021,0,0.567193004,0.000150157,0,0
C03422,0,0.551186594,0.000392544,0,0
C02827,0,0.535526873,4.04E-05,0,0
C03214,0,0.532784971,7.73E-05,0,0
C05400,0,0.577904544,0.000138537,0,0
C04570,0,0.530182781,1.93E-05,0,0
C04179,0,0.508387738,7.97E-05,0,0
C02454,0,0.489791269,0.000301188,0,0
C03254,0,0.574042678,0.000403452,0,0
C07933,0,0.507156383,0.000171167,0,0
C01271,0,0.578899024,0.000314786,0,0
C03550,0,0.529325892,4.32E-05,0,0
C03807,0,0.538357322,0.000238751,0,0
C06526,0,0.535455966,0.000245227,0,0
C05201,0,0.556569782,4.58E-05,0,0
C06329,0,0.545024077,0.000213444,0,0
C07032,0,0.516517703,3.67E-05,0,0
C04620,0,0.543384863,8.37E-05,0,0
C07129,0,0.573634267,8.60E-05,0,0
C01908,0,0.548643831,5.14E-05,0,0
C03285,0,0.551697965,4.81E-05,0,0
C04582,0,0.534607953,0.00056201,0,0
C04992,0,0.524163921,0.000265498,0,0
C05468,0,0.574917818,0.000124432,0,0
C05824,0,0.572433416,0.000398539,0,0
C02194,0,0.568258882,0.000107284,0,0
C03613,0,0.568350024,0.000164853,0,0
C07932,0,0.567240863,0.000533527,0,0
C01380,0,0.529452563,0.00016299,0,0
C03396,0,0.577520001,0.000286227,0,0
C06196,0,0.543151687,8.35E-05,0,0
C01396,0,0.545016575,5.88E-05,0,0
C02681,0,0.545225396,0.000629627,0,0
C07992,0,0.524167929,0.000200509,0,0
C05432,0,0.526361855,1.27E-05,0,0
C02412,0,0.517558269,3.84E-05,0,0
C03630,0,0.504803372,0.000154549,0,0
C05264,0,0.483699357,0.000146724,0,0
C04943,0,0.536858206,0.000247816,0,0
C02039,0,0.533906456,0.000559067,0,0
C05962,0,0.579432081,8.76E-05,0,0
C06895,0,0.560072114,0.000464363,0,0
C03183,0,0.589299219,0.000266402,0,0
C01435,0,0.538493414,0.000250872,0,0
C03705,0,0.584738993,0.000236367,0,0
C01632,0,0.574688141,0.000124214,0,0
C03608,0,0.548714349,0.000593951,0,0
C02178,0,0.533196756,0.00016762,0,0
C01845,0,0.550268327,4.78E-05,0,0
C02107,0,0.516504301,0.000128328,0,0
C07392,0,0.526034519,4.81E-05,0,0
C03113,0,0.571622467,0.000416583,0,0
C04252,0,0.577749272,0.000286728,0,0
C06412,0,0.538022319,0.000229713,0,0
C03952,0,0.592253172,0.000160581,0,0
C04640,0,0.538239935,0.000414706,0,0
C02961,0,0.538255887,0.000230115,0,0
C03208,0,0.533664526,0.000168208,0,0
C07310,0,0.523460714,0.000264107,0,0
C07776,0,0.579811195,0.000291281,0,0
C01882,0,0.536224072,3.73E-05,0,0
C03614,0,0.533434735,0.000511928,0,0
C05000,0,0.531345172,0.000279634,0,0
C06359,0,0.526725491,0.000273898,0,0
C07361,0,0.538243911,0.000451314,0,0
C05911,0,0.546619151,0.00058467,0,0
C01612,0,0.524216195,0.00057186,0,0
C02889,0,0.506759612,4.37E-05,0,0
C04654,0,0.554890908,0.000529159,0,0
C04045,0,0.573357115,0.00030311,0,0
C02155,0,0.520945701,9.86E-05,0,0
C02184,0,0.485170901,0.000150407,0,0
C03636,0,0.575151372,0.000135657,0,0
C06471,0,0.55138261,1.95E-05,0,0
C04421,0,0.529714596,1.92E-05,0,0
C05701,0,0.527845124,5.01E-05,0,0
C06335,0,0.523310467,0.000192838,0,0
C01607,0,0.547815029,0.00020029,0,0
C03135,0,0.532733015,0.000509247,0,0
C02356,0,0.553300334,0.000314515,0,0
C07173,0,0.568851025,0.000496297,0,0
C05448,0,0.569550193,0.000410073,0,0
C02918,0,0.516963122,0.000409184,0,0
C03408,0,0.553057444,4.88E-05,0,0
C07839,0,0.552768907,0.000295578,0,0
C01430,0,0.532269112,0.00055226,0,0
C01537,0,0.544787501,6.39E-05,0,0
C01678,0,0.544875583,3.79E-05,0,0
C03906,0,0.530249932,4.97E-05,0,0
C05039,0,0.513321642,0.000160377,0,0
C06351,0,0.603033586,9.42E-05,0,0
C04242,0,0.50880051,0.000173277,0,0
C05821,0,0.533898371,0.00024282,0,0
C05801,0,0.532027077,0.000166159,0,0
C03028,0,0.534622373,0.000252654,0,0
C04106,0,0.553986417,4.91E-05,0,0
C05181,0,0.532099538,6.39E-05,0,0
C07106,0,0.548249058,2.42E-05,0,0
C05982,0,0.530706196,0.000282171,0,0
C06072,0,0.549460812,6.02E-05,0,0
C06754,0,0.573361028,0.00032987,0,0
C07321,0,0.548926878,2.45E-05,0,0
C02510,0,0.53663216,4.18E-05,0,0
C07251,0,0.512386474,0.000227466,0,0
C02617,0,0.516963122,0.000409184,0,0
C03248,0,0.512112616,0.000264247,0,0
C01929,0,0.533664508,0.000242395,0,0
C06785,0,0.537660565,0.00025847,0,0
C05435,0,0.533525637,5.09E-05,0,0
C06644,0,0.536500758,0.000157178,0,0
C02482,0,0.545253562,6.41E-05,0,0
C04113,0,0.48969952,0.000124827,0,0
C04447,0,0.539431089,3.92E-05,0,0
C06473,0,0.51790172,0.000412059,0,0
