customer_id,signup_date,customer_segment,location,acquisition_channel,age,gender
C00001,12-04-2024,medium,Bhubaneswar,ads,25,male
C00002,11-03-2025,high,Hyderabad,referral,47,female
C00003,27-09-2024,low,Ahmedabad,organic,46,female
C00004,16-04-2024,medium,Bangalore,organic,38,male
C00005,12-03-2024,high,Hyderabad,referral,37,female
C00006,01-12-2025,high,Chennai,ads,29,male
C00007,21-01-2024,high,Bhubaneswar,ads,27,female
C00008,06-09-2025,high,Kolkata,ads,31,other
C00009,01-05-2024,medium,Kolkata,ads,19,female
C00010,11-04-2025,low,Jaipur,ads,37,female
C00011,02-08-2024,high,Jaipur,referral,35,female
C00012,26-11-2024,high,Chennai,ads,25,female
C00013,03-04-2025,medium,Hyderabad,organic,50,female
C00014,28-03-2024,low,Kolkata,ads,41,male
C00015,07-01-2025,medium,Mumbai,ads,41,male
C00016,09-04-2024,medium,Mumbai,ads,30,female
C00017,25-10-2025,medium,Bangalore,ads,34,male
C00018,10-05-2024,medium,Mumbai,organic,41,female
C00019,23-10-2025,high,Delhi,ads,36,female
C00020,04-11-2024,low,Bhubaneswar,ads,51,male
C00021,09-12-2024,medium,Chennai,ads,32,male
C00022,06-05-2025,medium,Jaipur,ads,29,female
C00023,17-02-2025,low,Delhi,organic,41,female
C00024,20-01-2025,medium,Ahmedabad,ads,22,male
C00025,10-07-2024,medium,Bhubaneswar,ads,44,female
C00026,03-10-2024,medium,Kolkata,ads,21,female
C00027,09-06-2024,high,Bhubaneswar,ads,41,female
C00028,04-04-2025,high,Jaipur,ads,28,female
C00029,09-11-2024,medium,Pune,organic,39,male
C00030,22-01-2024,low,Pune,ads,44,female
C00031,09-09-2024,low,Delhi,organic,36,male
C00032,14-07-2025,medium,Hyderabad,ads,23,male
C00033,19-04-2025,high,Kolkata,organic,26,male
C00034,28-02-2024,high,Jaipur,organic,27,male
C00035,25-05-2025,low,Jaipur,ads,18,female
C00036,12-11-2025,medium,Jaipur,ads,46,male
C00037,20-04-2025,medium,Mumbai,ads,36,female
C00038,30-11-2025,low,Jaipur,ads,23,female
C00039,08-07-2024,low,Pune,ads,49,female
C00040,17-11-2025,low,Ahmedabad,ads,27,female
C00041,16-07-2025,high,Chennai,ads,37,other
C00042,20-07-2025,low,Bhubaneswar,ads,26,male
C00043,31-08-2024,low,Chennai,ads,18,female
C00044,19-05-2025,medium,Pune,ads,21,male
C00045,10-05-2024,medium,Pune,referral,30,female
C00046,29-04-2025,medium,Ahmedabad,organic,43,male
C00047,08-10-2025,low,Bangalore,referral,38,female
C00048,21-01-2024,high,Delhi,organic,36,male
C00049,15-06-2024,medium,Mumbai,organic,18,male
C00050,30-09-2024,high,Hyderabad,organic,47,female
C00051,22-01-2025,low,Jaipur,ads,37,female
C00052,23-08-2025,high,Jaipur,organic,33,male
C00053,11-11-2024,medium,Ahmedabad,referral,46,female
C00054,14-01-2024,medium,Bangalore,referral,47,male
C00055,29-08-2024,low,Jaipur,ads,46,female
C00056,11-12-2024,medium,Mumbai,ads,32,female
C00057,18-07-2025,high,Delhi,referral,24,male
C00058,05-12-2024,low,Mumbai,referral,44,male
C00059,01-04-2024,medium,Bangalore,ads,21,male
C00060,01-01-2025,low,Pune,ads,54,male
C00061,30-03-2025,high,Mumbai,ads,35,female
C00062,03-03-2025,medium,Chennai,ads,24,female
C00063,23-05-2025,medium,Mumbai,organic,22,other
C00064,04-02-2024,high,Pune,ads,22,male
C00065,24-07-2024,medium,Jaipur,organic,36,female
C00066,21-03-2024,medium,Bhubaneswar,organic,34,male
C00067,15-07-2025,low,Bhubaneswar,ads,22,female
C00068,22-01-2025,medium,Bhubaneswar,referral,31,male
C00069,02-01-2024,medium,Jaipur,referral,21,other
C00070,24-01-2025,medium,Ahmedabad,ads,40,male
C00071,19-07-2025,low,Delhi,ads,34,female
C00072,15-04-2024,medium,Delhi,organic,31,male
C00073,21-04-2025,medium,Jaipur,ads,22,female
C00074,03-12-2025,medium,Mumbai,organic,31,female
C00075,05-02-2025,medium,Hyderabad,organic,30,female
C00076,30-12-2025,medium,Delhi,ads,38,female
C00077,09-07-2025,low,Chennai,organic,36,male
C00078,10-06-2024,medium,Chennai,organic,42,male
C00079,20-07-2024,low,Kolkata,referral,30,female
C00080,26-09-2024,high,Chennai,organic,18,male
C00081,27-09-2024,medium,Delhi,organic,44,female
C00082,31-03-2025,low,Hyderabad,organic,25,female
C00083,06-04-2025,high,Pune,organic,23,male
C00084,27-12-2025,low,Bhubaneswar,organic,34,female
C00085,08-09-2024,medium,Mumbai,ads,38,female
C00086,02-12-2025,low,Pune,organic,29,female
C00087,22-10-2024,medium,Hyderabad,referral,29,female
C00088,25-12-2025,medium,Ahmedabad,organic,31,male
C00089,20-12-2025,high,Bhubaneswar,ads,49,female
C00090,03-12-2024,medium,Kolkata,ads,34,male
C00091,22-02-2024,high,Ahmedabad,ads,25,female
C00092,04-08-2024,high,Delhi,ads,25,male
C00093,06-07-2024,high,Hyderabad,referral,32,male
C00094,14-01-2025,medium,Bhubaneswar,organic,37,female
C00095,07-05-2025,low,Kolkata,ads,39,male
C00096,10-02-2024,high,Mumbai,referral,36,other
C00097,05-06-2024,high,Mumbai,organic,26,male
C00098,15-01-2024,medium,Jaipur,organic,30,male
C00099,05-03-2024,high,Delhi,organic,42,male
C00100,04-06-2025,high,Chennai,ads,23,male
C00101,09-12-2024,high,Hyderabad,organic,30,female
C00102,08-05-2024,low,Kolkata,organic,40,female
C00103,09-10-2025,low,Kolkata,ads,43,male
C00104,16-04-2025,medium,Chennai,ads,33,male
C00105,03-03-2024,medium,Chennai,organic,30,male
C00106,18-05-2024,medium,Ahmedabad,organic,21,male
C00107,13-05-2025,medium,Bhubaneswar,ads,40,female
C00108,15-08-2025,medium,Ahmedabad,referral,48,female
C00109,26-01-2025,medium,Bangalore,ads,60,female
C00110,05-11-2025,medium,Bangalore,ads,38,other
C00111,22-02-2025,high,Delhi,organic,34,female
C00112,15-10-2024,medium,Jaipur,organic,25,female
C00113,13-01-2025,low,Hyderabad,ads,18,male
C00114,04-05-2025,medium,Kolkata,referral,36,female
C00115,18-08-2024,low,Bhubaneswar,ads,58,female
C00116,10-02-2024,low,Mumbai,referral,47,male
C00117,28-01-2024,high,Mumbai,referral,46,female
C00118,14-05-2024,medium,Pune,organic,37,other
C00119,19-07-2024,medium,Chennai,organic,38,female
C00120,02-02-2024,low,Delhi,organic,18,male
C00121,17-02-2024,low,Pune,organic,42,female
C00122,17-05-2025,medium,Pune,organic,29,other
C00123,10-02-2025,medium,Jaipur,referral,27,male
C00124,27-07-2025,low,Hyderabad,organic,31,female
C00125,28-12-2025,high,Kolkata,organic,31,female
C00126,08-04-2024,low,Bhubaneswar,organic,27,male
C00127,14-11-2025,low,Mumbai,referral,35,female
C00128,26-12-2025,medium,Mumbai,ads,29,male
C00129,30-06-2025,medium,Mumbai,referral,36,female
C00130,04-09-2025,medium,Bangalore,referral,20,female
C00131,06-04-2025,medium,Hyderabad,ads,32,female
C00132,04-10-2025,medium,Delhi,organic,24,male
C00133,05-01-2024,low,Mumbai,organic,28,female
C00134,05-08-2024,low,Jaipur,organic,36,other
C00135,17-05-2025,low,Mumbai,ads,18,male
C00136,01-02-2025,high,Delhi,organic,26,female
C00137,27-01-2025,low,Bangalore,organic,40,male
C00138,25-07-2024,low,Jaipur,ads,20,male
C00139,15-01-2024,medium,Pune,ads,52,female
C00140,07-07-2025,high,Delhi,ads,47,female
C00141,05-04-2025,medium,Pune,organic,30,female
C00142,21-11-2025,low,Chennai,referral,27,male
C00143,28-07-2025,medium,Ahmedabad,ads,37,male
C00144,28-08-2024,low,Mumbai,organic,20,female
C00145,17-07-2025,medium,Delhi,ads,18,male
C00146,05-04-2024,low,Ahmedabad,referral,30,male
C00147,29-04-2025,high,Bhubaneswar,organic,33,female
C00148,10-02-2025,medium,Jaipur,organic,35,female
C00149,18-08-2024,medium,Hyderabad,ads,28,male
C00150,16-10-2025,high,Chennai,organic,47,male
C00151,19-06-2024,low,Bhubaneswar,referral,20,female
C00152,24-06-2025,medium,Bhubaneswar,organic,23,other
C00153,05-02-2024,medium,Chennai,ads,39,male
C00154,08-06-2025,medium,Pune,ads,23,female
C00155,08-06-2024,medium,Delhi,ads,22,male
C00156,29-11-2025,high,Kolkata,organic,36,female
C00157,30-08-2024,high,Mumbai,organic,24,male
C00158,26-03-2024,low,Jaipur,organic,33,female
C00159,31-07-2025,medium,Bangalore,organic,28,female
C00160,12-11-2025,low,Delhi,organic,26,female
C00161,10-07-2025,low,Mumbai,referral,18,female
C00162,27-07-2025,medium,Delhi,organic,36,male
C00163,07-10-2025,medium,Bhubaneswar,ads,22,female
C00164,28-01-2024,medium,Kolkata,ads,33,male
C00165,11-09-2025,low,Bangalore,ads,29,male
C00166,09-07-2025,low,Delhi,referral,32,male
C00167,05-12-2024,medium,Mumbai,organic,33,female
C00168,26-11-2024,low,Bangalore,referral,36,male
C00169,01-10-2025,high,Bangalore,ads,27,female
C00170,20-05-2025,low,Hyderabad,referral,47,female
C00171,13-12-2024,low,Jaipur,ads,18,female
C00172,17-04-2025,high,Bhubaneswar,ads,32,female
C00173,18-08-2024,medium,Hyderabad,organic,43,male
C00174,08-07-2024,high,Mumbai,organic,39,male
C00175,12-08-2024,medium,Mumbai,ads,25,female
C00176,19-01-2025,low,Pune,referral,26,male
C00177,11-01-2025,medium,Delhi,ads,24,male
C00178,09-10-2024,high,Delhi,organic,40,male
C00179,24-09-2025,medium,Pune,referral,27,male
C00180,19-09-2025,low,Ahmedabad,ads,37,female
C00181,15-09-2024,medium,Chennai,organic,37,male
C00182,24-12-2024,medium,Delhi,organic,58,female
C00183,10-12-2025,high,Chennai,organic,38,male
C00184,31-03-2025,low,Delhi,referral,26,female
C00185,14-02-2025,low,Jaipur,referral,20,female
C00186,10-10-2025,medium,Ahmedabad,organic,32,female
C00187,13-11-2024,high,Kolkata,organic,33,male
C00188,07-11-2025,high,Ahmedabad,ads,18,male
C00189,12-08-2024,high,Mumbai,referral,27,female
C00190,21-08-2024,medium,Pune,ads,37,male
C00191,14-11-2025,low,Mumbai,ads,29,male
C00192,25-10-2025,medium,Kolkata,organic,44,female
C00193,08-01-2025,low,Hyderabad,ads,19,other
C00194,02-11-2025,medium,Mumbai,organic,41,female
C00195,30-08-2025,low,Mumbai,referral,44,other
C00196,16-04-2025,low,Mumbai,organic,44,female
C00197,20-08-2024,high,Bangalore,referral,19,female
C00198,22-11-2025,medium,Chennai,organic,38,male
C00199,22-04-2024,medium,Ahmedabad,referral,28,female
C00200,11-05-2025,high,Hyderabad,organic,20,female
C00201,17-03-2025,medium,Ahmedabad,ads,30,male
C00202,17-07-2025,medium,Jaipur,ads,25,female
C00203,24-09-2024,low,Chennai,organic,44,male
C00204,24-05-2025,medium,Hyderabad,referral,40,female
C00205,20-01-2025,low,Jaipur,ads,23,female
C00206,21-01-2025,medium,Bhubaneswar,ads,27,male
C00207,22-04-2024,low,Bangalore,referral,31,male
C00208,04-09-2025,medium,Mumbai,referral,34,other
C00209,16-09-2025,low,Bangalore,ads,45,female
C00210,21-03-2024,medium,Ahmedabad,referral,41,male
C00211,29-11-2025,medium,Hyderabad,organic,35,female
C00212,22-04-2024,medium,Jaipur,organic,32,male
C00213,02-01-2024,medium,Kolkata,ads,18,male
C00214,03-10-2025,high,Jaipur,organic,47,female
C00215,07-08-2024,high,Bangalore,ads,30,female
C00216,19-07-2025,high,Mumbai,organic,50,male
C00217,12-08-2024,low,Kolkata,ads,36,female
C00218,19-01-2025,medium,Ahmedabad,referral,55,male
C00219,06-02-2025,medium,Kolkata,ads,41,female
C00220,29-09-2025,low,Chennai,referral,20,male
C00221,09-05-2024,medium,Bhubaneswar,ads,28,male
C00222,22-02-2024,medium,Mumbai,organic,33,male
C00223,14-11-2025,high,Bangalore,organic,26,male
C00224,30-12-2025,low,Hyderabad,organic,31,male
C00225,02-11-2025,low,Pune,referral,21,male
C00226,10-12-2025,low,Kolkata,organic,35,female
C00227,19-02-2025,medium,Delhi,organic,37,male
C00228,03-09-2024,low,Pune,referral,24,male
C00229,14-03-2025,high,Ahmedabad,ads,54,female
C00230,21-07-2024,high,Delhi,organic,35,male
C00231,02-07-2024,high,Delhi,organic,26,female
C00232,02-05-2024,medium,Delhi,referral,18,male
C00233,04-02-2025,medium,Jaipur,referral,35,male
C00234,20-10-2024,medium,Pune,organic,32,male
C00235,06-10-2024,high,Ahmedabad,ads,42,male
C00236,01-09-2025,medium,Bangalore,referral,33,female
C00237,16-07-2024,low,Bhubaneswar,ads,23,male
C00238,25-05-2025,medium,Ahmedabad,referral,51,female
C00239,23-05-2024,low,Bangalore,ads,39,female
C00240,31-08-2025,medium,Bangalore,referral,32,male
C00241,19-07-2024,low,Delhi,organic,36,female
C00242,03-05-2024,medium,Mumbai,organic,39,male
C00243,05-07-2024,medium,Pune,ads,20,female
C00244,21-11-2024,medium,Bangalore,ads,36,female
C00245,08-04-2025,medium,Pune,referral,30,male
C00246,14-12-2024,low,Chennai,organic,40,female
C00247,21-10-2025,medium,Jaipur,referral,27,male
C00248,06-02-2025,medium,Bhubaneswar,organic,28,male
C00249,11-12-2024,low,Chennai,ads,51,male
C00250,25-05-2025,medium,Bangalore,organic,47,other
C00251,26-05-2024,medium,Ahmedabad,ads,18,male
C00252,27-05-2024,medium,Pune,ads,46,male
C00253,11-12-2025,medium,Chennai,organic,34,male
C00254,03-05-2025,medium,Pune,organic,27,male
C00255,01-10-2025,medium,Jaipur,ads,24,male
C00256,04-07-2025,low,Ahmedabad,referral,25,male
C00257,03-12-2024,medium,Chennai,organic,28,male
C00258,02-10-2025,medium,Pune,organic,23,male
C00259,17-04-2025,medium,Ahmedabad,organic,21,female
C00260,30-05-2024,low,Delhi,referral,24,female
C00261,18-02-2025,low,Kolkata,organic,38,male
C00262,24-10-2024,medium,Delhi,organic,35,female
C00263,02-09-2025,low,Bhubaneswar,ads,40,male
C00264,19-09-2024,medium,Bangalore,ads,34,female
C00265,23-05-2024,medium,Mumbai,organic,21,male
C00266,11-12-2024,high,Kolkata,referral,39,female
C00267,15-09-2025,medium,Bangalore,ads,24,female
C00268,25-07-2025,medium,Chennai,ads,41,female
C00269,02-01-2024,low,Bhubaneswar,organic,23,female
C00270,30-10-2024,medium,Jaipur,referral,28,female
C00271,10-09-2024,low,Bhubaneswar,organic,31,male
C00272,13-10-2025,medium,Pune,organic,41,female
C00273,28-03-2025,medium,Bhubaneswar,organic,36,male
C00274,06-02-2024,medium,Chennai,ads,35,male
C00275,08-06-2024,high,Jaipur,ads,53,male
C00276,09-01-2024,medium,Jaipur,ads,18,female
C00277,20-08-2024,high,Hyderabad,organic,24,male
C00278,08-04-2024,medium,Bhubaneswar,ads,24,female
C00279,20-10-2025,medium,Delhi,ads,18,female
C00280,26-07-2024,low,Hyderabad,organic,27,male
C00281,10-05-2024,medium,Hyderabad,referral,41,male
C00282,07-02-2025,high,Chennai,organic,29,other
C00283,31-05-2024,medium,Kolkata,ads,31,female
C00284,23-02-2024,low,Delhi,organic,18,male
C00285,29-04-2024,low,Jaipur,ads,27,male
C00286,03-11-2025,medium,Bhubaneswar,referral,30,male
C00287,19-09-2025,medium,Hyderabad,referral,41,male
C00288,09-08-2025,high,Bangalore,organic,18,male
C00289,16-09-2025,low,Bangalore,ads,30,female
C00290,23-02-2025,medium,Hyderabad,organic,45,female
C00291,25-02-2025,medium,Pune,referral,30,female
C00292,13-04-2024,medium,Bhubaneswar,ads,18,male
C00293,10-09-2024,high,Chennai,organic,47,male
C00294,14-08-2024,low,Jaipur,organic,42,female
C00295,21-04-2024,high,Hyderabad,referral,43,female
C00296,24-05-2025,medium,Delhi,ads,18,male
C00297,17-04-2025,medium,Hyderabad,organic,50,female
C00298,08-04-2024,low,Ahmedabad,organic,27,female
C00299,01-06-2024,low,Jaipur,organic,29,female
C00300,03-12-2024,medium,Kolkata,ads,27,female
C00301,06-12-2025,medium,Jaipur,referral,44,female
C00302,11-06-2024,low,Delhi,referral,33,male
C00303,20-12-2025,high,Ahmedabad,ads,39,female
C00304,11-11-2025,medium,Kolkata,referral,35,male
C00305,09-06-2024,medium,Mumbai,ads,34,male
C00306,02-08-2025,low,Delhi,organic,25,male
C00307,01-02-2025,medium,Bangalore,referral,53,male
C00308,03-10-2024,low,Pune,organic,20,other
C00309,18-05-2025,medium,Jaipur,organic,39,male
C00310,26-01-2025,medium,Mumbai,referral,38,female
C00311,14-05-2024,medium,Ahmedabad,organic,46,male
C00312,13-07-2024,medium,Mumbai,ads,48,male
C00313,04-02-2025,medium,Chennai,referral,33,female
C00314,01-10-2025,medium,Bhubaneswar,ads,40,male
C00315,02-02-2024,high,Jaipur,organic,52,female
C00316,18-11-2025,low,Bhubaneswar,organic,34,male
C00317,04-04-2025,low,Bangalore,organic,24,female
C00318,14-04-2025,medium,Mumbai,ads,31,male
C00319,09-01-2025,medium,Ahmedabad,ads,21,female
C00320,22-01-2024,high,Bangalore,ads,38,male
C00321,31-10-2025,medium,Bhubaneswar,ads,45,female
C00322,07-02-2024,low,Mumbai,ads,33,female
C00323,17-08-2024,high,Bangalore,ads,18,male
C00324,30-12-2024,high,Delhi,referral,45,male
C00325,16-07-2025,low,Hyderabad,organic,18,female
C00326,13-03-2025,medium,Pune,referral,19,female
C00327,09-10-2024,high,Kolkata,ads,33,male
C00328,27-01-2024,medium,Delhi,organic,37,female
C00329,13-08-2024,medium,Bangalore,organic,39,female
C00330,03-10-2024,medium,Ahmedabad,organic,34,female
C00331,31-08-2025,low,Chennai,ads,52,other
C00332,10-10-2024,low,Hyderabad,organic,35,female
C00333,25-04-2025,medium,Kolkata,referral,45,female
C00334,28-03-2025,low,Delhi,ads,42,female
C00335,20-10-2025,medium,Chennai,referral,22,male
C00336,30-05-2025,low,Chennai,organic,33,female
C00337,30-06-2025,medium,Chennai,organic,56,female
C00338,10-07-2024,low,Hyderabad,organic,29,female
C00339,18-02-2024,low,Mumbai,organic,28,male
C00340,26-05-2025,high,Delhi,referral,36,male
C00341,17-01-2024,low,Mumbai,organic,30,female
C00342,20-06-2024,low,Jaipur,ads,27,female
C00343,07-08-2024,low,Hyderabad,organic,30,male
C00344,06-06-2024,medium,Chennai,ads,49,male
C00345,21-04-2025,low,Chennai,referral,33,female
C00346,15-02-2024,low,Hyderabad,ads,21,female
C00347,07-01-2025,medium,Jaipur,ads,19,female
C00348,01-06-2025,low,Pune,organic,57,female
C00349,08-04-2024,high,Ahmedabad,referral,32,male
C00350,06-02-2024,high,Pune,ads,39,female
C00351,06-10-2024,medium,Mumbai,ads,27,female
C00352,14-12-2024,medium,Hyderabad,ads,38,female
C00353,11-05-2025,medium,Ahmedabad,referral,49,male
C00354,28-10-2024,high,Pune,ads,28,male
C00355,29-06-2024,low,Mumbai,ads,39,female
C00356,29-08-2025,high,Bangalore,ads,20,female
C00357,08-04-2024,high,Bhubaneswar,organic,55,female
C00358,30-11-2025,high,Ahmedabad,ads,37,female
C00359,25-04-2024,medium,Kolkata,ads,30,male
C00360,09-07-2024,low,Ahmedabad,ads,32,female
C00361,09-09-2024,medium,Mumbai,ads,29,female
C00362,09-06-2024,low,Chennai,organic,30,female
C00363,12-09-2024,high,Mumbai,ads,18,female
C00364,18-11-2024,medium,Delhi,referral,34,male
C00365,07-05-2024,medium,Chennai,referral,33,female
C00366,18-01-2024,medium,Mumbai,organic,39,male
C00367,19-07-2025,high,Pune,ads,29,other
C00368,23-07-2025,medium,Bhubaneswar,referral,27,female
C00369,18-11-2024,medium,Mumbai,ads,34,female
C00370,16-11-2025,low,Pune,ads,18,other
C00371,17-09-2025,medium,Kolkata,referral,36,male
C00372,14-10-2024,high,Delhi,ads,18,male
C00373,24-10-2025,medium,Bangalore,ads,46,female
C00374,30-09-2025,high,Delhi,organic,41,male
C00375,03-06-2024,low,Chennai,organic,25,male
C00376,04-05-2025,medium,Bhubaneswar,organic,41,female
C00377,20-01-2025,high,Delhi,referral,36,female
C00378,13-04-2024,low,Ahmedabad,ads,24,male
C00379,27-01-2025,medium,Bangalore,ads,18,male
C00380,02-09-2024,high,Chennai,referral,38,male
C00381,24-06-2024,medium,Ahmedabad,ads,27,female
C00382,08-02-2024,medium,Chennai,ads,45,male
C00383,21-04-2025,low,Ahmedabad,organic,35,female
C00384,12-11-2025,low,Jaipur,referral,28,female
C00385,21-06-2025,low,Bhubaneswar,organic,52,male
C00386,11-02-2025,medium,Pune,organic,40,male
C00387,08-06-2025,medium,Delhi,organic,18,female
C00388,20-05-2025,low,Kolkata,organic,30,male
C00389,05-02-2024,high,Ahmedabad,organic,21,female
C00390,15-11-2025,medium,Jaipur,ads,27,female
C00391,20-01-2024,medium,Bhubaneswar,organic,33,male
C00392,16-11-2024,high,Kolkata,ads,38,male
C00393,26-05-2025,medium,Delhi,organic,37,female
C00394,03-02-2025,low,Jaipur,organic,45,male
C00395,15-10-2025,low,Kolkata,ads,41,male
C00396,15-04-2025,high,Bangalore,referral,40,male
C00397,22-05-2024,high,Hyderabad,referral,37,female
C00398,01-04-2024,medium,Chennai,referral,47,female
C00399,19-12-2024,low,Chennai,ads,31,male
C00400,27-12-2025,high,Mumbai,ads,32,female
C00401,20-02-2024,low,Bangalore,ads,18,male
C00402,26-10-2025,high,Hyderabad,ads,45,female
C00403,28-11-2025,medium,Mumbai,organic,34,male
C00404,28-07-2025,medium,Kolkata,ads,64,male
C00405,08-07-2024,low,Mumbai,organic,30,female
C00406,04-05-2024,medium,Ahmedabad,ads,35,male
C00407,29-05-2024,medium,Bangalore,ads,40,male
C00408,09-11-2024,medium,Jaipur,organic,23,female
C00409,23-07-2025,low,Jaipur,organic,38,female
C00410,07-12-2024,low,Hyderabad,organic,35,female
C00411,31-10-2024,high,Delhi,referral,31,female
C00412,22-11-2025,low,Jaipur,organic,46,female
C00413,12-11-2025,medium,Bangalore,organic,25,male
C00414,23-02-2024,high,Bhubaneswar,referral,37,male
C00415,19-03-2025,medium,Chennai,ads,49,male
C00416,04-09-2025,high,Bhubaneswar,organic,27,male
C00417,20-09-2024,low,Mumbai,organic,32,female
C00418,22-02-2024,low,Pune,organic,58,male
C00419,25-07-2025,high,Ahmedabad,organic,39,male
C00420,11-09-2025,medium,Pune,organic,29,male
C00421,05-01-2024,low,Bangalore,ads,43,male
C00422,12-04-2024,low,Pune,referral,29,female
C00423,14-07-2024,medium,Bhubaneswar,ads,19,male
C00424,15-12-2024,low,Delhi,ads,48,male
C00425,16-02-2024,medium,Bangalore,organic,23,other
C00426,17-10-2025,medium,Chennai,organic,59,female
C00427,25-09-2024,low,Hyderabad,referral,30,female
C00428,04-01-2025,medium,Bangalore,organic,56,female
C00429,27-09-2025,medium,Kolkata,referral,21,female
C00430,15-04-2024,medium,Chennai,ads,45,male
C00431,31-10-2025,low,Bangalore,referral,39,male
C00432,20-10-2025,low,Kolkata,organic,43,female
C00433,18-10-2025,medium,Chennai,organic,44,male
C00434,29-04-2024,medium,Mumbai,ads,30,male
C00435,26-08-2025,medium,Jaipur,ads,21,male
C00436,27-02-2024,medium,Ahmedabad,organic,34,male
C00437,11-12-2024,medium,Jaipur,referral,37,female
C00438,18-04-2025,low,Bhubaneswar,organic,30,male
C00439,26-04-2024,medium,Hyderabad,organic,37,male
C00440,06-05-2024,medium,Jaipur,ads,38,female
C00441,27-01-2025,high,Bangalore,ads,25,female
C00442,02-10-2025,medium,Mumbai,referral,38,female
C00443,27-02-2024,low,Pune,ads,32,male
C00444,25-09-2025,medium,Bhubaneswar,organic,28,male
C00445,27-05-2025,high,Jaipur,ads,42,female
C00446,05-04-2024,medium,Delhi,organic,27,male
C00447,29-09-2025,medium,Hyderabad,ads,30,male
C00448,27-04-2024,high,Pune,ads,35,female
C00449,13-07-2025,medium,Ahmedabad,organic,48,male
C00450,23-08-2025,medium,Bangalore,ads,36,male
C00451,02-05-2025,medium,Mumbai,ads,40,male
C00452,24-08-2024,medium,Chennai,ads,32,male
C00453,28-09-2024,medium,Jaipur,ads,34,male
C00454,07-07-2024,low,Delhi,organic,34,male
C00455,04-12-2025,medium,Hyderabad,organic,37,male
C00456,22-03-2025,medium,Ahmedabad,organic,32,male
C00457,03-08-2025,medium,Jaipur,organic,48,male
C00458,03-09-2024,medium,Ahmedabad,ads,31,female
C00459,16-03-2024,low,Pune,referral,18,female
C00460,02-06-2024,medium,Pune,ads,62,male
C00461,17-10-2025,low,Bhubaneswar,ads,31,other
C00462,10-03-2025,high,Jaipur,ads,48,female
C00463,26-03-2024,medium,Mumbai,organic,49,female
C00464,27-11-2025,low,Hyderabad,referral,44,male
C00465,11-10-2024,medium,Chennai,referral,33,female
C00466,07-08-2024,medium,Chennai,ads,37,female
C00467,09-03-2024,medium,Bangalore,organic,22,male
C00468,16-02-2024,low,Bangalore,ads,54,female
C00469,03-04-2024,high,Hyderabad,organic,26,female
C00470,28-03-2025,low,Jaipur,ads,32,male
C00471,22-07-2024,high,Jaipur,referral,35,male
C00472,05-08-2024,low,Pune,organic,33,male
C00473,18-04-2025,medium,Delhi,referral,28,male
C00474,07-03-2025,low,Bangalore,referral,48,male
C00475,06-12-2024,medium,Delhi,referral,44,female
C00476,04-07-2025,low,Jaipur,ads,38,female
C00477,03-09-2025,high,Bangalore,organic,31,female
C00478,15-10-2024,high,Chennai,ads,45,female
C00479,10-09-2024,medium,Ahmedabad,ads,30,male
C00480,22-12-2024,high,Bangalore,organic,50,male
C00481,23-01-2024,high,Jaipur,ads,36,female
C00482,05-06-2025,low,Jaipur,ads,47,male
C00483,09-04-2024,low,Ahmedabad,organic,33,female
C00484,28-06-2024,medium,Delhi,organic,35,male
C00485,10-08-2024,low,Hyderabad,organic,47,female
C00486,20-10-2025,medium,Ahmedabad,ads,56,male
C00487,17-03-2025,medium,Chennai,ads,50,male
C00488,30-08-2025,low,Jaipur,organic,43,female
C00489,20-11-2024,medium,Mumbai,referral,40,female
C00490,30-05-2025,low,Chennai,organic,29,male
C00491,16-01-2024,medium,Delhi,ads,37,female
C00492,01-12-2024,medium,Ahmedabad,ads,25,male
C00493,14-09-2024,high,Jaipur,ads,38,male
C00494,11-05-2025,high,Jaipur,organic,39,female
C00495,08-06-2024,high,Ahmedabad,referral,18,male
C00496,19-04-2025,low,Hyderabad,referral,35,female
C00497,25-10-2025,low,Ahmedabad,ads,39,female
C00498,20-11-2025,low,Bangalore,ads,34,male
C00499,05-11-2025,medium,Kolkata,organic,38,male
C00500,14-01-2025,medium,Hyderabad,ads,21,male
C00501,28-06-2025,high,Kolkata,ads,27,male
C00502,21-11-2025,medium,Delhi,ads,45,female
C00503,02-03-2025,medium,Pune,ads,35,male
C00504,04-09-2025,low,Chennai,ads,38,male
C00505,24-09-2024,medium,Bhubaneswar,organic,29,female
C00506,30-07-2025,high,Ahmedabad,organic,35,female
C00507,20-02-2025,high,Chennai,organic,18,female
C00508,16-06-2024,high,Bhubaneswar,organic,43,female
C00509,12-02-2024,medium,Delhi,ads,53,female
C00510,09-07-2025,low,Delhi,ads,24,female
C00511,11-10-2024,medium,Pune,ads,25,male
C00512,31-01-2025,low,Hyderabad,ads,39,female
C00513,12-01-2024,medium,Chennai,ads,49,male
C00514,29-08-2025,medium,Chennai,organic,34,other
C00515,28-10-2024,high,Ahmedabad,organic,22,male
C00516,09-09-2024,low,Delhi,organic,32,female
C00517,13-05-2025,low,Bhubaneswar,ads,24,female
C00518,04-02-2024,high,Mumbai,organic,28,female
C00519,27-12-2025,medium,Pune,organic,31,female
C00520,30-03-2024,medium,Hyderabad,ads,25,male
C00521,27-08-2025,medium,Jaipur,referral,27,female
C00522,24-08-2025,low,Mumbai,ads,35,male
C00523,21-02-2025,medium,Bangalore,ads,37,female
C00524,24-04-2024,medium,Kolkata,ads,20,female
C00525,08-09-2025,high,Pune,ads,38,female
C00526,14-07-2024,high,Bhubaneswar,ads,31,male
C00527,15-05-2025,high,Mumbai,referral,42,male
C00528,17-09-2025,high,Bhubaneswar,organic,42,female
C00529,07-05-2025,low,Ahmedabad,organic,29,male
C00530,15-03-2024,low,Pune,organic,41,female
C00531,16-02-2025,high,Delhi,ads,26,female
C00532,10-01-2025,low,Hyderabad,referral,48,male
C00533,23-02-2025,high,Bhubaneswar,organic,27,female
C00534,29-12-2025,medium,Chennai,organic,38,female
C00535,03-10-2024,medium,Mumbai,referral,33,female
C00536,06-11-2025,medium,Chennai,ads,24,female
C00537,28-01-2025,medium,Bhubaneswar,ads,44,male
C00538,01-04-2025,medium,Mumbai,referral,28,male
C00539,10-07-2024,medium,Delhi,ads,18,female
C00540,19-11-2025,low,Kolkata,ads,18,male
C00541,08-04-2024,high,Kolkata,organic,26,female
C00542,01-07-2025,high,Ahmedabad,organic,48,female
C00543,05-04-2024,high,Bangalore,ads,47,female
C00544,25-10-2025,medium,Kolkata,ads,27,other
C00545,24-10-2025,high,Bangalore,referral,31,female
C00546,08-07-2024,low,Mumbai,referral,30,male
C00547,06-02-2024,medium,Kolkata,referral,21,male
C00548,03-01-2025,medium,Bhubaneswar,organic,25,male
C00549,25-11-2025,medium,Delhi,referral,44,male
C00550,08-06-2025,high,Bhubaneswar,ads,40,female
C00551,05-10-2024,high,Bhubaneswar,organic,37,female
C00552,04-08-2024,medium,Bangalore,ads,21,male
C00553,29-09-2024,medium,Jaipur,organic,36,male
C00554,02-03-2024,medium,Jaipur,organic,18,female
C00555,18-08-2025,high,Hyderabad,referral,43,female
C00556,29-12-2025,low,Kolkata,ads,37,male
C00557,07-12-2024,high,Delhi,organic,21,male
C00558,31-01-2025,low,Delhi,ads,51,female
C00559,29-11-2025,low,Chennai,referral,18,male
C00560,19-01-2024,medium,Bhubaneswar,ads,40,female
C00561,25-06-2024,high,Delhi,organic,40,female
C00562,03-09-2025,high,Mumbai,organic,22,male
C00563,30-01-2025,medium,Pune,organic,34,male
C00564,20-03-2025,medium,Bhubaneswar,referral,18,female
C00565,20-08-2024,low,Bangalore,ads,18,male
C00566,16-03-2024,low,Bhubaneswar,ads,24,male
C00567,21-09-2024,medium,Delhi,ads,28,female
C00568,30-03-2025,high,Ahmedabad,referral,41,male
C00569,18-12-2025,medium,Mumbai,ads,35,female
C00570,18-01-2025,low,Mumbai,ads,35,female
C00571,17-07-2025,medium,Kolkata,organic,24,female
C00572,20-05-2025,high,Jaipur,organic,29,male
C00573,01-01-2025,low,Bangalore,referral,25,male
C00574,23-05-2024,medium,Kolkata,referral,22,male
C00575,09-03-2024,low,Hyderabad,referral,29,female
C00576,08-04-2024,medium,Pune,referral,35,male
C00577,30-01-2025,high,Chennai,referral,29,male
C00578,25-01-2024,low,Mumbai,ads,31,female
C00579,13-04-2025,medium,Bangalore,referral,41,female
C00580,28-04-2025,medium,Jaipur,ads,29,male
C00581,18-07-2025,medium,Bangalore,organic,21,male
C00582,30-05-2024,high,Chennai,organic,40,female
C00583,23-05-2024,medium,Chennai,referral,37,female
C00584,22-07-2025,high,Kolkata,organic,38,female
C00585,08-02-2024,medium,Bhubaneswar,referral,41,male
C00586,18-04-2024,medium,Hyderabad,organic,39,male
C00587,23-11-2025,low,Hyderabad,organic,35,female
C00588,11-02-2024,low,Delhi,organic,58,female
C00589,04-07-2024,high,Hyderabad,organic,22,male
C00590,01-02-2025,medium,Bangalore,organic,29,male
C00591,10-08-2024,medium,Hyderabad,organic,44,female
C00592,25-09-2025,high,Jaipur,referral,36,female
C00593,12-05-2024,low,Hyderabad,organic,42,male
C00594,11-06-2024,low,Mumbai,organic,36,female
C00595,02-08-2024,high,Delhi,organic,48,other
C00596,22-08-2024,medium,Bangalore,ads,24,female
C00597,19-10-2025,high,Chennai,ads,48,male
C00598,10-08-2025,medium,Kolkata,ads,46,female
C00599,09-01-2024,high,Pune,organic,22,male
C00600,14-03-2024,low,Kolkata,organic,41,male
C00601,06-05-2025,low,Bhubaneswar,ads,34,female
C00602,09-09-2024,medium,Pune,referral,28,female
C00603,17-08-2024,medium,Jaipur,organic,18,female
C00604,02-06-2025,low,Ahmedabad,ads,24,male
C00605,22-06-2024,medium,Delhi,organic,42,male
C00606,14-10-2025,high,Chennai,organic,43,female
C00607,16-06-2024,medium,Kolkata,ads,32,male
C00608,18-06-2024,low,Hyderabad,ads,43,male
C00609,27-01-2025,medium,Delhi,organic,44,female
C00610,25-09-2025,medium,Hyderabad,organic,36,other
C00611,12-07-2024,low,Delhi,referral,27,female
C00612,31-05-2025,low,Delhi,referral,39,male
C00613,29-01-2024,low,Bhubaneswar,referral,39,female
C00614,13-06-2024,high,Mumbai,ads,41,other
C00615,25-02-2025,medium,Jaipur,ads,43,female
C00616,04-12-2024,low,Hyderabad,organic,21,male
C00617,09-10-2025,low,Hyderabad,organic,29,female
C00618,10-05-2025,medium,Hyderabad,ads,18,female
C00619,30-12-2024,high,Bhubaneswar,ads,42,female
C00620,07-12-2024,low,Kolkata,organic,32,female
C00621,14-05-2025,low,Bangalore,referral,39,male
C00622,18-10-2025,high,Hyderabad,organic,20,female
C00623,25-05-2025,medium,Kolkata,organic,49,female
C00624,22-11-2024,high,Mumbai,organic,23,male
C00625,04-08-2024,medium,Hyderabad,ads,42,male
C00626,27-10-2024,high,Jaipur,organic,36,male
C00627,11-05-2024,medium,Chennai,organic,33,female
C00628,10-03-2024,medium,Ahmedabad,ads,32,female
C00629,08-09-2024,medium,Hyderabad,ads,28,male
C00630,18-02-2025,medium,Bangalore,ads,47,female
C00631,20-03-2025,low,Chennai,organic,35,female
C00632,30-06-2024,medium,Jaipur,ads,22,female
C00633,15-06-2024,high,Bhubaneswar,ads,31,male
C00634,31-03-2024,low,Ahmedabad,organic,36,female
C00635,14-12-2025,high,Bhubaneswar,referral,43,female
C00636,14-06-2025,low,Bangalore,ads,28,male
C00637,08-02-2024,low,Ahmedabad,organic,29,male
C00638,05-05-2024,medium,Bangalore,referral,35,male
C00639,26-03-2025,low,Bhubaneswar,referral,43,female
C00640,21-06-2024,high,Jaipur,referral,21,female
C00641,14-10-2025,medium,Ahmedabad,ads,40,female
C00642,07-08-2024,medium,Pune,organic,30,male
C00643,29-09-2025,medium,Kolkata,organic,31,male
C00644,27-02-2024,low,Jaipur,ads,55,female
C00645,21-10-2025,high,Ahmedabad,referral,33,male
C00646,20-04-2025,medium,Bangalore,ads,42,female
C00647,31-03-2025,medium,Bangalore,referral,42,male
C00648,26-12-2024,medium,Mumbai,organic,23,male
C00649,01-01-2024,medium,Jaipur,ads,18,female
C00650,21-01-2025,medium,Bangalore,referral,43,other
C00651,13-12-2024,low,Delhi,ads,24,male
C00652,08-07-2024,high,Kolkata,referral,18,male
C00653,19-05-2025,low,Bhubaneswar,ads,45,male
C00654,09-07-2024,medium,Chennai,ads,24,male
C00655,22-05-2025,low,Mumbai,ads,27,female
C00656,03-01-2025,low,Bangalore,referral,54,female
C00657,12-02-2025,medium,Delhi,ads,18,female
C00658,26-04-2024,medium,Mumbai,organic,22,female
C00659,13-05-2024,low,Delhi,ads,30,male
C00660,27-02-2024,medium,Mumbai,ads,32,female
C00661,09-07-2025,low,Bangalore,organic,26,female
C00662,15-11-2025,medium,Delhi,ads,23,female
C00663,02-11-2025,high,Ahmedabad,organic,50,female
C00664,21-06-2024,medium,Jaipur,ads,37,female
C00665,28-05-2024,low,Chennai,referral,40,female
C00666,20-03-2024,medium,Bhubaneswar,ads,33,female
C00667,31-07-2024,low,Chennai,referral,37,female
C00668,21-07-2024,low,Bhubaneswar,organic,44,female
C00669,16-08-2024,medium,Pune,referral,25,male
C00670,06-11-2025,high,Kolkata,organic,37,female
C00671,14-08-2024,low,Pune,organic,41,male
C00672,20-10-2025,medium,Hyderabad,referral,50,male
C00673,15-06-2025,low,Bangalore,ads,54,female
C00674,16-03-2025,medium,Ahmedabad,organic,35,female
C00675,05-02-2025,medium,Jaipur,referral,46,female
C00676,16-02-2024,low,Ahmedabad,ads,18,female
C00677,20-08-2024,medium,Chennai,referral,50,male
C00678,31-10-2024,medium,Bhubaneswar,ads,27,female
C00679,09-06-2025,medium,Pune,ads,32,female
C00680,22-05-2024,medium,Ahmedabad,ads,39,female
C00681,18-02-2025,medium,Pune,organic,33,male
C00682,27-05-2025,low,Kolkata,ads,36,female
C00683,07-01-2025,medium,Kolkata,ads,50,female
C00684,19-07-2025,medium,Bhubaneswar,organic,31,male
C00685,15-09-2024,medium,Hyderabad,organic,24,female
C00686,17-10-2025,medium,Ahmedabad,organic,53,male
C00687,15-04-2025,medium,Jaipur,referral,40,female
C00688,12-01-2024,low,Pune,ads,54,female
C00689,25-11-2024,low,Pune,ads,43,female
C00690,23-12-2024,medium,Kolkata,referral,21,female
C00691,11-02-2025,medium,Bangalore,ads,41,male
C00692,29-10-2025,high,Bhubaneswar,referral,25,female
C00693,07-01-2025,medium,Pune,organic,35,male
C00694,08-01-2024,medium,Kolkata,organic,34,male
C00695,01-05-2024,medium,Kolkata,ads,18,male
C00696,13-12-2024,medium,Delhi,ads,26,male
C00697,06-11-2025,high,Pune,referral,57,female
C00698,30-03-2024,high,Delhi,ads,37,female
C00699,09-10-2025,low,Jaipur,organic,33,female
C00700,28-11-2025,medium,Jaipur,ads,53,male
C00701,11-11-2024,medium,Kolkata,ads,31,female
C00702,26-06-2024,high,Bangalore,organic,34,female
C00703,23-06-2025,high,Bangalore,ads,44,male
C00704,10-02-2024,low,Delhi,referral,30,male
C00705,04-12-2025,medium,Kolkata,referral,27,female
C00706,16-05-2025,medium,Delhi,ads,18,male
C00707,24-05-2024,medium,Bhubaneswar,organic,25,male
C00708,19-07-2024,low,Delhi,organic,25,male
C00709,24-12-2025,high,Hyderabad,ads,36,male
C00710,05-04-2025,high,Pune,ads,28,male
C00711,11-07-2025,medium,Jaipur,organic,56,female
C00712,30-06-2025,medium,Mumbai,organic,24,male
C00713,09-09-2024,medium,Kolkata,referral,49,male
C00714,24-01-2025,medium,Bangalore,referral,37,male
C00715,16-08-2025,medium,Ahmedabad,ads,43,female
C00716,12-09-2024,low,Pune,organic,42,female
C00717,09-12-2025,medium,Mumbai,organic,18,female
C00718,25-03-2025,high,Hyderabad,organic,34,female
C00719,10-01-2024,medium,Ahmedabad,ads,32,female
C00720,29-08-2024,low,Bangalore,organic,23,male
C00721,07-09-2024,medium,Hyderabad,referral,39,male
C00722,05-01-2024,low,Bangalore,referral,52,male
C00723,28-04-2024,high,Bangalore,organic,18,male
C00724,08-01-2025,medium,Kolkata,ads,29,male
C00725,05-03-2024,high,Ahmedabad,ads,22,female
C00726,25-05-2024,medium,Bhubaneswar,referral,35,male
C00727,11-08-2024,low,Delhi,referral,31,female
C00728,26-08-2024,low,Delhi,organic,28,female
C00729,25-06-2024,medium,Pune,organic,41,other
C00730,08-10-2024,medium,Bangalore,ads,51,male
C00731,03-03-2024,low,Pune,ads,61,female
C00732,04-08-2024,medium,Ahmedabad,organic,27,female
C00733,19-11-2025,high,Bangalore,ads,18,female
C00734,05-04-2025,medium,Bangalore,ads,40,female
C00735,01-09-2025,medium,Mumbai,organic,51,female
C00736,14-04-2024,medium,Jaipur,referral,43,male
C00737,08-04-2024,medium,Delhi,organic,51,male
C00738,25-05-2025,medium,Ahmedabad,ads,32,male
C00739,19-01-2025,medium,Hyderabad,ads,28,female
C00740,08-02-2025,high,Hyderabad,organic,36,male
C00741,01-06-2025,medium,Bhubaneswar,ads,31,male
C00742,20-04-2025,low,Chennai,ads,41,female
C00743,09-12-2025,medium,Ahmedabad,referral,44,male
C00744,06-10-2025,medium,Chennai,organic,45,female
C00745,12-03-2025,low,Mumbai,ads,40,female
C00746,23-01-2024,low,Hyderabad,ads,37,male
C00747,18-07-2025,medium,Ahmedabad,ads,42,male
C00748,07-11-2025,high,Bangalore,referral,18,female
C00749,14-12-2025,low,Jaipur,organic,37,other
C00750,02-04-2025,low,Kolkata,organic,35,female
C00751,23-03-2024,low,Jaipur,ads,37,male
C00752,24-05-2024,low,Bhubaneswar,organic,34,male
C00753,25-03-2024,medium,Hyderabad,referral,39,male
C00754,18-03-2024,medium,Pune,ads,29,female
C00755,01-04-2025,high,Pune,ads,46,male
C00756,01-01-2024,medium,Kolkata,referral,39,male
C00757,20-02-2024,medium,Hyderabad,ads,36,female
C00758,15-11-2025,medium,Ahmedabad,ads,28,male
C00759,17-12-2025,medium,Bangalore,organic,43,male
C00760,21-03-2025,low,Bhubaneswar,organic,37,female
C00761,24-03-2025,medium,Pune,organic,27,female
C00762,02-05-2025,medium,Kolkata,ads,34,female
C00763,03-02-2024,high,Jaipur,ads,41,female
C00764,13-12-2024,medium,Bangalore,organic,40,female
C00765,04-04-2024,low,Pune,ads,39,female
C00766,12-03-2024,medium,Jaipur,organic,35,female
C00767,04-07-2025,low,Ahmedabad,referral,45,female
C00768,02-06-2024,medium,Jaipur,organic,47,female
C00769,06-09-2024,medium,Bangalore,referral,42,female
C00770,04-11-2025,medium,Jaipur,ads,29,female
C00771,13-03-2025,medium,Ahmedabad,ads,24,male
C00772,27-04-2024,low,Bhubaneswar,organic,29,male
C00773,01-11-2024,medium,Bangalore,referral,54,female
C00774,24-09-2024,low,Bhubaneswar,organic,37,male
C00775,23-02-2024,medium,Kolkata,ads,56,male
C00776,23-08-2024,low,Hyderabad,referral,33,female
C00777,23-01-2025,high,Jaipur,referral,32,male
C00778,04-02-2025,low,Mumbai,ads,34,female
C00779,15-09-2025,medium,Bhubaneswar,referral,34,female
C00780,29-10-2024,medium,Ahmedabad,ads,27,male
C00781,25-07-2024,medium,Pune,organic,23,male
C00782,16-08-2024,low,Bhubaneswar,ads,40,male
C00783,31-07-2025,high,Pune,organic,45,male
C00784,15-03-2024,medium,Jaipur,organic,59,male
C00785,10-03-2025,low,Kolkata,ads,30,male
C00786,12-04-2024,medium,Delhi,ads,31,female
C00787,25-02-2025,high,Bangalore,organic,27,male
C00788,04-12-2025,medium,Pune,referral,46,female
C00789,01-11-2024,medium,Pune,organic,43,female
C00790,07-04-2024,low,Bangalore,referral,26,male
C00791,30-11-2024,low,Delhi,referral,25,male
C00792,10-03-2025,medium,Jaipur,referral,44,male
C00793,22-03-2025,low,Ahmedabad,referral,38,female
C00794,03-11-2024,medium,Hyderabad,organic,42,female
C00795,05-09-2024,high,Pune,ads,26,male
C00796,14-06-2024,medium,Delhi,organic,18,female
C00797,25-04-2025,medium,Delhi,organic,26,other
C00798,30-11-2024,high,Kolkata,ads,41,female
C00799,25-06-2025,low,Pune,organic,56,female
C00800,15-04-2024,low,Bhubaneswar,referral,30,male
C00801,16-07-2025,medium,Jaipur,referral,57,male
C00802,21-03-2024,medium,Ahmedabad,organic,43,female
C00803,12-05-2024,low,Delhi,ads,21,female
C00804,17-05-2024,low,Kolkata,ads,37,female
C00805,02-07-2024,low,Kolkata,referral,43,male
C00806,04-02-2025,medium,Bangalore,ads,18,female
C00807,25-11-2024,low,Pune,organic,41,female
C00808,22-05-2025,medium,Delhi,ads,46,male
C00809,09-03-2024,medium,Ahmedabad,ads,38,male
C00810,29-06-2025,high,Bhubaneswar,referral,34,female
C00811,22-02-2024,high,Mumbai,organic,33,male
C00812,25-03-2025,medium,Mumbai,organic,32,male
C00813,23-07-2024,medium,Bhubaneswar,referral,23,male
C00814,05-05-2024,high,Delhi,referral,28,female
C00815,12-02-2024,low,Pune,referral,30,female
C00816,20-04-2024,high,Ahmedabad,ads,36,male
C00817,24-10-2025,medium,Bangalore,ads,29,female
C00818,01-07-2024,medium,Pune,ads,26,female
C00819,04-04-2024,low,Hyderabad,organic,42,male
C00820,08-01-2025,medium,Pune,ads,38,female
C00821,03-06-2025,high,Pune,organic,29,female
C00822,25-12-2024,medium,Jaipur,organic,40,female
C00823,26-11-2025,low,Delhi,referral,30,male
C00824,07-10-2024,low,Bangalore,organic,35,female
C00825,13-07-2024,medium,Jaipur,referral,44,male
C00826,13-07-2024,medium,Delhi,organic,28,male
C00827,28-10-2025,low,Chennai,organic,23,female
C00828,02-04-2024,high,Bangalore,ads,33,female
C00829,02-11-2025,medium,Delhi,ads,21,female
C00830,01-03-2024,medium,Mumbai,ads,32,male
C00831,25-09-2025,high,Jaipur,referral,32,male
C00832,20-02-2024,medium,Chennai,organic,18,female
C00833,06-02-2025,medium,Bangalore,referral,40,male
C00834,05-01-2024,medium,Hyderabad,organic,33,male
C00835,10-04-2025,low,Ahmedabad,referral,46,female
C00836,26-08-2025,medium,Hyderabad,ads,37,female
C00837,12-11-2025,low,Mumbai,referral,42,female
C00838,17-06-2025,high,Mumbai,ads,46,male
C00839,08-02-2025,medium,Bhubaneswar,organic,33,male
C00840,27-05-2025,high,Bhubaneswar,referral,34,female
C00841,06-10-2025,low,Hyderabad,organic,19,female
C00842,20-08-2024,low,Jaipur,organic,47,other
C00843,07-06-2025,medium,Pune,referral,33,female
C00844,11-12-2024,low,Delhi,organic,24,female
C00845,15-02-2024,medium,Ahmedabad,organic,42,male
C00846,29-06-2025,low,Chennai,ads,18,male
C00847,18-03-2024,low,Ahmedabad,referral,30,male
C00848,30-12-2025,low,Mumbai,organic,44,other
C00849,13-03-2024,medium,Bhubaneswar,ads,30,male
C00850,05-09-2024,high,Pune,ads,27,male
C00851,16-02-2024,medium,Kolkata,referral,30,female
C00852,30-04-2024,high,Bangalore,referral,18,male
C00853,01-08-2024,medium,Kolkata,ads,42,male
C00854,26-08-2024,medium,Kolkata,ads,33,female
C00855,25-02-2024,medium,Jaipur,ads,32,female
C00856,15-12-2024,high,Jaipur,organic,32,male
C00857,16-04-2024,high,Bhubaneswar,ads,35,female
C00858,17-02-2024,medium,Kolkata,referral,41,male
C00859,26-07-2025,low,Chennai,ads,34,female
C00860,02-12-2024,medium,Mumbai,organic,21,female
C00861,26-01-2024,medium,Kolkata,ads,40,male
C00862,13-09-2024,low,Pune,ads,39,female
C00863,08-01-2024,medium,Bangalore,ads,37,male
C00864,16-09-2025,medium,Delhi,ads,45,male
C00865,09-09-2024,medium,Bhubaneswar,ads,35,female
C00866,22-11-2025,medium,Bhubaneswar,organic,46,male
C00867,19-12-2025,low,Hyderabad,referral,49,male
C00868,29-10-2024,high,Pune,ads,40,male
C00869,30-09-2025,medium,Jaipur,organic,27,male
C00870,25-02-2024,high,Mumbai,organic,33,female
C00871,26-12-2025,medium,Chennai,referral,47,female
C00872,09-06-2025,low,Pune,referral,20,female
C00873,18-04-2025,medium,Ahmedabad,ads,31,male
C00874,28-01-2024,high,Delhi,organic,31,female
C00875,18-03-2024,medium,Bangalore,organic,26,male
C00876,03-08-2024,high,Hyderabad,organic,43,male
C00877,20-01-2025,high,Pune,ads,38,male
C00878,30-12-2024,low,Hyderabad,ads,27,male
C00879,27-10-2025,low,Delhi,ads,41,female
C00880,09-06-2025,low,Kolkata,ads,33,female
C00881,29-11-2025,low,Hyderabad,organic,26,female
C00882,07-11-2024,medium,Bhubaneswar,organic,27,female
C00883,07-01-2024,high,Jaipur,organic,39,male
C00884,03-01-2024,low,Kolkata,organic,44,female
C00885,14-09-2025,low,Pune,organic,30,female
C00886,28-12-2024,low,Bangalore,ads,40,female
C00887,22-05-2025,medium,Bhubaneswar,referral,50,male
C00888,30-09-2024,medium,Delhi,ads,22,female
C00889,20-05-2025,low,Kolkata,referral,38,female
C00890,15-01-2024,low,Bhubaneswar,ads,43,male
C00891,10-07-2024,low,Jaipur,ads,34,other
C00892,22-09-2025,high,Kolkata,organic,47,male
C00893,29-04-2025,medium,Mumbai,referral,56,male
C00894,28-01-2024,medium,Mumbai,organic,38,female
C00895,14-12-2025,low,Kolkata,organic,32,male
C00896,08-02-2024,high,Kolkata,organic,44,female
C00897,29-09-2024,high,Mumbai,referral,43,male
C00898,18-08-2024,low,Pune,referral,18,male
C00899,26-03-2024,high,Hyderabad,ads,34,female
C00900,18-04-2025,low,Bangalore,ads,31,male
C00901,05-05-2024,medium,Bhubaneswar,ads,38,female
C00902,20-06-2025,low,Bhubaneswar,referral,33,female
C00903,24-05-2024,medium,Delhi,ads,34,male
C00904,08-06-2025,low,Bangalore,referral,26,female
C00905,30-07-2024,low,Chennai,organic,42,female
C00906,25-01-2024,high,Mumbai,organic,51,female
C00907,02-08-2025,high,Chennai,referral,26,female
C00908,28-01-2025,medium,Jaipur,organic,21,female
C00909,07-03-2024,medium,Bangalore,referral,35,male
C00910,20-08-2024,low,Ahmedabad,ads,34,male
C00911,18-04-2024,medium,Delhi,referral,46,female
C00912,25-05-2024,medium,Kolkata,organic,22,other
C00913,20-04-2024,high,Jaipur,ads,29,male
C00914,15-08-2024,low,Hyderabad,ads,18,male
C00915,20-04-2024,low,Ahmedabad,ads,48,female
C00916,14-04-2025,medium,Bangalore,ads,37,female
C00917,03-02-2024,medium,Bangalore,referral,30,male
C00918,14-09-2025,high,Chennai,ads,21,female
C00919,03-01-2025,medium,Pune,organic,22,female
C00920,17-08-2025,medium,Chennai,referral,39,female
C00921,07-07-2025,high,Bhubaneswar,organic,23,male
C00922,28-02-2025,medium,Chennai,organic,36,female
C00923,04-09-2025,medium,Pune,organic,55,male
C00924,01-06-2025,medium,Hyderabad,referral,31,female
C00925,22-11-2025,medium,Jaipur,organic,25,male
C00926,08-10-2024,high,Mumbai,organic,38,female
C00927,15-11-2024,low,Bangalore,referral,22,male
C00928,18-03-2025,low,Kolkata,referral,52,female
C00929,10-11-2024,medium,Chennai,organic,49,female
C00930,11-01-2025,high,Ahmedabad,ads,33,other
C00931,15-10-2024,low,Hyderabad,referral,26,male
C00932,12-03-2025,low,Delhi,organic,30,male
C00933,23-10-2025,medium,Bangalore,referral,32,male
C00934,03-10-2024,medium,Pune,ads,38,male
C00935,10-12-2025,high,Bhubaneswar,ads,45,male
C00936,04-08-2025,medium,Pune,ads,24,female
C00937,17-05-2025,high,Chennai,ads,45,female
C00938,15-09-2025,medium,Jaipur,organic,41,male
C00939,30-05-2025,medium,Bhubaneswar,ads,29,male
C00940,15-12-2024,medium,Ahmedabad,organic,24,female
C00941,21-03-2025,medium,Pune,ads,36,male
C00942,15-12-2024,medium,Ahmedabad,organic,24,female
C00943,29-08-2025,medium,Delhi,referral,45,male
C00944,25-10-2025,high,Ahmedabad,organic,23,male
C00945,16-05-2024,high,Bangalore,ads,40,male
C00946,30-08-2024,low,Hyderabad,ads,34,male
C00947,26-06-2025,high,Bhubaneswar,ads,29,female
C00948,09-02-2024,low,Bangalore,ads,33,male
C00949,16-08-2024,low,Kolkata,ads,45,female
C00950,01-07-2025,medium,Pune,organic,23,male
C00951,10-08-2024,medium,Pune,organic,30,female
C00952,06-01-2024,medium,Kolkata,ads,27,female
C00953,17-11-2024,low,Ahmedabad,referral,34,female
C00954,12-04-2025,low,Bangalore,organic,28,male
C00955,15-03-2024,low,Bhubaneswar,organic,18,female
C00956,04-01-2024,high,Bhubaneswar,organic,24,male
C00957,07-10-2025,medium,Kolkata,ads,51,male
C00958,27-04-2024,medium,Pune,organic,37,female
C00959,28-08-2025,medium,Kolkata,referral,37,female
C00960,18-05-2025,high,Delhi,organic,32,male
C00961,27-07-2025,high,Delhi,organic,34,female
C00962,16-03-2025,low,Delhi,organic,30,male
C00963,12-07-2024,medium,Mumbai,ads,40,male
C00964,15-12-2025,medium,Hyderabad,ads,36,female
C00965,26-01-2025,medium,Jaipur,organic,23,female
C00966,26-01-2024,low,Chennai,referral,37,male
C00967,10-03-2025,low,Mumbai,organic,18,female
C00968,21-06-2024,medium,Bhubaneswar,ads,39,female
C00969,26-10-2024,high,Ahmedabad,ads,20,female
C00970,06-10-2025,medium,Pune,organic,34,male
C00971,21-11-2024,low,Ahmedabad,referral,23,male
C00972,13-02-2025,medium,Kolkata,referral,35,female
C00973,27-04-2024,medium,Pune,organic,40,female
C00974,24-12-2025,medium,Chennai,ads,50,female
C00975,12-08-2024,medium,Chennai,organic,19,female
C00976,15-06-2025,low,Bangalore,ads,44,male
C00977,22-04-2024,medium,Ahmedabad,organic,36,female
C00978,19-05-2024,high,Jaipur,referral,30,male
C00979,12-07-2025,high,Chennai,organic,42,male
C00980,01-01-2024,medium,Hyderabad,organic,32,male
C00981,30-03-2024,low,Bangalore,organic,42,female
C00982,15-10-2025,medium,Jaipur,organic,25,male
C00983,15-11-2024,low,Pune,ads,28,male
C00984,03-07-2025,low,Ahmedabad,organic,44,male
C00985,18-05-2024,medium,Ahmedabad,ads,49,male
C00986,25-05-2025,high,Jaipur,organic,34,male
C00987,15-09-2024,high,Jaipur,ads,18,female
C00988,03-11-2025,low,Chennai,ads,33,male
C00989,20-11-2025,high,Pune,referral,35,male
C00990,10-01-2024,medium,Bangalore,referral,32,female
C00991,17-09-2024,medium,Hyderabad,referral,38,female
C00992,11-10-2025,low,Bhubaneswar,ads,30,female
C00993,20-06-2024,high,Bhubaneswar,organic,43,male
C00994,13-01-2024,medium,Mumbai,ads,23,female
C00995,16-06-2024,medium,Hyderabad,referral,47,male
C00996,03-10-2025,medium,Pune,organic,50,female
C00997,18-08-2025,low,Pune,ads,25,male
C00998,16-11-2024,high,Bangalore,organic,25,male
C00999,14-11-2024,low,Ahmedabad,ads,39,female
C01000,04-09-2025,medium,Mumbai,ads,23,male
C01001,24-11-2024,medium,Bangalore,ads,30,male
C01002,03-07-2025,medium,Mumbai,ads,46,female
C01003,22-02-2025,medium,Ahmedabad,referral,42,female
C01004,28-08-2025,high,Kolkata,ads,54,female
C01005,04-04-2024,medium,Mumbai,referral,36,female
C01006,03-08-2025,medium,Bangalore,organic,28,female
C01007,13-11-2024,medium,Kolkata,ads,35,female
C01008,23-08-2024,medium,Jaipur,ads,33,female
C01009,29-11-2024,low,Hyderabad,organic,33,female
C01010,10-01-2025,medium,Chennai,organic,34,female
C01011,03-04-2025,high,Bangalore,ads,25,male
C01012,16-05-2024,medium,Jaipur,ads,37,female
C01013,10-08-2025,low,Bhubaneswar,ads,20,male
C01014,30-06-2025,low,Bhubaneswar,organic,27,female
C01015,27-05-2025,medium,Pune,organic,33,male
C01016,22-10-2024,low,Bangalore,ads,18,female
C01017,15-11-2024,medium,Delhi,organic,42,male
C01018,25-07-2025,medium,Chennai,organic,18,female
C01019,14-12-2024,low,Delhi,organic,41,male
C01020,16-08-2024,low,Hyderabad,organic,22,male
C01021,26-09-2024,medium,Pune,organic,30,female
C01022,17-10-2024,low,Chennai,organic,40,male
C01023,25-12-2025,high,Kolkata,organic,56,male
C01024,13-06-2024,low,Mumbai,ads,36,female
C01025,05-01-2024,medium,Chennai,organic,18,other
C01026,13-01-2025,high,Ahmedabad,ads,44,male
C01027,18-03-2024,medium,Kolkata,referral,32,male
C01028,13-02-2025,medium,Mumbai,ads,35,female
C01029,27-07-2025,medium,Hyderabad,organic,40,male
C01030,11-05-2024,medium,Bhubaneswar,referral,18,male
C01031,23-08-2025,high,Mumbai,organic,35,female
C01032,11-02-2024,medium,Ahmedabad,organic,30,male
C01033,29-03-2024,medium,Pune,referral,47,female
C01034,05-02-2025,medium,Mumbai,referral,42,female
C01035,22-10-2024,medium,Chennai,ads,18,female
C01036,21-10-2024,low,Chennai,ads,47,other
C01037,07-09-2025,low,Pune,ads,39,female
C01038,09-06-2025,low,Chennai,organic,19,female
C01039,21-11-2025,medium,Hyderabad,organic,35,female
C01040,28-09-2025,low,Ahmedabad,ads,45,male
C01041,25-02-2025,high,Bangalore,referral,22,male
C01042,23-01-2024,high,Bangalore,organic,48,other
C01043,28-07-2025,medium,Bhubaneswar,ads,19,male
C01044,22-05-2024,low,Jaipur,organic,27,male
C01045,26-10-2025,medium,Hyderabad,ads,25,female
C01046,24-05-2024,high,Jaipur,ads,48,female
C01047,12-08-2024,high,Bangalore,ads,30,male
C01048,17-05-2025,low,Mumbai,organic,23,male
C01049,07-09-2025,medium,Mumbai,ads,39,male
C01050,13-04-2024,medium,Mumbai,ads,41,female
C01051,08-02-2024,medium,Chennai,organic,41,female
C01052,16-07-2024,medium,Chennai,organic,32,male
C01053,07-10-2025,medium,Delhi,ads,37,female
C01054,01-08-2025,medium,Mumbai,ads,28,male
C01055,25-01-2025,low,Mumbai,organic,51,female
C01056,27-06-2024,medium,Kolkata,ads,46,male
C01057,07-07-2025,medium,Pune,referral,45,female
C01058,23-03-2025,high,Bangalore,organic,42,male
C01059,14-05-2025,medium,Chennai,ads,40,male
C01060,15-01-2024,medium,Ahmedabad,organic,22,male
C01061,14-09-2025,medium,Chennai,organic,41,male
C01062,30-10-2025,high,Ahmedabad,organic,36,other
C01063,15-10-2024,low,Delhi,ads,47,other
C01064,22-04-2025,medium,Ahmedabad,referral,43,female
C01065,18-08-2024,medium,Chennai,organic,40,male
C01066,23-02-2025,low,Bhubaneswar,ads,18,male
C01067,05-06-2024,medium,Chennai,ads,34,male
C01068,03-07-2025,low,Hyderabad,organic,29,male
C01069,16-03-2025,medium,Bhubaneswar,ads,37,male
C01070,06-04-2024,medium,Mumbai,ads,30,female
C01071,14-02-2025,low,Bangalore,referral,32,male
C01072,15-10-2024,medium,Ahmedabad,referral,39,female
C01073,10-09-2024,medium,Chennai,organic,30,female
C01074,14-07-2024,low,Chennai,ads,36,male
C01075,20-08-2025,medium,Ahmedabad,organic,19,female
C01076,05-06-2025,medium,Jaipur,ads,26,male
C01077,31-05-2025,medium,Bangalore,referral,41,male
C01078,26-09-2025,low,Kolkata,organic,22,male
C01079,27-04-2024,low,Pune,ads,47,female
C01080,07-06-2024,medium,Mumbai,ads,44,male
C01081,15-08-2024,medium,Bhubaneswar,ads,32,female
C01082,03-08-2024,low,Chennai,organic,64,male
C01083,26-11-2025,high,Delhi,referral,47,male
C01084,15-01-2024,medium,Bangalore,ads,25,male
C01085,05-06-2024,low,Ahmedabad,organic,42,female
C01086,09-10-2025,low,Chennai,organic,35,female
C01087,17-09-2024,low,Bhubaneswar,ads,27,female
C01088,05-06-2024,medium,Delhi,organic,24,male
C01089,16-02-2024,high,Pune,organic,44,male
C01090,19-11-2024,medium,Pune,ads,29,female
C01091,15-11-2025,medium,Bhubaneswar,ads,33,male
C01092,09-05-2024,medium,Bangalore,ads,25,male
C01093,14-02-2025,low,Delhi,organic,27,male
C01094,04-04-2024,high,Ahmedabad,ads,33,female
C01095,18-09-2025,low,Delhi,referral,38,female
C01096,18-10-2024,medium,Hyderabad,organic,18,male
C01097,09-10-2024,medium,Ahmedabad,ads,35,female
C01098,09-03-2024,high,Mumbai,referral,27,female
C01099,21-10-2025,medium,Kolkata,ads,49,male
C01100,11-01-2024,high,Mumbai,ads,64,male
C01101,10-09-2024,low,Kolkata,organic,31,female
C01102,03-07-2025,low,Mumbai,ads,18,female
C01103,13-05-2024,medium,Delhi,ads,36,male
C01104,12-12-2025,medium,Bangalore,ads,32,female
C01105,23-01-2024,low,Bhubaneswar,referral,54,female
C01106,11-12-2024,medium,Chennai,organic,51,female
C01107,28-10-2024,high,Kolkata,organic,43,male
C01108,28-12-2024,medium,Chennai,organic,29,male
C01109,30-01-2025,low,Hyderabad,ads,41,female
C01110,05-08-2024,high,Hyderabad,organic,37,female
C01111,20-05-2024,medium,Chennai,ads,37,male
C01112,07-09-2025,low,Hyderabad,organic,19,female
C01113,28-07-2024,high,Ahmedabad,ads,45,female
C01114,14-09-2025,high,Chennai,organic,36,female
C01115,07-09-2025,medium,Hyderabad,referral,33,male
C01116,13-11-2025,low,Kolkata,ads,28,female
C01117,04-04-2025,medium,Bangalore,referral,27,male
C01118,21-12-2024,low,Hyderabad,ads,38,male
C01119,19-11-2024,medium,Chennai,organic,18,male
C01120,12-05-2024,high,Kolkata,organic,42,male
C01121,06-05-2024,low,Chennai,referral,24,male
C01122,15-04-2024,medium,Pune,ads,18,male
C01123,26-08-2025,medium,Delhi,organic,53,other
C01124,12-01-2025,medium,Delhi,ads,26,female
C01125,20-02-2024,medium,Delhi,ads,27,female
C01126,29-01-2024,high,Mumbai,organic,46,female
C01127,06-04-2025,high,Ahmedabad,organic,53,female
C01128,22-10-2024,medium,Chennai,referral,19,male
C01129,23-10-2024,low,Ahmedabad,organic,25,female
C01130,26-12-2025,medium,Chennai,organic,26,male
C01131,10-02-2025,low,Pune,organic,44,male
C01132,04-09-2025,medium,Hyderabad,organic,51,male
C01133,08-02-2025,medium,Mumbai,ads,24,female
C01134,11-12-2024,high,Bangalore,organic,49,male
C01135,13-09-2025,high,Chennai,organic,27,female
C01136,23-02-2025,medium,Kolkata,referral,38,female
C01137,30-06-2024,low,Hyderabad,organic,22,male
C01138,01-01-2024,low,Bhubaneswar,organic,33,male
C01139,20-07-2025,low,Bhubaneswar,ads,33,female
C01140,05-01-2025,medium,Bangalore,ads,31,male
C01141,22-10-2025,low,Kolkata,referral,38,female
C01142,06-03-2025,medium,Delhi,organic,24,female
C01143,04-11-2024,high,Mumbai,referral,26,male
C01144,16-05-2024,low,Ahmedabad,ads,39,male
C01145,20-07-2024,medium,Jaipur,ads,48,other
C01146,11-03-2025,high,Jaipur,organic,34,female
C01147,08-11-2024,medium,Mumbai,organic,40,male
C01148,26-04-2024,medium,Hyderabad,ads,42,male
C01149,27-10-2025,low,Pune,referral,43,female
C01150,28-07-2025,medium,Hyderabad,ads,25,male
C01151,31-08-2024,low,Bhubaneswar,organic,27,female
C01152,20-06-2025,high,Ahmedabad,organic,28,female
C01153,24-08-2025,medium,Bhubaneswar,ads,54,female
C01154,15-03-2024,medium,Chennai,ads,40,male
C01155,20-01-2025,medium,Bhubaneswar,organic,39,female
C01156,28-07-2024,medium,Jaipur,organic,38,male
C01157,19-04-2025,low,Jaipur,ads,21,male
C01158,21-02-2025,low,Ahmedabad,ads,54,female
C01159,12-12-2024,low,Bhubaneswar,ads,39,female
C01160,12-06-2025,low,Mumbai,referral,42,female
C01161,01-10-2025,low,Mumbai,ads,18,female
C01162,27-06-2024,medium,Bangalore,organic,42,male
C01163,30-06-2024,low,Pune,ads,31,male
C01164,25-10-2025,medium,Ahmedabad,referral,21,male
C01165,25-01-2024,medium,Bhubaneswar,referral,25,male
C01166,28-06-2024,medium,Ahmedabad,referral,22,female
C01167,10-12-2025,medium,Hyderabad,organic,22,female
C01168,15-05-2025,medium,Delhi,ads,35,female
C01169,09-06-2024,low,Kolkata,referral,31,female
C01170,25-06-2024,medium,Hyderabad,ads,38,male
C01171,11-10-2024,high,Hyderabad,organic,51,male
C01172,03-03-2024,medium,Bhubaneswar,referral,33,male
C01173,23-10-2025,high,Delhi,ads,18,male
C01174,27-10-2025,high,Mumbai,organic,32,male
C01175,04-06-2024,medium,Mumbai,organic,46,male
C01176,13-04-2025,medium,Hyderabad,ads,34,other
C01177,18-02-2024,medium,Pune,ads,50,male
C01178,24-03-2024,low,Mumbai,organic,39,female
C01179,26-12-2024,low,Chennai,ads,18,male
C01180,19-11-2025,medium,Hyderabad,ads,36,male
C01181,27-05-2024,medium,Kolkata,ads,37,male
C01182,21-09-2025,medium,Delhi,organic,45,male
C01183,07-12-2024,low,Bangalore,ads,53,female
C01184,20-04-2025,high,Jaipur,organic,44,female
C01185,03-03-2024,high,Ahmedabad,organic,39,female
C01186,01-12-2025,low,Hyderabad,organic,41,female
C01187,25-12-2024,medium,Mumbai,referral,33,female
C01188,14-07-2025,high,Ahmedabad,organic,20,female
C01189,22-11-2024,medium,Kolkata,organic,35,female
C01190,20-05-2024,low,Bhubaneswar,organic,38,male
C01191,02-08-2024,low,Jaipur,ads,22,other
C01192,10-03-2025,low,Pune,referral,48,female
C01193,23-12-2025,medium,Bangalore,referral,45,female
C01194,13-11-2024,medium,Bhubaneswar,organic,21,female
C01195,01-02-2024,low,Kolkata,organic,48,male
C01196,31-10-2025,low,Mumbai,organic,31,female
C01197,11-10-2024,medium,Chennai,ads,27,female
C01198,31-10-2024,low,Delhi,organic,45,female
C01199,04-03-2025,high,Bhubaneswar,organic,34,female
C01200,21-04-2025,medium,Bhubaneswar,ads,53,male
C01201,12-10-2024,medium,Bangalore,organic,26,male
C01202,23-05-2024,medium,Delhi,organic,18,female
C01203,27-02-2025,low,Kolkata,organic,32,male
C01204,19-01-2024,high,Ahmedabad,organic,42,female
C01205,18-01-2024,medium,Ahmedabad,ads,25,female
C01206,12-08-2025,low,Delhi,referral,21,male
C01207,05-01-2025,low,Pune,organic,37,male
C01208,23-06-2024,high,Hyderabad,organic,20,female
C01209,12-07-2024,medium,Pune,referral,38,male
C01210,16-05-2025,medium,Pune,referral,31,male
C01211,22-04-2024,high,Bhubaneswar,organic,39,female
C01212,23-04-2024,low,Bhubaneswar,ads,21,female
C01213,09-08-2024,low,Jaipur,organic,47,female
C01214,08-11-2025,high,Mumbai,ads,33,female
C01215,05-10-2025,high,Kolkata,referral,42,male
C01216,20-09-2024,high,Kolkata,ads,44,female
C01217,24-02-2024,low,Jaipur,ads,23,female
C01218,04-10-2025,high,Bhubaneswar,organic,43,female
C01219,02-04-2025,medium,Bangalore,ads,20,male
C01220,10-06-2024,medium,Bangalore,ads,21,male
C01221,14-01-2025,medium,Mumbai,ads,54,female
C01222,27-03-2024,high,Delhi,organic,46,male
C01223,24-02-2024,medium,Bhubaneswar,ads,55,male
C01224,20-04-2025,low,Ahmedabad,ads,31,other
C01225,26-06-2024,low,Ahmedabad,organic,36,male
C01226,25-01-2025,low,Bhubaneswar,organic,40,male
C01227,14-12-2024,high,Chennai,organic,34,male
C01228,08-01-2024,medium,Delhi,ads,27,female
C01229,08-11-2024,medium,Ahmedabad,ads,26,female
C01230,18-03-2025,medium,Hyderabad,referral,37,female
C01231,23-11-2024,low,Pune,organic,24,female
C01232,23-02-2024,medium,Bhubaneswar,referral,24,female
C01233,26-08-2024,high,Chennai,ads,38,female
C01234,16-08-2024,low,Hyderabad,organic,34,male
C01235,01-08-2025,low,Pune,organic,44,male
C01236,20-02-2024,high,Pune,organic,30,male
C01237,31-08-2025,medium,Mumbai,referral,29,male
C01238,26-08-2025,medium,Delhi,organic,39,female
C01239,20-09-2024,medium,Bhubaneswar,organic,26,male
C01240,21-02-2025,high,Chennai,organic,28,female
C01241,05-04-2024,medium,Jaipur,referral,28,male
C01242,28-03-2024,low,Mumbai,organic,32,male
C01243,18-03-2024,medium,Bangalore,organic,52,male
C01244,14-10-2024,high,Hyderabad,ads,21,female
C01245,29-04-2024,medium,Jaipur,ads,47,female
C01246,05-05-2025,medium,Hyderabad,ads,42,other
C01247,27-03-2025,low,Bhubaneswar,ads,50,female
C01248,14-05-2025,medium,Chennai,referral,65,female
C01249,13-06-2024,high,Chennai,referral,49,male
C01250,30-06-2024,high,Pune,ads,44,female
C01251,13-04-2025,low,Jaipur,organic,21,female
C01252,07-01-2024,medium,Chennai,ads,23,male
C01253,25-11-2024,low,Ahmedabad,organic,38,male
C01254,03-11-2025,medium,Hyderabad,organic,18,female
C01255,30-05-2024,medium,Pune,referral,41,male
C01256,25-03-2024,medium,Bhubaneswar,referral,18,female
C01257,26-05-2024,low,Chennai,ads,46,female
C01258,15-09-2025,low,Kolkata,referral,31,male
C01259,15-01-2025,medium,Bhubaneswar,referral,36,male
C01260,01-07-2025,medium,Jaipur,ads,27,female
C01261,11-10-2024,high,Ahmedabad,ads,18,female
C01262,30-11-2025,medium,Delhi,ads,47,female
C01263,22-03-2024,medium,Bangalore,organic,48,female
C01264,28-05-2025,low,Kolkata,organic,31,female
C01265,09-12-2025,low,Pune,ads,41,male
C01266,06-06-2025,medium,Hyderabad,organic,31,female
C01267,20-01-2025,medium,Jaipur,organic,37,male
C01268,07-12-2025,low,Jaipur,organic,42,male
C01269,15-04-2025,low,Delhi,organic,40,male
C01270,28-04-2024,high,Kolkata,referral,48,male
C01271,30-01-2025,medium,Hyderabad,ads,40,male
C01272,15-06-2025,medium,Bangalore,ads,35,female
C01273,17-09-2024,medium,Mumbai,referral,27,male
C01274,12-09-2024,high,Mumbai,referral,30,female
C01275,13-08-2024,high,Jaipur,ads,43,female
C01276,22-02-2024,medium,Kolkata,referral,19,male
C01277,14-05-2025,medium,Delhi,ads,46,male
C01278,20-05-2025,high,Jaipur,organic,32,male
C01279,29-12-2024,medium,Mumbai,organic,26,male
C01280,06-10-2024,low,Jaipur,ads,24,male
C01281,15-08-2025,low,Mumbai,ads,41,male
C01282,14-12-2025,medium,Kolkata,ads,34,male
C01283,06-06-2024,medium,Kolkata,ads,50,male
C01284,23-09-2025,low,Delhi,organic,22,male
C01285,28-02-2024,medium,Pune,organic,29,female
C01286,27-12-2025,medium,Pune,ads,34,male
C01287,07-05-2024,medium,Jaipur,organic,27,female
C01288,21-12-2025,high,Jaipur,ads,35,male
C01289,24-04-2024,medium,Jaipur,ads,38,male
C01290,27-07-2024,low,Delhi,ads,39,female
C01291,09-06-2025,medium,Bhubaneswar,organic,50,male
C01292,04-06-2025,medium,Jaipur,ads,21,male
C01293,05-07-2025,low,Pune,referral,38,female
C01294,24-08-2024,high,Pune,referral,28,male
C01295,07-10-2024,medium,Hyderabad,referral,39,male
C01296,24-12-2024,medium,Kolkata,ads,39,male
C01297,19-07-2024,medium,Bhubaneswar,organic,25,male
C01298,04-10-2024,high,Mumbai,ads,25,male
C01299,22-08-2024,medium,Pune,referral,40,other
C01300,08-05-2025,medium,Bangalore,organic,35,female
C01301,04-01-2024,medium,Bangalore,organic,32,female
C01302,27-10-2025,medium,Pune,organic,41,female
C01303,17-03-2025,medium,Bangalore,ads,42,female
C01304,29-01-2024,high,Chennai,ads,29,female
C01305,18-04-2024,medium,Bhubaneswar,organic,26,female
C01306,01-09-2025,high,Kolkata,referral,22,male
C01307,27-12-2025,low,Pune,ads,35,male
C01308,15-03-2024,medium,Pune,organic,20,female
C01309,25-05-2024,medium,Mumbai,organic,35,female
C01310,07-05-2024,low,Bhubaneswar,organic,47,male
C01311,11-02-2024,medium,Jaipur,ads,31,female
C01312,21-12-2024,medium,Jaipur,organic,29,female
C01313,10-02-2024,low,Ahmedabad,ads,54,male
C01314,03-02-2024,low,Hyderabad,ads,50,female
C01315,17-01-2024,medium,Chennai,ads,27,female
C01316,07-11-2025,high,Delhi,organic,36,female
C01317,01-06-2024,medium,Delhi,ads,38,male
C01318,12-01-2025,low,Ahmedabad,referral,37,male
C01319,10-08-2025,high,Kolkata,organic,53,male
C01320,21-08-2025,medium,Delhi,organic,35,male
C01321,20-09-2025,low,Jaipur,ads,37,female
C01322,07-12-2024,high,Bangalore,ads,41,female
C01323,27-01-2024,low,Hyderabad,organic,46,female
C01324,13-10-2024,medium,Bhubaneswar,ads,44,male
C01325,07-10-2025,medium,Jaipur,ads,40,male
C01326,31-12-2025,high,Mumbai,referral,19,female
C01327,16-06-2024,low,Bhubaneswar,organic,30,male
C01328,01-09-2025,medium,Delhi,ads,43,other
C01329,24-09-2024,medium,Mumbai,organic,37,female
C01330,30-03-2025,medium,Bhubaneswar,ads,43,female
C01331,15-11-2025,low,Pune,ads,53,male
C01332,04-02-2025,low,Chennai,organic,23,female
C01333,20-04-2025,medium,Jaipur,referral,46,male
C01334,02-12-2025,medium,Mumbai,organic,31,female
C01335,25-09-2025,low,Ahmedabad,ads,44,male
C01336,11-07-2025,medium,Chennai,organic,34,female
C01337,29-07-2025,medium,Bhubaneswar,ads,56,male
C01338,09-05-2024,high,Kolkata,organic,36,male
C01339,28-12-2024,low,Ahmedabad,referral,28,male
C01340,05-12-2025,medium,Jaipur,referral,39,male
C01341,23-11-2025,medium,Pune,referral,38,female
C01342,18-10-2024,medium,Mumbai,organic,46,female
C01343,05-01-2025,high,Bangalore,ads,39,female
C01344,29-01-2024,medium,Mumbai,organic,59,male
C01345,28-05-2024,high,Chennai,referral,33,male
C01346,22-10-2024,medium,Mumbai,ads,34,male
C01347,11-01-2024,medium,Chennai,ads,28,male
C01348,26-05-2025,medium,Ahmedabad,ads,35,other
C01349,06-11-2025,low,Mumbai,organic,37,male
C01350,22-04-2024,low,Ahmedabad,ads,37,female
C01351,05-07-2024,low,Pune,organic,35,female
C01352,14-08-2024,high,Pune,referral,28,female
C01353,05-11-2024,high,Chennai,referral,26,female
C01354,07-04-2024,medium,Bhubaneswar,ads,31,male
C01355,24-02-2024,low,Pune,referral,46,male
C01356,14-09-2025,low,Hyderabad,organic,48,female
C01357,25-10-2025,low,Mumbai,referral,34,female
C01358,09-02-2025,medium,Hyderabad,organic,25,male
C01359,09-03-2024,medium,Mumbai,ads,34,male
C01360,07-11-2024,medium,Delhi,ads,55,female
C01361,15-10-2024,high,Ahmedabad,organic,44,male
C01362,01-07-2025,high,Chennai,organic,40,female
C01363,27-05-2024,low,Jaipur,organic,44,male
C01364,11-04-2025,medium,Jaipur,referral,50,female
C01365,31-08-2024,medium,Kolkata,organic,23,female
C01366,05-05-2025,high,Bhubaneswar,ads,31,female
C01367,21-05-2025,low,Chennai,ads,29,male
C01368,30-12-2024,medium,Pune,organic,40,female
C01369,26-04-2025,medium,Bangalore,ads,36,female
C01370,19-07-2024,low,Bhubaneswar,ads,42,female
C01371,02-06-2024,medium,Bhubaneswar,organic,29,male
C01372,25-03-2025,medium,Bangalore,ads,48,male
C01373,15-05-2025,high,Ahmedabad,organic,34,male
C01374,13-03-2024,high,Bhubaneswar,organic,41,male
C01375,13-12-2025,low,Delhi,ads,46,female
C01376,22-10-2024,low,Bhubaneswar,ads,46,female
C01377,17-01-2024,medium,Kolkata,referral,38,female
C01378,02-10-2025,medium,Hyderabad,referral,43,male
C01379,04-08-2024,medium,Jaipur,ads,52,male
C01380,01-03-2024,high,Ahmedabad,organic,40,female
C01381,07-09-2025,medium,Chennai,organic,27,female
C01382,11-02-2024,medium,Pune,organic,40,female
C01383,25-01-2024,medium,Delhi,ads,34,female
C01384,08-02-2024,low,Ahmedabad,referral,18,female
C01385,10-05-2024,medium,Hyderabad,organic,39,female
C01386,12-05-2025,high,Kolkata,organic,36,female
C01387,16-08-2024,medium,Hyderabad,ads,46,female
C01388,17-04-2024,low,Chennai,organic,27,male
C01389,20-06-2024,medium,Bangalore,ads,19,female
C01390,10-03-2025,high,Pune,ads,36,female
C01391,22-04-2025,medium,Bangalore,ads,38,male
C01392,11-04-2024,low,Mumbai,organic,35,male
C01393,07-06-2025,medium,Kolkata,referral,35,female
C01394,01-10-2024,low,Pune,organic,24,female
C01395,04-09-2025,low,Chennai,referral,33,other
C01396,13-02-2024,low,Ahmedabad,organic,31,male
C01397,17-01-2024,medium,Jaipur,referral,45,male
C01398,25-11-2024,medium,Pune,ads,38,male
C01399,22-07-2025,high,Ahmedabad,organic,32,female
C01400,11-05-2025,low,Ahmedabad,referral,52,female
C01401,12-01-2024,medium,Mumbai,ads,32,female
C01402,13-11-2024,high,Delhi,organic,40,male
C01403,14-08-2025,medium,Kolkata,organic,33,male
C01404,03-08-2024,medium,Kolkata,ads,51,male
C01405,04-12-2024,medium,Mumbai,ads,35,female
C01406,22-10-2025,medium,Bangalore,ads,36,male
C01407,21-03-2024,medium,Bangalore,ads,33,male
C01408,27-12-2025,low,Chennai,ads,36,male
C01409,29-04-2025,medium,Delhi,ads,46,female
C01410,08-01-2025,medium,Ahmedabad,ads,43,male
C01411,10-12-2025,medium,Bhubaneswar,organic,35,male
C01412,18-07-2024,medium,Bhubaneswar,referral,52,female
C01413,20-06-2025,low,Bangalore,organic,43,other
C01414,10-04-2025,medium,Mumbai,organic,30,female
C01415,29-03-2024,medium,Delhi,ads,21,male
C01416,24-09-2024,high,Hyderabad,ads,30,female
C01417,16-10-2025,low,Jaipur,organic,39,other
C01418,24-07-2025,medium,Delhi,organic,40,female
C01419,03-05-2025,low,Chennai,ads,48,male
C01420,21-06-2025,high,Ahmedabad,referral,24,male
C01421,16-02-2024,medium,Ahmedabad,ads,30,other
C01422,14-10-2024,medium,Kolkata,ads,23,female
C01423,16-01-2024,low,Pune,organic,21,female
C01424,11-12-2025,medium,Pune,organic,28,male
C01425,04-02-2025,low,Kolkata,organic,38,female
C01426,26-03-2024,medium,Chennai,organic,42,male
C01427,06-09-2024,medium,Ahmedabad,ads,25,male
C01428,25-01-2025,high,Pune,organic,26,female
C01429,30-11-2024,low,Pune,organic,18,male
C01430,20-09-2025,medium,Jaipur,ads,37,male
C01431,02-06-2025,low,Pune,referral,27,female
C01432,16-05-2024,low,Ahmedabad,referral,51,male
C01433,18-11-2025,low,Chennai,ads,39,female
C01434,12-05-2025,medium,Hyderabad,organic,33,female
C01435,27-12-2025,medium,Bangalore,ads,28,female
C01436,21-04-2025,low,Delhi,organic,20,female
C01437,16-08-2025,high,Mumbai,ads,21,female
C01438,10-08-2024,medium,Bhubaneswar,ads,28,male
C01439,06-01-2025,high,Delhi,ads,28,female
C01440,05-02-2025,medium,Jaipur,referral,25,female
C01441,18-03-2025,high,Pune,ads,38,male
C01442,04-05-2025,high,Chennai,ads,40,female
C01443,06-09-2025,medium,Hyderabad,organic,30,male
C01444,29-09-2024,medium,Bhubaneswar,referral,54,male
C01445,09-06-2025,medium,Kolkata,organic,18,male
C01446,07-06-2024,high,Hyderabad,referral,35,male
C01447,31-05-2024,medium,Bangalore,organic,32,other
C01448,11-09-2025,high,Pune,organic,29,female
C01449,06-07-2024,medium,Mumbai,referral,28,female
C01450,07-04-2024,medium,Bhubaneswar,organic,34,female
C01451,10-05-2024,medium,Pune,referral,32,female
C01452,19-06-2024,low,Bhubaneswar,organic,31,female
C01453,01-07-2024,medium,Mumbai,referral,22,female
C01454,29-12-2024,low,Bangalore,ads,18,male
C01455,08-02-2024,medium,Kolkata,ads,32,male
C01456,10-06-2025,medium,Ahmedabad,organic,30,female
C01457,11-05-2025,medium,Chennai,organic,33,other
C01458,30-05-2025,high,Hyderabad,referral,33,female
C01459,14-12-2024,medium,Delhi,organic,29,female
C01460,31-01-2025,medium,Kolkata,organic,32,female
C01461,22-12-2025,medium,Kolkata,ads,26,female
C01462,09-06-2024,high,Jaipur,ads,50,female
C01463,16-01-2024,high,Bhubaneswar,organic,27,male
C01464,07-05-2025,low,Bhubaneswar,organic,31,male
C01465,01-03-2025,medium,Jaipur,organic,27,female
C01466,17-04-2024,high,Hyderabad,referral,27,male
C01467,25-03-2025,medium,Bhubaneswar,organic,35,male
C01468,06-11-2024,medium,Ahmedabad,referral,33,female
C01469,18-06-2024,low,Chennai,organic,30,male
C01470,29-06-2025,high,Delhi,organic,32,female
C01471,17-02-2025,medium,Delhi,ads,27,female
C01472,07-09-2024,low,Mumbai,organic,39,female
C01473,20-05-2024,high,Mumbai,ads,55,female
C01474,30-09-2024,medium,Chennai,referral,26,female
C01475,19-02-2025,low,Pune,organic,38,male
C01476,30-08-2025,medium,Pune,ads,35,male
C01477,08-02-2024,medium,Kolkata,organic,41,female
C01478,29-01-2024,high,Kolkata,organic,41,female
C01479,21-04-2025,high,Jaipur,organic,37,male
C01480,13-11-2024,medium,Bangalore,referral,34,female
C01481,01-09-2024,low,Mumbai,organic,30,female
C01482,27-11-2025,medium,Bangalore,referral,27,male
C01483,28-09-2024,low,Bhubaneswar,ads,34,female
C01484,15-03-2025,low,Delhi,organic,22,male
C01485,26-08-2024,medium,Kolkata,ads,29,male
C01486,11-01-2025,high,Pune,referral,46,female
C01487,22-09-2024,medium,Chennai,ads,35,female
C01488,24-12-2024,low,Mumbai,ads,43,male
C01489,05-12-2024,low,Delhi,referral,49,female
C01490,23-01-2025,high,Hyderabad,organic,33,male
C01491,30-07-2025,medium,Chennai,referral,37,male
C01492,19-11-2025,medium,Bangalore,referral,31,male
C01493,03-01-2024,low,Ahmedabad,ads,26,male
C01494,04-03-2025,high,Bangalore,referral,25,male
C01495,21-05-2024,medium,Mumbai,ads,43,female
C01496,10-01-2025,low,Chennai,ads,37,male
C01497,31-10-2025,medium,Ahmedabad,ads,53,male
C01498,19-11-2024,medium,Bhubaneswar,organic,44,female
C01499,25-05-2024,high,Hyderabad,ads,27,male
C01500,19-10-2024,medium,Bangalore,organic,43,female
C01501,26-10-2025,medium,Hyderabad,ads,31,male
C01502,07-03-2025,low,Chennai,organic,47,male
C01503,05-12-2025,medium,Delhi,organic,30,female
C01504,07-08-2025,medium,Chennai,organic,24,male
C01505,02-02-2025,medium,Pune,referral,27,male
C01506,09-12-2024,high,Ahmedabad,organic,27,male
C01507,19-05-2024,medium,Delhi,ads,26,male
C01508,05-07-2024,low,Bangalore,organic,29,female
C01509,01-03-2024,low,Bhubaneswar,ads,43,male
C01510,14-01-2025,medium,Hyderabad,organic,52,female
C01511,10-12-2025,medium,Chennai,organic,21,female
C01512,15-03-2025,high,Jaipur,ads,47,male
C01513,14-11-2024,low,Mumbai,ads,30,female
C01514,28-10-2024,high,Bangalore,organic,38,female
C01515,09-12-2024,low,Mumbai,ads,18,female
C01516,11-01-2024,medium,Delhi,referral,40,male
C01517,02-03-2024,low,Pune,organic,18,female
C01518,13-08-2024,low,Bangalore,organic,38,male
C01519,01-06-2024,low,Pune,ads,37,female
C01520,11-12-2025,medium,Pune,organic,36,male
C01521,17-07-2025,medium,Bhubaneswar,referral,27,female
C01522,24-07-2025,medium,Delhi,ads,40,male
C01523,06-08-2025,low,Chennai,ads,38,female
C01524,21-10-2025,high,Jaipur,ads,32,male
C01525,28-07-2025,low,Ahmedabad,ads,41,female
C01526,05-11-2024,low,Pune,organic,34,female
C01527,30-08-2024,medium,Delhi,referral,40,male
C01528,07-05-2025,low,Bhubaneswar,ads,33,female
C01529,31-12-2024,medium,Bangalore,organic,37,male
C01530,25-11-2024,medium,Kolkata,ads,40,other
C01531,16-04-2024,medium,Kolkata,organic,31,other
C01532,13-08-2024,medium,Jaipur,organic,22,male
C01533,05-08-2024,low,Bhubaneswar,ads,37,female
C01534,20-05-2025,medium,Delhi,ads,46,male
C01535,15-09-2024,medium,Bhubaneswar,ads,37,male
C01536,31-05-2025,medium,Ahmedabad,organic,38,male
C01537,23-02-2024,low,Ahmedabad,ads,34,male
C01538,16-02-2024,high,Chennai,organic,42,female
C01539,27-12-2025,low,Kolkata,ads,33,male
C01540,19-11-2025,medium,Kolkata,ads,30,female
C01541,04-06-2025,medium,Ahmedabad,ads,46,male
C01542,08-04-2024,medium,Bhubaneswar,referral,29,other
C01543,20-01-2024,medium,Jaipur,referral,43,male
C01544,26-07-2025,low,Jaipur,referral,46,male
C01545,04-05-2025,medium,Pune,referral,40,female
C01546,22-02-2025,low,Bangalore,ads,22,female
C01547,20-11-2025,high,Kolkata,referral,35,female
C01548,02-03-2024,medium,Ahmedabad,referral,32,female
C01549,24-05-2024,low,Bhubaneswar,ads,30,male
C01550,03-08-2024,low,Delhi,organic,36,male
C01551,03-01-2024,medium,Bangalore,organic,42,female
C01552,08-06-2024,medium,Jaipur,referral,30,male
C01553,29-04-2024,medium,Mumbai,ads,33,male
C01554,29-03-2024,medium,Mumbai,referral,32,female
C01555,24-11-2024,low,Bhubaneswar,organic,46,female
C01556,02-08-2025,low,Hyderabad,organic,32,female
C01557,22-12-2024,medium,Hyderabad,ads,22,male
C01558,01-09-2025,low,Kolkata,referral,19,female
C01559,23-09-2024,medium,Delhi,organic,38,male
C01560,08-09-2025,medium,Pune,referral,27,male
C01561,18-11-2024,medium,Bhubaneswar,ads,41,female
C01562,26-09-2025,medium,Mumbai,organic,21,female
C01563,24-06-2025,medium,Mumbai,organic,29,female
C01564,10-10-2025,medium,Delhi,organic,21,male
C01565,13-07-2024,medium,Kolkata,organic,39,female
C01566,27-11-2024,high,Hyderabad,ads,41,male
C01567,18-06-2024,low,Chennai,organic,38,female
C01568,04-06-2025,medium,Kolkata,organic,24,male
C01569,07-04-2025,high,Kolkata,referral,27,male
C01570,09-02-2024,low,Jaipur,ads,37,male
C01571,20-06-2025,low,Pune,ads,18,male
C01572,17-09-2024,low,Pune,organic,32,female
C01573,29-01-2025,medium,Mumbai,referral,50,female
C01574,13-08-2024,high,Pune,referral,33,male
C01575,03-05-2024,medium,Mumbai,ads,20,female
C01576,07-02-2024,high,Kolkata,referral,28,female
C01577,23-11-2024,low,Delhi,referral,28,female
C01578,07-09-2024,high,Chennai,ads,56,male
C01579,24-06-2024,medium,Delhi,ads,51,other
C01580,24-08-2025,medium,Kolkata,organic,42,male
C01581,29-03-2025,medium,Ahmedabad,organic,31,female
C01582,06-02-2024,low,Bhubaneswar,organic,47,female
C01583,11-11-2024,medium,Hyderabad,organic,23,male
C01584,18-11-2025,high,Bhubaneswar,organic,45,female
C01585,15-08-2025,medium,Chennai,referral,44,male
C01586,23-04-2024,medium,Pune,organic,33,male
C01587,09-02-2024,high,Bhubaneswar,referral,46,male
C01588,27-10-2024,medium,Pune,ads,30,other
C01589,11-08-2024,medium,Kolkata,organic,22,female
C01590,13-11-2024,low,Chennai,ads,44,male
C01591,14-12-2024,low,Jaipur,organic,34,male
C01592,24-04-2024,low,Hyderabad,referral,41,male
C01593,28-11-2025,low,Hyderabad,referral,53,female
C01594,18-11-2024,medium,Ahmedabad,organic,27,female
C01595,21-07-2025,high,Jaipur,referral,33,other
C01596,09-02-2024,medium,Mumbai,ads,50,female
C01597,09-02-2024,low,Hyderabad,organic,41,female
C01598,15-10-2024,low,Bangalore,ads,28,male
C01599,18-09-2024,low,Mumbai,ads,25,male
C01600,03-08-2024,high,Hyderabad,organic,29,female
C01601,26-05-2024,low,Kolkata,ads,27,female
C01602,01-12-2024,medium,Chennai,organic,37,female
C01603,16-06-2024,high,Chennai,ads,35,male
C01604,01-04-2024,medium,Bangalore,organic,37,male
C01605,18-12-2024,high,Kolkata,referral,26,male
C01606,24-07-2025,medium,Bangalore,ads,34,other
C01607,24-07-2025,medium,Pune,organic,18,female
C01608,11-11-2025,medium,Delhi,organic,36,male
C01609,28-12-2024,medium,Hyderabad,organic,46,female
C01610,10-07-2025,low,Kolkata,ads,20,male
C01611,10-12-2024,medium,Delhi,organic,39,male
C01612,23-11-2025,medium,Delhi,referral,28,male
C01613,18-06-2024,low,Chennai,referral,43,female
C01614,21-12-2024,low,Chennai,ads,36,female
C01615,09-07-2024,high,Jaipur,organic,39,female
C01616,28-10-2025,medium,Pune,organic,35,female
C01617,25-02-2025,medium,Kolkata,ads,48,male
C01618,30-11-2025,high,Ahmedabad,ads,38,male
C01619,07-01-2024,medium,Kolkata,ads,27,female
C01620,12-05-2024,low,Pune,ads,35,female
C01621,10-07-2025,high,Chennai,organic,31,male
C01622,31-01-2024,low,Chennai,referral,36,male
C01623,18-06-2025,low,Hyderabad,organic,30,male
C01624,01-03-2025,low,Bhubaneswar,ads,28,male
C01625,28-01-2025,medium,Chennai,ads,36,male
C01626,02-11-2025,low,Bangalore,organic,35,female
C01627,28-12-2024,medium,Hyderabad,ads,45,female
C01628,12-03-2025,medium,Mumbai,referral,30,male
C01629,31-10-2025,high,Bhubaneswar,ads,18,female
C01630,04-07-2025,high,Bhubaneswar,organic,31,female
C01631,22-03-2024,low,Bangalore,organic,18,male
C01632,21-12-2024,medium,Bhubaneswar,organic,39,female
C01633,14-09-2024,medium,Ahmedabad,organic,18,male
C01634,18-12-2025,high,Chennai,referral,25,female
C01635,11-08-2025,medium,Chennai,ads,31,male
C01636,07-06-2025,high,Hyderabad,organic,50,male
C01637,21-10-2024,low,Pune,referral,24,female
C01638,11-08-2024,high,Bangalore,ads,35,male
C01639,08-06-2025,high,Chennai,organic,40,male
C01640,15-02-2024,medium,Delhi,organic,49,male
C01641,28-10-2025,medium,Jaipur,organic,42,male
C01642,22-04-2024,medium,Chennai,referral,45,female
C01643,20-08-2024,medium,Kolkata,ads,43,male
C01644,17-01-2024,low,Delhi,referral,22,male
C01645,25-12-2024,medium,Pune,organic,38,male
C01646,10-08-2024,high,Delhi,referral,43,male
C01647,30-11-2025,medium,Bhubaneswar,organic,25,female
C01648,23-03-2025,low,Jaipur,referral,29,male
C01649,30-12-2024,medium,Mumbai,referral,26,female
C01650,05-11-2025,high,Jaipur,organic,42,female
C01651,21-11-2024,low,Chennai,ads,34,male
C01652,11-04-2025,medium,Hyderabad,ads,31,female
C01653,17-02-2025,medium,Ahmedabad,referral,22,female
C01654,30-03-2025,high,Pune,organic,34,male
C01655,08-08-2025,high,Hyderabad,ads,29,male
C01656,20-08-2024,medium,Chennai,referral,37,male
C01657,11-08-2024,medium,Hyderabad,ads,23,male
C01658,15-02-2025,medium,Kolkata,organic,36,male
C01659,25-07-2025,medium,Delhi,referral,30,female
C01660,30-11-2024,medium,Ahmedabad,organic,22,female
C01661,09-08-2024,low,Chennai,ads,21,female
C01662,06-02-2024,low,Bhubaneswar,organic,23,female
C01663,04-10-2024,low,Pune,organic,32,female
C01664,14-07-2024,high,Bhubaneswar,ads,36,female
C01665,28-04-2025,high,Delhi,ads,37,other
C01666,29-08-2024,medium,Ahmedabad,ads,38,male
C01667,19-11-2024,high,Delhi,ads,27,male
C01668,31-12-2025,low,Bangalore,organic,45,male
C01669,10-07-2024,high,Bhubaneswar,organic,30,female
C01670,17-01-2024,medium,Delhi,ads,39,male
C01671,07-06-2025,medium,Delhi,organic,33,male
C01672,04-02-2025,medium,Hyderabad,ads,38,female
C01673,05-12-2025,high,Chennai,ads,32,female
C01674,22-01-2024,medium,Hyderabad,referral,38,other
C01675,18-04-2025,medium,Bangalore,ads,34,female
C01676,29-04-2024,low,Jaipur,organic,43,male
C01677,28-07-2024,high,Jaipur,referral,26,female
C01678,01-11-2024,low,Hyderabad,referral,18,female
C01679,26-09-2024,low,Mumbai,ads,25,female
C01680,04-12-2025,medium,Bhubaneswar,referral,45,female
C01681,17-11-2025,low,Hyderabad,ads,33,male
C01682,11-10-2024,high,Kolkata,ads,35,male
C01683,16-12-2025,low,Kolkata,organic,24,female
C01684,06-11-2025,medium,Pune,ads,35,male
C01685,14-08-2024,medium,Bangalore,organic,24,male
C01686,15-01-2025,medium,Bangalore,organic,26,female
C01687,04-04-2025,high,Hyderabad,organic,30,male
C01688,07-01-2024,low,Ahmedabad,organic,39,female
C01689,29-01-2024,high,Delhi,organic,40,male
C01690,02-02-2024,medium,Chennai,ads,40,male
C01691,07-10-2025,medium,Delhi,organic,19,other
C01692,19-03-2024,low,Delhi,referral,34,male
C01693,03-04-2025,medium,Bangalore,organic,33,female
C01694,23-07-2025,medium,Bangalore,ads,19,male
C01695,21-06-2025,medium,Kolkata,organic,35,female
C01696,26-04-2025,low,Bangalore,organic,32,male
C01697,05-03-2025,high,Hyderabad,organic,40,female
C01698,11-10-2024,high,Kolkata,ads,35,male
C01699,30-05-2025,medium,Bhubaneswar,ads,29,female
C01700,08-04-2024,low,Delhi,organic,44,male
C01701,31-01-2025,high,Bhubaneswar,organic,18,male
C01702,03-05-2025,medium,Delhi,organic,34,female
C01703,08-02-2024,medium,Delhi,referral,18,female
C01704,27-09-2024,low,Pune,ads,25,female
C01705,05-06-2024,low,Delhi,organic,40,female
C01706,15-03-2024,medium,Ahmedabad,organic,22,male
C01707,09-05-2024,medium,Bhubaneswar,referral,20,male
C01708,17-11-2025,medium,Delhi,organic,58,female
C01709,24-03-2024,high,Mumbai,ads,21,male
C01710,22-01-2024,medium,Mumbai,organic,51,male
C01711,03-04-2025,medium,Mumbai,ads,33,female
C01712,22-06-2025,medium,Hyderabad,referral,29,male
C01713,07-12-2025,low,Kolkata,referral,40,female
C01714,16-01-2025,medium,Bhubaneswar,ads,48,male
C01715,15-03-2025,medium,Delhi,ads,23,female
C01716,26-08-2025,medium,Jaipur,ads,29,male
C01717,21-01-2024,medium,Kolkata,organic,43,male
C01718,29-10-2024,medium,Jaipur,referral,37,female
C01719,24-03-2024,medium,Chennai,ads,46,male
C01720,20-10-2025,medium,Ahmedabad,ads,40,male
C01721,28-03-2025,low,Chennai,organic,53,female
C01722,21-01-2025,low,Bangalore,ads,36,female
C01723,21-05-2025,medium,Kolkata,referral,37,male
C01724,13-09-2024,high,Jaipur,ads,38,male
C01725,23-07-2025,medium,Pune,organic,33,female
C01726,10-06-2025,medium,Delhi,organic,43,male
C01727,10-06-2024,high,Hyderabad,organic,37,female
C01728,11-06-2024,low,Bhubaneswar,referral,42,male
C01729,07-06-2025,low,Delhi,referral,44,female
C01730,27-09-2024,low,Bhubaneswar,referral,39,male
C01731,06-05-2025,high,Pune,ads,40,male
C01732,26-07-2024,low,Delhi,ads,24,male
C01733,22-06-2025,low,Ahmedabad,ads,29,male
C01734,06-08-2025,medium,Bangalore,ads,43,male
C01735,29-02-2024,medium,Mumbai,ads,49,male
C01736,05-03-2025,low,Pune,ads,18,female
C01737,18-10-2025,medium,Bangalore,ads,29,male
C01738,27-08-2025,medium,Delhi,organic,35,other
C01739,04-11-2024,medium,Jaipur,organic,26,male
C01740,03-06-2025,medium,Bangalore,referral,26,female
C01741,13-08-2025,high,Hyderabad,referral,39,female
C01742,27-01-2024,low,Bangalore,ads,50,female
C01743,16-11-2025,medium,Chennai,organic,18,male
C01744,15-07-2025,medium,Ahmedabad,referral,33,female
C01745,17-07-2024,high,Pune,ads,39,male
C01746,21-01-2025,medium,Mumbai,ads,42,male
C01747,14-12-2024,high,Delhi,ads,38,female
C01748,23-11-2025,high,Pune,ads,52,male
C01749,19-06-2025,medium,Kolkata,ads,35,male
C01750,12-01-2025,medium,Pune,referral,48,male
C01751,11-07-2025,medium,Hyderabad,organic,28,male
C01752,10-06-2025,high,Pune,organic,35,male
C01753,01-06-2024,medium,Kolkata,organic,22,female
C01754,24-07-2024,high,Bangalore,organic,44,male
C01755,30-03-2025,low,Chennai,organic,33,female
C01756,29-09-2024,medium,Bangalore,organic,38,female
C01757,23-08-2024,medium,Bangalore,organic,31,female
C01758,04-06-2025,medium,Kolkata,organic,40,female
C01759,08-11-2025,high,Bhubaneswar,organic,38,female
C01760,26-12-2025,low,Mumbai,organic,25,male
C01761,15-05-2025,medium,Kolkata,ads,25,male
C01762,26-04-2024,medium,Bangalore,ads,34,female
C01763,20-01-2025,medium,Pune,organic,41,other
C01764,09-12-2024,high,Mumbai,ads,53,female
C01765,06-08-2025,low,Delhi,referral,38,male
C01766,29-01-2025,medium,Jaipur,referral,45,male
C01767,04-03-2024,medium,Delhi,organic,18,female
C01768,17-12-2025,high,Hyderabad,ads,55,female
C01769,21-12-2025,high,Bangalore,organic,41,female
C01770,12-03-2024,low,Pune,organic,34,female
C01771,30-09-2024,medium,Bhubaneswar,organic,33,female
C01772,15-11-2024,medium,Chennai,organic,23,male
C01773,03-12-2024,high,Chennai,ads,26,female
C01774,31-12-2024,medium,Mumbai,ads,54,male
C01775,09-05-2025,medium,Bhubaneswar,ads,25,female
C01776,29-08-2025,medium,Jaipur,organic,24,male
C01777,14-06-2024,medium,Delhi,organic,27,male
C01778,27-06-2025,medium,Jaipur,organic,23,male
C01779,11-01-2024,medium,Ahmedabad,organic,35,female
C01780,27-10-2024,low,Delhi,referral,45,female
C01781,29-12-2025,high,Delhi,ads,28,male
C01782,11-04-2024,medium,Delhi,referral,21,female
C01783,28-02-2025,medium,Pune,ads,37,female
C01784,26-01-2025,medium,Kolkata,ads,34,female
C01785,01-08-2024,medium,Pune,organic,45,female
C01786,21-11-2025,low,Chennai,ads,30,male
C01787,28-03-2024,medium,Pune,ads,32,male
C01788,06-07-2025,medium,Jaipur,referral,33,male
C01789,04-02-2025,medium,Pune,ads,35,female
C01790,10-08-2025,high,Kolkata,organic,31,male
C01791,15-02-2024,high,Mumbai,ads,29,male
C01792,02-11-2025,low,Bhubaneswar,referral,18,male
C01793,07-04-2025,high,Mumbai,ads,29,male
C01794,14-08-2025,medium,Ahmedabad,ads,42,female
C01795,05-11-2024,medium,Chennai,organic,43,female
C01796,26-03-2024,medium,Ahmedabad,ads,30,male
C01797,01-04-2024,medium,Ahmedabad,organic,47,female
C01798,21-10-2025,medium,Bhubaneswar,organic,34,female
C01799,03-11-2025,high,Bhubaneswar,ads,21,female
C01800,14-12-2025,medium,Kolkata,organic,18,male
C01801,29-08-2024,medium,Kolkata,ads,47,male
C01802,02-01-2024,medium,Mumbai,referral,31,female
C01803,12-08-2024,medium,Kolkata,organic,22,female
C01804,11-08-2025,medium,Kolkata,ads,18,male
C01805,25-04-2024,high,Hyderabad,ads,31,female
C01806,27-10-2025,medium,Bangalore,organic,39,female
C01807,12-04-2024,high,Mumbai,ads,28,male
C01808,12-07-2024,low,Bhubaneswar,ads,24,male
C01809,14-06-2024,medium,Mumbai,ads,29,male
C01810,30-03-2024,medium,Bhubaneswar,referral,47,female
C01811,16-11-2025,medium,Pune,ads,21,other
C01812,01-05-2024,high,Bangalore,referral,28,female
C01813,22-05-2024,medium,Hyderabad,ads,47,female
C01814,15-04-2024,high,Hyderabad,organic,39,female
C01815,03-03-2025,high,Jaipur,ads,36,male
C01816,31-10-2024,medium,Chennai,organic,28,male
C01817,12-11-2024,medium,Bhubaneswar,ads,35,male
C01818,26-09-2025,low,Chennai,ads,29,female
C01819,09-01-2024,medium,Pune,ads,26,female
C01820,13-03-2024,medium,Hyderabad,organic,24,male
C01821,24-12-2024,medium,Pune,ads,42,male
C01822,10-08-2024,high,Ahmedabad,organic,34,female
C01823,19-02-2025,medium,Bangalore,ads,38,male
C01824,06-07-2025,medium,Jaipur,ads,36,female
C01825,04-01-2025,medium,Pune,referral,39,male
C01826,16-12-2025,medium,Jaipur,organic,32,female
C01827,20-09-2024,low,Bangalore,ads,30,female
C01828,20-11-2025,low,Mumbai,ads,26,male
C01829,13-11-2024,medium,Pune,referral,20,female
C01830,24-03-2024,medium,Kolkata,ads,23,male
C01831,13-11-2024,medium,Delhi,organic,31,male
C01832,20-04-2024,medium,Hyderabad,ads,18,male
C01833,07-09-2024,medium,Hyderabad,ads,21,female
C01834,17-01-2025,medium,Hyderabad,ads,45,male
C01835,07-01-2024,low,Mumbai,referral,37,male
C01836,03-04-2025,medium,Delhi,organic,30,female
C01837,24-03-2024,medium,Bangalore,referral,57,male
C01838,26-07-2024,medium,Mumbai,organic,18,male
C01839,24-01-2025,low,Hyderabad,referral,44,male
C01840,09-11-2024,medium,Hyderabad,referral,33,female
C01841,22-01-2024,medium,Chennai,ads,42,other
C01842,13-02-2025,medium,Jaipur,ads,36,male
C01843,29-05-2025,low,Jaipur,organic,18,female
C01844,06-05-2024,high,Chennai,organic,35,male
C01845,30-11-2025,low,Ahmedabad,organic,38,female
C01846,14-01-2024,medium,Chennai,organic,18,male
C01847,12-01-2024,medium,Jaipur,ads,54,male
C01848,27-03-2024,medium,Hyderabad,organic,38,female
C01849,07-06-2025,medium,Kolkata,referral,41,male
C01850,20-06-2025,high,Jaipur,ads,23,male
C01851,27-10-2024,low,Delhi,ads,41,female
C01852,30-08-2024,medium,Kolkata,ads,45,other
C01853,01-05-2024,medium,Mumbai,organic,37,male
C01854,26-05-2024,high,Jaipur,organic,34,female
C01855,20-07-2025,medium,Bangalore,organic,26,female
C01856,21-12-2024,medium,Pune,ads,32,male
C01857,15-11-2025,medium,Pune,ads,29,female
C01858,22-09-2025,medium,Delhi,organic,40,female
C01859,04-11-2024,medium,Bhubaneswar,referral,26,female
C01860,25-11-2025,low,Pune,organic,40,male
C01861,14-10-2024,medium,Delhi,ads,26,male
C01862,02-11-2024,low,Bhubaneswar,ads,32,female
C01863,16-08-2025,high,Mumbai,ads,41,male
C01864,23-12-2025,medium,Bhubaneswar,referral,27,male
C01865,23-10-2025,medium,Bangalore,ads,41,male
C01866,02-07-2025,medium,Jaipur,ads,40,male
C01867,17-12-2024,low,Pune,organic,32,male
C01868,07-11-2024,high,Hyderabad,referral,46,male
C01869,28-02-2024,high,Chennai,ads,35,male
C01870,04-10-2025,low,Jaipur,organic,46,male
C01871,14-12-2025,medium,Mumbai,ads,52,female
C01872,04-02-2024,medium,Mumbai,organic,32,male
C01873,20-03-2025,medium,Delhi,organic,41,female
C01874,02-04-2024,low,Ahmedabad,referral,28,female
C01875,25-07-2024,high,Bhubaneswar,ads,24,female
C01876,18-12-2024,high,Bhubaneswar,organic,33,female
C01877,27-11-2024,medium,Delhi,ads,21,male
C01878,25-12-2025,low,Chennai,referral,25,male
C01879,07-06-2024,medium,Hyderabad,organic,40,male
C01880,24-01-2024,medium,Mumbai,ads,29,male
C01881,07-02-2025,medium,Jaipur,ads,42,male
C01882,30-05-2025,low,Chennai,organic,37,female
C01883,29-12-2024,low,Hyderabad,ads,53,male
C01884,16-01-2025,low,Ahmedabad,organic,40,other
C01885,15-06-2025,high,Jaipur,ads,46,female
C01886,31-05-2024,high,Delhi,referral,39,female
C01887,15-07-2025,medium,Jaipur,organic,38,male
C01888,19-11-2025,low,Bangalore,referral,46,female
C01889,30-08-2025,medium,Ahmedabad,ads,41,male
C01890,08-09-2025,medium,Delhi,organic,37,male
C01891,23-02-2025,low,Delhi,ads,37,female
C01892,06-09-2024,high,Delhi,organic,40,male
C01893,26-04-2024,medium,Pune,referral,28,male
C01894,26-05-2025,medium,Chennai,ads,27,female
C01895,31-07-2025,medium,Hyderabad,ads,49,male
C01896,30-11-2024,low,Bhubaneswar,ads,53,female
C01897,21-02-2025,medium,Mumbai,ads,25,female
C01898,21-10-2024,medium,Mumbai,referral,28,male
C01899,05-01-2025,medium,Bangalore,ads,46,female
C01900,04-07-2024,medium,Bangalore,referral,40,female
C01901,02-09-2024,medium,Bangalore,ads,41,male
C01902,28-09-2025,medium,Kolkata,organic,43,male
C01903,24-09-2024,high,Bangalore,referral,32,female
C01904,04-10-2025,high,Mumbai,ads,38,female
C01905,24-08-2024,medium,Ahmedabad,ads,37,female
C01906,13-06-2025,medium,Hyderabad,referral,26,male
C01907,05-07-2025,low,Bangalore,organic,38,male
C01908,21-01-2024,low,Ahmedabad,ads,47,female
C01909,03-06-2025,low,Kolkata,organic,31,male
C01910,09-04-2024,medium,Kolkata,ads,36,female
C01911,22-04-2025,medium,Bhubaneswar,referral,37,female
C01912,21-08-2025,medium,Pune,referral,32,male
C01913,24-10-2024,high,Pune,ads,41,female
C01914,09-06-2025,high,Jaipur,ads,28,male
C01915,29-11-2024,medium,Pune,referral,48,other
C01916,02-01-2024,low,Jaipur,ads,41,male
C01917,09-01-2025,high,Chennai,organic,25,male
C01918,19-10-2024,high,Pune,ads,51,female
C01919,06-07-2025,low,Kolkata,referral,36,female
C01920,13-11-2024,medium,Bhubaneswar,referral,27,male
C01921,16-05-2025,low,Ahmedabad,ads,46,male
C01922,15-01-2025,low,Bangalore,referral,39,male
C01923,14-09-2025,low,Pune,organic,18,male
C01924,14-01-2024,medium,Jaipur,organic,29,female
C01925,18-05-2025,medium,Ahmedabad,referral,37,male
C01926,18-08-2024,medium,Delhi,organic,18,female
C01927,24-03-2024,medium,Mumbai,organic,35,female
C01928,09-05-2024,medium,Pune,ads,36,female
C01929,24-05-2024,high,Mumbai,ads,23,female
C01930,28-01-2024,medium,Pune,ads,37,male
C01931,06-03-2024,medium,Delhi,organic,35,male
C01932,11-06-2024,low,Bangalore,referral,23,other
C01933,16-08-2024,low,Chennai,referral,44,female
C01934,17-09-2024,medium,Hyderabad,organic,43,male
C01935,24-03-2025,high,Ahmedabad,ads,32,female
C01936,27-02-2025,low,Ahmedabad,ads,33,female
C01937,04-04-2025,medium,Bangalore,ads,42,female
C01938,06-11-2025,low,Bhubaneswar,organic,32,female
C01939,27-10-2024,low,Kolkata,ads,18,female
C01940,29-10-2024,high,Pune,organic,39,female
C01941,13-10-2024,low,Hyderabad,organic,26,male
C01942,29-01-2025,high,Bhubaneswar,ads,31,other
C01943,10-01-2024,medium,Hyderabad,ads,49,male
C01944,07-12-2025,medium,Kolkata,ads,33,male
C01945,21-09-2025,high,Mumbai,ads,35,female
C01946,26-09-2024,low,Pune,organic,40,female
C01947,14-08-2025,high,Kolkata,ads,40,female
C01948,27-08-2025,high,Ahmedabad,organic,25,male
C01949,26-12-2024,medium,Ahmedabad,ads,34,male
C01950,13-09-2024,low,Pune,ads,35,male
C01951,12-05-2024,low,Chennai,ads,37,male
C01952,02-10-2024,low,Bangalore,ads,37,female
C01953,13-11-2025,medium,Bangalore,ads,60,male
C01954,27-05-2025,medium,Ahmedabad,referral,23,male
C01955,08-11-2024,high,Ahmedabad,ads,44,male
C01956,29-07-2025,high,Kolkata,ads,46,female
C01957,10-10-2024,medium,Delhi,referral,39,male
C01958,30-04-2024,medium,Jaipur,ads,28,female
C01959,16-04-2024,medium,Chennai,ads,51,male
C01960,17-11-2025,low,Bhubaneswar,organic,18,male
C01961,22-07-2024,medium,Jaipur,organic,28,female
C01962,13-06-2024,high,Kolkata,ads,46,female
C01963,31-10-2024,high,Jaipur,ads,31,female
C01964,11-05-2025,low,Jaipur,ads,50,female
C01965,23-09-2025,low,Kolkata,referral,19,female
C01966,09-07-2025,low,Ahmedabad,organic,23,female
C01967,04-06-2024,high,Ahmedabad,ads,29,female
C01968,01-01-2025,low,Pune,ads,39,female
C01969,19-12-2025,medium,Jaipur,ads,32,male
C01970,11-09-2025,high,Bhubaneswar,referral,30,male
C01971,07-09-2024,low,Kolkata,organic,49,female
C01972,29-11-2024,medium,Bhubaneswar,organic,50,other
C01973,03-10-2025,medium,Hyderabad,ads,30,male
C01974,25-05-2025,high,Bangalore,ads,18,male
C01975,19-10-2024,medium,Pune,ads,18,male
C01976,20-01-2024,low,Bangalore,referral,37,female
C01977,08-10-2024,medium,Pune,organic,41,male
C01978,01-01-2024,medium,Chennai,ads,35,female
C01979,28-04-2024,high,Kolkata,ads,34,female
C01980,04-02-2024,medium,Bangalore,referral,26,other
C01981,16-07-2024,medium,Bhubaneswar,referral,41,male
C01982,29-04-2025,medium,Kolkata,ads,51,female
C01983,28-02-2024,medium,Bhubaneswar,ads,18,female
C01984,09-06-2024,high,Jaipur,organic,34,male
C01985,21-11-2025,low,Bangalore,organic,25,male
C01986,24-07-2024,medium,Jaipur,ads,20,female
C01987,12-01-2024,medium,Ahmedabad,ads,23,female
C01988,04-05-2025,medium,Hyderabad,ads,38,male
C01989,02-10-2024,medium,Chennai,ads,39,male
C01990,23-11-2025,low,Chennai,ads,49,male
C01991,29-08-2024,low,Bangalore,ads,35,other
C01992,03-08-2024,medium,Mumbai,organic,18,other
C01993,07-09-2024,low,Hyderabad,organic,32,male
C01994,05-05-2024,medium,Delhi,organic,21,male
C01995,04-08-2024,high,Pune,referral,22,female
C01996,01-11-2024,medium,Chennai,organic,40,female
C01997,03-07-2024,medium,Kolkata,referral,36,other
C01998,08-02-2024,medium,Ahmedabad,organic,40,female
C01999,10-08-2024,low,Jaipur,ads,31,male
C02000,02-07-2024,medium,Delhi,referral,42,female
C02001,09-05-2025,low,Kolkata,ads,30,male
C02002,02-03-2025,low,Bangalore,organic,46,female
C02003,26-06-2024,medium,Hyderabad,organic,38,female
C02004,03-03-2025,medium,Chennai,referral,32,female
C02005,20-10-2024,medium,Pune,ads,37,other
C02006,30-05-2024,low,Delhi,ads,34,male
C02007,18-01-2025,medium,Chennai,ads,50,male
C02008,29-09-2025,high,Mumbai,organic,37,female
C02009,03-11-2024,medium,Mumbai,organic,34,female
C02010,01-12-2024,medium,Mumbai,ads,32,female
C02011,09-01-2025,high,Ahmedabad,ads,43,other
C02012,08-01-2024,high,Jaipur,organic,42,female
C02013,06-12-2024,medium,Bangalore,ads,32,male
C02014,08-05-2024,medium,Kolkata,referral,23,male
C02015,30-10-2025,medium,Chennai,referral,25,male
C02016,17-12-2024,medium,Kolkata,organic,33,female
C02017,23-12-2024,high,Kolkata,organic,48,female
C02018,31-05-2025,medium,Chennai,referral,32,male
C02019,09-05-2025,medium,Jaipur,organic,29,female
C02020,26-03-2024,medium,Ahmedabad,organic,18,male
C02021,23-06-2024,medium,Ahmedabad,referral,50,male
C02022,11-07-2024,medium,Hyderabad,organic,40,female
C02023,06-11-2024,high,Bangalore,ads,42,male
C02024,28-04-2024,high,Hyderabad,ads,44,female
C02025,05-08-2024,high,Jaipur,referral,33,male
C02026,02-03-2025,low,Kolkata,organic,35,male
C02027,17-02-2025,low,Bangalore,referral,49,female
C02028,23-04-2024,low,Hyderabad,ads,36,other
C02029,24-05-2024,low,Hyderabad,ads,40,female
C02030,21-06-2025,medium,Mumbai,organic,43,male
C02031,09-10-2025,medium,Ahmedabad,organic,41,male
C02032,29-10-2024,medium,Bhubaneswar,ads,33,male
C02033,10-08-2025,high,Hyderabad,ads,34,male
C02034,10-12-2024,medium,Delhi,referral,42,female
C02035,01-01-2024,low,Mumbai,ads,42,male
C02036,26-05-2024,medium,Kolkata,ads,46,female
C02037,13-10-2024,medium,Pune,ads,40,female
C02038,15-10-2025,medium,Ahmedabad,ads,40,female
C02039,22-02-2024,medium,Jaipur,ads,30,male
C02040,30-10-2024,medium,Chennai,organic,29,male
C02041,09-03-2024,low,Jaipur,referral,42,male
C02042,26-12-2024,medium,Mumbai,ads,29,male
C02043,24-08-2025,low,Delhi,ads,34,male
C02044,07-08-2024,medium,Jaipur,ads,48,female
C02045,04-12-2025,low,Delhi,ads,47,male
C02046,28-07-2025,medium,Chennai,organic,38,male
C02047,07-08-2025,medium,Pune,organic,32,male
C02048,09-06-2024,medium,Ahmedabad,referral,33,other
C02049,11-11-2025,low,Ahmedabad,organic,43,female
C02050,29-03-2024,low,Bhubaneswar,ads,34,female
C02051,18-11-2025,high,Delhi,organic,29,male
C02052,07-08-2025,high,Chennai,organic,47,female
C02053,11-08-2025,low,Hyderabad,organic,36,male
C02054,07-06-2024,medium,Hyderabad,ads,29,male
C02055,03-05-2025,medium,Kolkata,ads,39,female
C02056,19-11-2024,medium,Delhi,organic,44,female
C02057,01-09-2025,high,Bangalore,organic,24,other
C02058,15-01-2025,low,Jaipur,referral,32,female
C02059,11-04-2024,low,Kolkata,ads,32,male
C02060,08-05-2025,medium,Kolkata,referral,39,male
C02061,05-10-2025,medium,Kolkata,referral,41,male
C02062,05-09-2025,low,Chennai,referral,29,male
C02063,19-01-2024,high,Ahmedabad,referral,20,female
C02064,29-03-2025,low,Kolkata,organic,45,female
C02065,26-04-2025,medium,Ahmedabad,referral,23,female
C02066,16-08-2025,medium,Ahmedabad,referral,37,female
C02067,31-01-2025,low,Delhi,referral,33,female
C02068,05-10-2024,medium,Chennai,organic,36,male
C02069,30-12-2024,medium,Ahmedabad,referral,51,male
C02070,26-11-2024,medium,Kolkata,ads,65,female
C02071,02-10-2025,medium,Chennai,ads,18,other
C02072,09-12-2024,medium,Kolkata,organic,44,male
C02073,30-03-2025,low,Mumbai,organic,33,female
C02074,23-08-2025,low,Jaipur,referral,45,female
C02075,25-12-2025,medium,Mumbai,ads,44,female
C02076,16-10-2025,medium,Mumbai,organic,49,male
C02077,05-03-2024,high,Delhi,referral,37,female
C02078,16-03-2024,high,Bangalore,organic,26,male
C02079,11-12-2025,medium,Jaipur,ads,44,female
C02080,22-05-2024,low,Delhi,organic,36,male
C02081,27-08-2025,medium,Kolkata,organic,32,female
C02082,17-04-2025,low,Delhi,organic,30,female
C02083,20-02-2025,high,Kolkata,organic,45,male
C02084,31-10-2024,medium,Bangalore,organic,51,female
C02085,11-05-2025,medium,Ahmedabad,ads,23,female
C02086,17-10-2024,medium,Delhi,referral,41,female
C02087,11-04-2024,high,Bhubaneswar,ads,31,male
C02088,23-09-2024,low,Ahmedabad,organic,20,male
C02089,13-09-2025,medium,Pune,organic,36,male
C02090,03-01-2024,low,Delhi,referral,26,male
C02091,25-03-2024,medium,Kolkata,referral,19,female
C02092,23-11-2024,low,Jaipur,organic,27,male
C02093,25-03-2025,medium,Delhi,organic,24,male
C02094,29-03-2025,low,Kolkata,ads,28,male
C02095,20-09-2025,high,Bangalore,ads,21,male
C02096,08-08-2024,low,Mumbai,ads,31,other
C02097,02-06-2024,low,Delhi,ads,27,other
C02098,26-10-2025,high,Hyderabad,ads,38,female
C02099,12-01-2024,high,Pune,referral,40,male
C02100,12-05-2024,medium,Hyderabad,organic,37,female
C02101,30-10-2024,low,Ahmedabad,referral,32,female
C02102,19-10-2024,medium,Ahmedabad,organic,32,female
C02103,26-10-2024,medium,Mumbai,ads,26,female
C02104,12-02-2024,high,Mumbai,ads,26,male
C02105,08-12-2024,high,Ahmedabad,ads,42,male
C02106,21-11-2024,low,Delhi,ads,18,female
C02107,12-05-2025,high,Chennai,organic,34,female
C02108,29-12-2024,medium,Delhi,organic,31,male
C02109,02-03-2025,low,Pune,ads,40,male
C02110,21-01-2024,medium,Ahmedabad,ads,20,female
C02111,10-02-2025,medium,Hyderabad,organic,35,female
C02112,10-09-2025,high,Mumbai,referral,38,female
C02113,01-12-2024,medium,Hyderabad,organic,18,female
C02114,26-04-2024,high,Ahmedabad,ads,24,male
C02115,03-05-2024,low,Bangalore,organic,34,male
C02116,02-02-2025,medium,Ahmedabad,ads,40,female
C02117,15-12-2025,medium,Bhubaneswar,organic,36,female
C02118,20-02-2024,medium,Pune,ads,40,male
C02119,19-11-2024,high,Bhubaneswar,organic,24,male
C02120,20-05-2024,low,Jaipur,organic,19,female
C02121,14-04-2025,medium,Hyderabad,ads,35,male
C02122,29-11-2024,medium,Bangalore,ads,22,female
C02123,07-01-2025,high,Pune,organic,26,female
C02124,17-07-2025,medium,Kolkata,organic,44,female
C02125,08-05-2025,high,Jaipur,referral,36,female
C02126,22-06-2025,medium,Chennai,organic,29,male
C02127,30-10-2025,medium,Bhubaneswar,referral,28,female
C02128,04-06-2024,low,Pune,ads,41,male
C02129,17-10-2024,medium,Pune,organic,37,female
C02130,09-10-2025,low,Bhubaneswar,ads,22,female
C02131,23-05-2024,low,Jaipur,referral,18,male
C02132,15-04-2024,high,Bangalore,organic,53,male
C02133,23-02-2025,medium,Bangalore,ads,22,male
C02134,31-10-2025,high,Mumbai,ads,40,female
C02135,19-10-2025,medium,Delhi,referral,50,male
C02136,02-01-2024,low,Jaipur,ads,36,female
C02137,11-08-2025,medium,Hyderabad,organic,28,female
C02138,05-10-2025,medium,Hyderabad,organic,20,female
C02139,30-03-2024,medium,Jaipur,organic,20,female
C02140,10-12-2024,medium,Bhubaneswar,organic,38,male
C02141,15-12-2024,high,Hyderabad,organic,49,female
C02142,03-04-2025,low,Hyderabad,ads,31,male
C02143,19-09-2024,medium,Delhi,organic,29,male
C02144,16-12-2024,low,Pune,organic,41,male
C02145,17-04-2024,medium,Pune,ads,28,female
C02146,08-08-2025,medium,Jaipur,organic,37,male
C02147,08-02-2024,medium,Ahmedabad,organic,35,female
C02148,07-06-2024,high,Pune,organic,30,male
C02149,05-08-2025,medium,Bhubaneswar,organic,34,female
C02150,07-11-2024,low,Kolkata,referral,52,female
C02151,28-08-2024,low,Ahmedabad,ads,41,female
C02152,20-03-2025,medium,Delhi,organic,45,female
C02153,24-10-2024,medium,Bhubaneswar,organic,25,female
C02154,05-02-2024,high,Bangalore,organic,45,male
C02155,24-03-2024,low,Delhi,ads,41,male
C02156,27-03-2025,high,Mumbai,ads,20,female
C02157,19-01-2025,low,Hyderabad,ads,40,male
C02158,20-06-2024,medium,Chennai,organic,29,male
C02159,10-01-2025,medium,Bangalore,organic,19,male
C02160,15-11-2025,low,Ahmedabad,ads,36,female
C02161,27-12-2024,high,Bhubaneswar,referral,40,male
C02162,12-07-2025,medium,Bangalore,referral,36,male
C02163,20-05-2024,medium,Mumbai,organic,33,male
C02164,27-04-2024,medium,Bhubaneswar,ads,31,female
C02165,03-10-2024,medium,Chennai,ads,59,female
C02166,26-12-2025,medium,Ahmedabad,referral,23,female
C02167,07-08-2024,low,Delhi,organic,43,male
C02168,26-01-2024,high,Jaipur,ads,35,female
C02169,04-06-2025,low,Bangalore,organic,26,male
C02170,10-01-2024,high,Chennai,ads,34,female
C02171,12-01-2025,medium,Mumbai,organic,21,female
C02172,24-09-2025,medium,Bangalore,ads,29,other
C02173,28-09-2025,high,Kolkata,referral,34,female
C02174,12-11-2025,high,Kolkata,organic,19,female
C02175,06-08-2025,low,Ahmedabad,ads,40,female
C02176,31-05-2024,medium,Delhi,organic,25,male
C02177,20-12-2025,high,Ahmedabad,ads,20,male
C02178,18-02-2024,high,Ahmedabad,organic,24,female
C02179,02-06-2024,low,Hyderabad,organic,56,female
C02180,19-10-2024,low,Delhi,referral,18,male
C02181,02-08-2025,medium,Hyderabad,organic,39,female
C02182,19-02-2024,high,Bhubaneswar,ads,27,male
C02183,25-10-2025,medium,Chennai,referral,31,male
C02184,14-06-2025,high,Chennai,referral,41,male
C02185,03-09-2025,high,Delhi,ads,40,other
C02186,29-02-2024,medium,Delhi,organic,28,female
C02187,15-06-2024,medium,Bhubaneswar,referral,21,female
C02188,20-07-2024,medium,Chennai,organic,41,female
C02189,25-05-2024,medium,Bhubaneswar,referral,40,female
C02190,06-11-2025,low,Jaipur,ads,32,female
C02191,14-03-2025,low,Mumbai,ads,39,male
C02192,29-08-2024,medium,Kolkata,organic,30,female
C02193,03-08-2025,medium,Jaipur,ads,26,male
C02194,17-11-2025,medium,Ahmedabad,referral,35,other
C02195,14-07-2025,medium,Bangalore,referral,40,other
C02196,27-04-2025,low,Hyderabad,organic,38,female
C02197,17-04-2024,medium,Pune,referral,40,male
C02198,13-08-2024,low,Bangalore,organic,27,female
C02199,03-11-2025,low,Delhi,ads,50,male
C02200,22-09-2025,medium,Mumbai,ads,31,male
C02201,22-10-2025,medium,Jaipur,organic,33,female
C02202,23-10-2025,high,Pune,organic,21,male
C02203,07-03-2025,medium,Pune,ads,33,other
C02204,16-10-2025,medium,Delhi,organic,40,male
C02205,22-02-2025,medium,Jaipur,organic,42,female
C02206,30-03-2025,low,Pune,ads,50,female
C02207,08-06-2024,high,Jaipur,referral,40,male
C02208,06-06-2025,medium,Hyderabad,ads,37,male
C02209,11-10-2025,medium,Hyderabad,organic,30,other
C02210,12-08-2025,medium,Pune,organic,28,female
C02211,17-03-2024,medium,Pune,ads,44,male
C02212,23-05-2025,low,Delhi,ads,44,male
C02213,16-03-2025,medium,Jaipur,ads,24,female
C02214,10-09-2024,medium,Chennai,referral,42,male
C02215,15-11-2024,high,Bhubaneswar,ads,41,male
C02216,19-09-2024,medium,Bhubaneswar,organic,23,female
C02217,19-08-2025,low,Bangalore,referral,40,female
C02218,19-10-2025,medium,Bangalore,ads,24,female
C02219,07-07-2025,low,Pune,ads,18,female
C02220,08-01-2025,medium,Kolkata,referral,33,female
C02221,28-09-2025,high,Hyderabad,referral,37,female
C02222,15-06-2024,high,Ahmedabad,ads,33,male
C02223,03-04-2025,medium,Jaipur,organic,63,male
C02224,06-10-2024,medium,Mumbai,referral,38,male
C02225,30-11-2025,low,Mumbai,ads,36,male
C02226,28-10-2024,medium,Hyderabad,ads,39,other
C02227,14-06-2025,medium,Bangalore,ads,30,other
C02228,02-08-2025,medium,Delhi,ads,44,female
C02229,05-08-2024,medium,Mumbai,referral,38,female
C02230,11-04-2024,medium,Pune,ads,38,female
C02231,07-07-2025,high,Kolkata,referral,28,female
C02232,14-10-2024,high,Mumbai,referral,19,male
C02233,15-06-2024,high,Bhubaneswar,referral,29,female
C02234,12-09-2025,high,Kolkata,ads,37,female
C02235,05-02-2024,high,Kolkata,referral,30,male
C02236,18-12-2024,medium,Mumbai,organic,37,male
C02237,06-11-2025,medium,Delhi,organic,32,male
C02238,13-03-2024,low,Delhi,referral,39,female
C02239,09-10-2025,high,Bangalore,ads,25,male
C02240,18-12-2024,medium,Hyderabad,organic,36,female
C02241,10-03-2024,medium,Pune,organic,28,male
C02242,28-02-2025,high,Ahmedabad,organic,19,male
C02243,08-12-2025,low,Chennai,ads,33,female
C02244,14-07-2025,high,Ahmedabad,ads,50,female
C02245,03-10-2025,low,Bhubaneswar,organic,20,male
C02246,31-05-2025,low,Delhi,referral,36,female
C02247,03-03-2025,medium,Bangalore,organic,42,male
C02248,22-06-2025,medium,Bhubaneswar,ads,58,female
C02249,08-06-2024,medium,Ahmedabad,ads,30,female
C02250,28-05-2024,medium,Kolkata,ads,28,male
C02251,17-08-2024,medium,Hyderabad,organic,23,female
C02252,12-12-2025,high,Kolkata,organic,46,male
C02253,15-07-2025,high,Ahmedabad,referral,26,male
C02254,07-03-2024,medium,Mumbai,organic,31,male
C02255,15-01-2025,medium,Hyderabad,referral,18,male
C02256,27-02-2024,low,Bangalore,ads,43,female
C02257,15-09-2024,high,Jaipur,ads,46,female
C02258,07-12-2024,low,Kolkata,ads,43,female
C02259,09-05-2024,medium,Mumbai,organic,18,male
C02260,27-12-2025,medium,Bhubaneswar,ads,41,female
C02261,20-06-2024,medium,Jaipur,referral,18,male
C02262,05-09-2025,medium,Bhubaneswar,organic,35,female
C02263,27-07-2024,high,Delhi,ads,37,female
C02264,19-12-2024,medium,Jaipur,ads,38,male
C02265,15-04-2025,low,Hyderabad,ads,40,other
C02266,25-04-2024,medium,Delhi,organic,34,female
C02267,20-09-2024,medium,Hyderabad,ads,18,female
C02268,23-10-2025,low,Pune,referral,40,female
C02269,17-03-2025,low,Mumbai,organic,35,female
C02270,01-07-2025,medium,Ahmedabad,ads,25,other
C02271,28-03-2025,medium,Bhubaneswar,ads,19,female
C02272,21-04-2025,low,Ahmedabad,ads,50,male
C02273,13-10-2024,medium,Jaipur,ads,47,female
C02274,29-10-2024,medium,Kolkata,ads,42,male
C02275,06-11-2024,medium,Kolkata,organic,28,other
C02276,26-07-2024,low,Bhubaneswar,referral,18,female
C02277,09-09-2025,high,Delhi,referral,42,female
C02278,21-03-2025,low,Bhubaneswar,organic,38,female
C02279,31-10-2025,high,Pune,ads,31,female
C02280,24-09-2025,low,Pune,ads,46,male
C02281,24-02-2024,medium,Ahmedabad,referral,43,female
C02282,12-01-2024,medium,Jaipur,referral,36,female
C02283,18-10-2025,low,Pune,referral,35,female
C02284,03-02-2025,medium,Mumbai,organic,35,male
C02285,09-10-2025,medium,Delhi,referral,41,female
C02286,29-05-2025,high,Delhi,referral,26,male
C02287,17-10-2025,high,Pune,organic,39,male
C02288,25-06-2025,medium,Chennai,organic,25,male
C02289,24-08-2024,medium,Kolkata,ads,48,male
C02290,05-10-2024,high,Chennai,ads,40,male
C02291,13-12-2024,high,Jaipur,organic,28,female
C02292,18-09-2025,medium,Jaipur,organic,35,female
C02293,13-04-2024,medium,Hyderabad,organic,26,male
C02294,21-09-2025,low,Jaipur,ads,50,female
C02295,31-05-2025,high,Hyderabad,organic,51,female
C02296,04-09-2024,high,Delhi,ads,41,male
C02297,29-12-2024,low,Mumbai,organic,50,male
C02298,16-11-2024,medium,Bangalore,referral,36,female
C02299,24-09-2025,low,Kolkata,referral,42,male
C02300,12-10-2024,low,Hyderabad,referral,47,male
C02301,28-05-2024,low,Ahmedabad,ads,34,other
C02302,24-03-2024,high,Mumbai,organic,35,female
C02303,09-02-2025,low,Bhubaneswar,ads,44,male
C02304,31-03-2025,low,Ahmedabad,organic,41,female
C02305,09-06-2024,medium,Mumbai,referral,27,female
C02306,04-04-2025,medium,Ahmedabad,organic,18,female
C02307,03-07-2025,medium,Pune,ads,33,male
C02308,14-05-2025,high,Ahmedabad,ads,18,female
C02309,23-05-2025,medium,Hyderabad,referral,25,female
C02310,15-10-2025,medium,Mumbai,ads,26,male
C02311,25-04-2025,medium,Bhubaneswar,ads,29,female
C02312,24-10-2025,medium,Jaipur,ads,43,male
C02313,23-04-2024,medium,Ahmedabad,ads,45,male
C02314,31-07-2025,medium,Bhubaneswar,organic,40,female
C02315,26-12-2024,low,Mumbai,referral,41,male
C02316,06-12-2024,high,Bhubaneswar,ads,41,male
C02317,24-03-2025,medium,Bangalore,organic,18,female
C02318,28-06-2024,high,Bangalore,referral,35,male
C02319,02-12-2025,medium,Ahmedabad,ads,18,female
C02320,10-02-2025,low,Ahmedabad,referral,40,male
C02321,27-10-2025,low,Ahmedabad,referral,18,male
C02322,14-07-2024,medium,Kolkata,referral,33,male
C02323,10-04-2025,low,Pune,organic,40,female
C02324,06-11-2024,high,Bhubaneswar,organic,23,male
C02325,18-09-2024,medium,Chennai,referral,44,male
C02326,22-02-2025,high,Delhi,referral,40,female
C02327,09-02-2025,low,Ahmedabad,ads,38,female
C02328,22-05-2024,medium,Hyderabad,ads,41,female
C02329,07-12-2024,medium,Bangalore,organic,31,male
C02330,11-11-2024,low,Bangalore,referral,36,female
C02331,10-04-2024,high,Jaipur,organic,35,female
C02332,31-08-2024,high,Delhi,organic,34,female
C02333,04-05-2025,low,Bhubaneswar,ads,28,female
C02334,12-01-2024,medium,Mumbai,organic,22,female
C02335,26-08-2024,high,Delhi,referral,31,female
C02336,14-07-2025,medium,Pune,organic,31,male
C02337,11-02-2024,medium,Ahmedabad,organic,27,female
C02338,08-11-2025,high,Hyderabad,ads,43,female
C02339,16-08-2025,medium,Bhubaneswar,ads,23,female
C02340,04-03-2025,high,Bhubaneswar,organic,33,female
C02341,06-06-2024,medium,Ahmedabad,ads,46,female
C02342,03-08-2024,low,Pune,ads,44,female
C02343,31-10-2025,low,Ahmedabad,referral,47,male
C02344,06-04-2025,medium,Ahmedabad,organic,29,female
C02345,13-05-2024,high,Delhi,referral,42,male
C02346,07-03-2024,low,Hyderabad,ads,24,other
C02347,07-01-2024,medium,Bhubaneswar,organic,32,female
C02348,09-06-2025,high,Jaipur,organic,33,female
C02349,13-03-2024,low,Ahmedabad,ads,29,male
C02350,02-02-2025,low,Kolkata,organic,31,male
C02351,08-02-2025,low,Mumbai,organic,30,female
C02352,05-11-2025,low,Ahmedabad,organic,25,male
C02353,31-07-2025,medium,Ahmedabad,ads,43,male
C02354,09-05-2024,medium,Bhubaneswar,ads,33,female
C02355,10-04-2025,medium,Bangalore,organic,37,male
C02356,24-07-2024,medium,Chennai,ads,36,male
C02357,22-09-2024,medium,Mumbai,ads,35,female
C02358,20-06-2025,low,Bangalore,organic,35,female
C02359,09-09-2024,low,Delhi,referral,31,female
C02360,15-10-2024,medium,Kolkata,ads,49,other
C02361,12-06-2024,low,Chennai,referral,42,female
C02362,04-04-2024,low,Mumbai,organic,35,male
C02363,19-04-2024,medium,Bangalore,referral,30,female
C02364,01-12-2024,medium,Hyderabad,ads,33,male
C02365,25-08-2024,medium,Hyderabad,ads,39,male
C02366,15-01-2025,medium,Pune,ads,49,male
C02367,11-03-2025,high,Ahmedabad,organic,21,female
C02368,27-04-2025,medium,Kolkata,referral,41,female
C02369,25-01-2024,medium,Chennai,ads,46,male
C02370,14-10-2025,medium,Mumbai,organic,20,male
C02371,26-04-2024,low,Hyderabad,organic,33,female
C02372,26-04-2025,high,Kolkata,organic,24,male
C02373,26-01-2025,low,Chennai,ads,39,female
C02374,20-06-2025,medium,Pune,ads,31,male
C02375,19-03-2024,high,Hyderabad,ads,33,male
C02376,02-08-2025,low,Bhubaneswar,organic,30,male
C02377,21-06-2024,medium,Hyderabad,ads,42,male
C02378,12-01-2024,medium,Jaipur,ads,37,female
C02379,07-05-2024,low,Bhubaneswar,organic,37,female
C02380,30-08-2025,medium,Kolkata,organic,36,female
C02381,01-04-2024,medium,Pune,organic,40,female
C02382,14-10-2025,high,Bangalore,referral,32,female
C02383,26-06-2025,low,Delhi,ads,52,male
C02384,15-06-2025,medium,Ahmedabad,referral,22,female
C02385,19-10-2025,medium,Ahmedabad,organic,18,female
C02386,22-03-2025,medium,Hyderabad,referral,18,male
C02387,24-01-2025,medium,Mumbai,ads,18,male
C02388,02-11-2025,low,Bhubaneswar,ads,41,other
C02389,12-02-2024,medium,Jaipur,organic,40,female
C02390,10-09-2024,medium,Hyderabad,ads,47,male
C02391,09-05-2024,medium,Pune,referral,24,male
C02392,29-02-2024,low,Delhi,organic,42,male
C02393,24-10-2025,medium,Bangalore,organic,35,male
C02394,11-04-2025,low,Delhi,ads,36,male
C02395,13-10-2024,low,Jaipur,referral,41,male
C02396,31-05-2025,medium,Delhi,ads,27,male
C02397,11-04-2025,medium,Delhi,organic,60,female
C02398,10-12-2024,medium,Kolkata,ads,48,male
C02399,03-10-2025,low,Pune,organic,29,male
C02400,16-01-2025,medium,Pune,referral,24,male
C02401,20-11-2025,medium,Chennai,ads,34,male
C02402,09-09-2024,low,Hyderabad,ads,36,male
C02403,25-02-2024,medium,Mumbai,organic,45,female
C02404,07-04-2025,medium,Chennai,referral,23,male
C02405,01-04-2025,medium,Pune,ads,37,male
C02406,23-03-2024,high,Ahmedabad,referral,19,female
C02407,08-04-2024,low,Hyderabad,ads,39,female
C02408,28-05-2024,high,Jaipur,referral,33,male
C02409,24-11-2024,medium,Kolkata,referral,54,male
C02410,04-06-2024,low,Bangalore,organic,19,other
C02411,08-07-2024,medium,Ahmedabad,referral,48,other
C02412,08-05-2025,low,Pune,organic,18,male
C02413,19-09-2024,low,Hyderabad,ads,21,male
C02414,20-03-2024,medium,Pune,referral,18,female
C02415,03-02-2025,high,Bhubaneswar,organic,37,female
C02416,31-08-2025,low,Chennai,ads,23,male
C02417,16-09-2024,medium,Bangalore,ads,21,female
C02418,06-09-2025,high,Bangalore,ads,37,male
C02419,05-07-2025,low,Mumbai,referral,39,male
C02420,10-04-2024,high,Bhubaneswar,ads,35,female
C02421,24-12-2024,low,Delhi,referral,33,female
C02422,14-01-2025,high,Bhubaneswar,organic,53,male
C02423,08-08-2024,high,Bangalore,organic,36,female
C02424,23-02-2025,high,Ahmedabad,ads,43,male
C02425,03-05-2024,low,Mumbai,ads,36,male
C02426,25-02-2025,medium,Jaipur,organic,24,female
C02427,18-08-2024,low,Ahmedabad,ads,40,male
C02428,20-11-2025,medium,Hyderabad,organic,28,female
C02429,03-03-2024,medium,Delhi,ads,34,male
C02430,29-04-2025,medium,Chennai,organic,38,male
C02431,19-09-2025,medium,Jaipur,ads,18,female
C02432,03-12-2025,medium,Ahmedabad,ads,18,male
C02433,27-07-2025,medium,Hyderabad,referral,44,male
C02434,27-04-2025,medium,Pune,ads,28,female
C02435,02-06-2025,low,Kolkata,ads,28,male
C02436,03-06-2024,high,Delhi,referral,36,male
C02437,01-04-2024,low,Chennai,ads,31,female
C02438,09-06-2025,high,Mumbai,organic,39,male
C02439,30-03-2025,medium,Bhubaneswar,referral,34,female
C02440,20-08-2025,medium,Kolkata,ads,36,female
C02441,06-10-2025,medium,Delhi,ads,27,male
C02442,24-05-2025,medium,Jaipur,ads,36,male
C02443,01-07-2024,medium,Pune,referral,46,female
C02444,20-01-2025,medium,Mumbai,referral,29,male
C02445,27-07-2025,low,Bangalore,referral,44,female
C02446,31-12-2025,medium,Ahmedabad,organic,34,male
C02447,08-02-2025,low,Ahmedabad,ads,42,male
C02448,02-09-2024,medium,Mumbai,organic,36,male
C02449,13-08-2025,medium,Bangalore,organic,34,female
C02450,22-10-2025,medium,Ahmedabad,referral,38,male
C02451,11-10-2025,medium,Delhi,organic,47,female
C02452,15-04-2025,medium,Mumbai,ads,37,female
C02453,26-02-2025,medium,Mumbai,ads,39,male
C02454,05-03-2024,high,Jaipur,ads,31,male
C02455,13-01-2024,medium,Bangalore,organic,50,male
C02456,31-07-2024,high,Jaipur,organic,41,female
C02457,29-08-2024,medium,Bangalore,ads,35,female
C02458,07-05-2025,medium,Jaipur,organic,33,male
C02459,31-07-2024,low,Mumbai,referral,44,male
C02460,23-11-2025,low,Bhubaneswar,referral,28,male
C02461,03-12-2024,high,Bhubaneswar,ads,18,male
C02462,21-06-2024,low,Bhubaneswar,referral,35,female
C02463,02-11-2025,low,Mumbai,organic,46,male
C02464,12-06-2024,medium,Ahmedabad,ads,50,male
C02465,09-04-2025,medium,Pune,organic,33,female
C02466,11-05-2025,low,Chennai,ads,35,male
C02467,30-11-2025,medium,Pune,ads,40,male
C02468,29-01-2025,low,Bhubaneswar,organic,32,male
C02469,03-12-2025,high,Ahmedabad,organic,40,female
C02470,03-11-2024,high,Mumbai,ads,34,male
C02471,01-07-2024,medium,Hyderabad,ads,45,male
C02472,20-09-2025,medium,Ahmedabad,organic,42,male
C02473,24-05-2025,low,Hyderabad,ads,43,male
C02474,08-12-2025,low,Mumbai,ads,32,male
C02475,29-06-2025,medium,Delhi,ads,54,male
C02476,17-07-2025,high,Bangalore,ads,39,male
C02477,15-09-2025,low,Chennai,organic,37,male
C02478,16-08-2025,medium,Pune,ads,27,male
C02479,14-08-2024,high,Jaipur,referral,34,female
C02480,11-03-2025,medium,Jaipur,ads,36,female
C02481,25-02-2025,low,Bangalore,ads,27,male
C02482,07-07-2025,low,Ahmedabad,ads,32,male
C02483,21-01-2024,medium,Jaipur,organic,33,male
C02484,07-07-2025,medium,Kolkata,ads,35,male
C02485,31-01-2025,low,Jaipur,referral,18,male
C02486,16-09-2025,medium,Mumbai,organic,33,male
C02487,14-04-2024,medium,Bangalore,referral,31,male
C02488,10-07-2024,medium,Chennai,organic,34,female
C02489,17-01-2024,low,Bangalore,ads,45,male
C02490,29-04-2024,medium,Chennai,referral,55,female
C02491,27-01-2025,high,Kolkata,referral,41,female
C02492,28-02-2025,medium,Jaipur,referral,22,female
C02493,08-05-2024,medium,Bangalore,referral,31,female
C02494,09-05-2024,medium,Hyderabad,ads,40,male
C02495,25-07-2025,high,Bhubaneswar,ads,39,male
C02496,13-07-2025,medium,Kolkata,organic,44,male
C02497,29-01-2024,medium,Ahmedabad,organic,34,male
C02498,06-04-2024,high,Hyderabad,ads,31,male
C02499,10-01-2024,high,Chennai,ads,52,female
C02500,29-08-2024,low,Bangalore,ads,35,male
C02501,19-08-2024,low,Chennai,referral,24,male
C02502,10-10-2024,medium,Chennai,ads,49,female
C02503,15-12-2025,low,Kolkata,organic,20,male
C02504,26-12-2025,medium,Hyderabad,ads,18,male
C02505,18-07-2024,low,Bangalore,ads,42,male
C02506,19-03-2024,medium,Jaipur,ads,44,female
C02507,21-06-2024,medium,Delhi,referral,39,female
C02508,11-04-2025,high,Pune,ads,21,female
C02509,03-08-2025,medium,Pune,referral,34,male
C02510,19-02-2025,low,Kolkata,ads,32,female
C02511,24-03-2025,medium,Ahmedabad,ads,29,male
C02512,27-03-2024,medium,Mumbai,ads,49,female
C02513,10-04-2024,high,Delhi,organic,24,female
C02514,08-01-2024,low,Bangalore,organic,38,female
C02515,18-07-2024,medium,Pune,organic,46,female
C02516,19-05-2025,medium,Ahmedabad,ads,38,male
C02517,27-03-2024,low,Mumbai,organic,47,male
C02518,12-02-2024,high,Hyderabad,referral,40,female
C02519,19-01-2025,medium,Bangalore,ads,39,male
C02520,12-09-2025,low,Chennai,ads,38,female
C02521,10-03-2025,medium,Ahmedabad,organic,41,female
C02522,11-02-2025,medium,Bangalore,organic,31,male
C02523,27-04-2025,medium,Delhi,organic,21,female
C02524,25-10-2025,low,Chennai,ads,44,male
C02525,17-01-2024,high,Delhi,ads,46,male
C02526,06-10-2025,low,Bhubaneswar,ads,37,male
C02527,27-05-2024,low,Pune,ads,29,male
C02528,03-10-2024,high,Mumbai,ads,19,female
C02529,19-08-2024,low,Ahmedabad,organic,35,male
C02530,31-12-2024,medium,Chennai,ads,21,female
C02531,15-08-2024,medium,Pune,ads,20,male
C02532,12-10-2025,low,Kolkata,ads,34,female
C02533,11-03-2025,low,Delhi,organic,27,female
C02534,02-02-2025,high,Bhubaneswar,ads,38,male
C02535,29-07-2024,medium,Delhi,organic,33,female
C02536,25-01-2025,medium,Bangalore,referral,28,female
C02537,13-05-2025,medium,Hyderabad,ads,18,female
C02538,23-06-2025,medium,Bhubaneswar,referral,26,female
C02539,16-07-2025,high,Bhubaneswar,ads,26,female
C02540,05-05-2025,medium,Mumbai,organic,22,female
C02541,17-03-2025,medium,Ahmedabad,ads,31,male
C02542,17-09-2024,high,Kolkata,organic,23,male
C02543,15-12-2024,low,Kolkata,referral,33,other
C02544,17-12-2024,low,Mumbai,referral,37,male
C02545,03-06-2025,medium,Delhi,ads,26,male
C02546,15-11-2024,medium,Jaipur,ads,39,male
C02547,17-05-2024,medium,Pune,ads,21,male
C02548,03-07-2025,medium,Jaipur,referral,23,male
C02549,14-09-2025,medium,Bangalore,organic,33,female
C02550,02-01-2025,low,Kolkata,ads,41,other
C02551,07-08-2024,high,Ahmedabad,ads,43,male
C02552,02-12-2024,high,Hyderabad,referral,51,female
C02553,10-08-2024,high,Delhi,referral,31,male
C02554,09-10-2025,high,Ahmedabad,referral,33,male
C02555,25-12-2024,high,Ahmedabad,ads,24,female
C02556,24-11-2024,low,Chennai,organic,22,female
C02557,07-04-2025,medium,Bhubaneswar,ads,37,male
C02558,14-07-2025,high,Pune,ads,27,male
C02559,16-01-2025,medium,Bhubaneswar,ads,47,male
C02560,12-08-2025,low,Ahmedabad,organic,20,female
C02561,08-09-2025,medium,Mumbai,ads,39,male
C02562,17-06-2024,medium,Jaipur,organic,24,male
C02563,04-08-2024,low,Chennai,referral,26,female
C02564,12-01-2025,medium,Bhubaneswar,organic,40,female
C02565,28-04-2024,medium,Bangalore,ads,28,female
C02566,08-07-2024,medium,Hyderabad,organic,29,female
C02567,04-01-2025,medium,Hyderabad,organic,26,male
C02568,28-05-2024,medium,Pune,referral,52,female
C02569,06-11-2025,medium,Bangalore,organic,28,male
C02570,13-10-2025,medium,Bhubaneswar,organic,35,other
C02571,02-05-2025,medium,Bhubaneswar,organic,32,male
C02572,08-01-2025,high,Ahmedabad,ads,37,female
C02573,23-11-2025,high,Bhubaneswar,ads,28,male
C02574,08-06-2024,medium,Bangalore,organic,32,male
C02575,16-12-2024,low,Hyderabad,ads,38,male
C02576,14-10-2024,medium,Ahmedabad,organic,26,female
C02577,14-10-2024,medium,Delhi,referral,45,male
C02578,13-08-2024,medium,Bangalore,referral,46,male
C02579,06-06-2025,high,Mumbai,referral,41,male
C02580,05-06-2025,high,Bhubaneswar,referral,35,male
C02581,29-09-2024,medium,Hyderabad,organic,18,female
C02582,05-02-2025,high,Jaipur,organic,39,male
C02583,01-07-2024,high,Bhubaneswar,ads,31,male
C02584,26-10-2025,low,Mumbai,organic,32,female
C02585,02-05-2025,high,Hyderabad,organic,18,female
C02586,03-05-2024,medium,Pune,organic,39,female
C02587,17-09-2025,medium,Bhubaneswar,ads,20,other
C02588,17-02-2025,medium,Ahmedabad,ads,36,male
C02589,25-12-2025,medium,Chennai,organic,44,female
C02590,20-06-2024,medium,Bangalore,organic,30,female
C02591,14-10-2024,medium,Mumbai,ads,47,female
C02592,10-03-2025,low,Bhubaneswar,organic,27,female
C02593,16-11-2025,low,Delhi,referral,41,male
C02594,22-04-2024,high,Jaipur,organic,21,male
C02595,01-05-2024,high,Hyderabad,ads,45,female
C02596,27-06-2025,low,Mumbai,ads,43,male
C02597,09-08-2024,medium,Bangalore,organic,39,female
C02598,22-09-2025,medium,Bhubaneswar,ads,31,female
C02599,08-02-2024,medium,Delhi,ads,20,male
C02600,11-05-2025,high,Hyderabad,referral,31,male
C02601,20-08-2024,medium,Bangalore,ads,46,male
C02602,13-06-2025,medium,Hyderabad,organic,36,male
C02603,28-05-2024,medium,Bangalore,organic,19,male
C02604,31-01-2025,medium,Bhubaneswar,organic,23,male
C02605,22-10-2025,low,Chennai,organic,47,male
C02606,29-09-2025,medium,Kolkata,ads,39,male
C02607,28-10-2024,high,Ahmedabad,referral,22,male
C02608,25-12-2024,medium,Chennai,ads,18,other
C02609,25-08-2024,low,Kolkata,ads,28,other
C02610,08-10-2025,low,Bhubaneswar,ads,18,male
C02611,24-10-2025,medium,Bhubaneswar,referral,33,male
C02612,23-08-2024,high,Bhubaneswar,organic,59,female
C02613,21-07-2024,low,Kolkata,ads,19,male
C02614,12-09-2024,medium,Delhi,referral,33,female
C02615,20-08-2025,high,Mumbai,organic,48,male
C02616,23-10-2025,medium,Kolkata,organic,42,male
C02617,22-08-2024,medium,Jaipur,referral,33,female
C02618,10-12-2024,medium,Mumbai,ads,33,female
C02619,17-06-2025,medium,Jaipur,organic,23,other
C02620,10-04-2025,medium,Bangalore,ads,32,male
C02621,24-06-2025,low,Ahmedabad,ads,37,female
C02622,31-07-2024,low,Ahmedabad,ads,46,female
C02623,07-04-2025,low,Ahmedabad,organic,28,female
C02624,11-03-2025,low,Pune,organic,33,female
C02625,09-10-2024,high,Kolkata,ads,25,female
C02626,15-07-2025,medium,Delhi,ads,37,female
C02627,29-08-2025,medium,Bangalore,referral,42,male
C02628,07-04-2025,low,Bhubaneswar,organic,41,female
C02629,10-02-2025,medium,Kolkata,referral,23,female
C02630,28-03-2024,low,Jaipur,organic,36,female
C02631,13-02-2024,medium,Jaipur,ads,28,female
C02632,05-04-2025,low,Mumbai,referral,45,male
C02633,04-10-2024,high,Bhubaneswar,ads,33,male
C02634,13-11-2025,high,Pune,organic,19,male
C02635,24-02-2025,low,Jaipur,organic,32,female
C02636,01-12-2025,high,Ahmedabad,ads,39,male
C02637,18-12-2024,low,Mumbai,ads,37,female
C02638,26-11-2025,high,Chennai,referral,29,female
C02639,29-05-2025,medium,Hyderabad,ads,29,male
C02640,03-12-2025,medium,Mumbai,referral,25,female
C02641,21-09-2025,medium,Mumbai,ads,31,female
C02642,19-01-2024,medium,Jaipur,referral,26,male
C02643,23-01-2024,medium,Kolkata,organic,44,male
C02644,16-02-2025,high,Bhubaneswar,referral,25,female
C02645,30-01-2024,high,Chennai,organic,36,male
C02646,17-04-2024,medium,Ahmedabad,referral,35,female
C02647,01-01-2025,medium,Kolkata,organic,44,female
C02648,07-10-2024,low,Bangalore,ads,45,male
C02649,07-05-2024,medium,Jaipur,ads,41,male
C02650,16-08-2024,medium,Bhubaneswar,referral,38,male
C02651,20-04-2024,medium,Delhi,ads,24,male
C02652,15-05-2024,high,Ahmedabad,organic,24,female
C02653,27-12-2024,medium,Kolkata,ads,26,female
C02654,04-07-2024,low,Ahmedabad,organic,42,male
C02655,17-10-2025,low,Bhubaneswar,organic,35,female
C02656,06-08-2025,medium,Bangalore,organic,43,male
C02657,08-05-2024,medium,Bangalore,organic,45,female
C02658,17-09-2024,low,Ahmedabad,ads,27,male
C02659,29-05-2025,medium,Bangalore,referral,35,male
C02660,24-03-2025,high,Kolkata,referral,34,female
C02661,13-04-2024,high,Ahmedabad,organic,31,female
C02662,27-04-2025,medium,Kolkata,organic,29,male
C02663,11-08-2024,low,Bangalore,organic,46,male
C02664,05-05-2025,medium,Pune,organic,35,male
C02665,17-04-2025,high,Hyderabad,organic,35,male
C02666,10-01-2024,high,Delhi,organic,26,male
C02667,08-02-2025,low,Jaipur,ads,41,female
C02668,28-10-2024,low,Bhubaneswar,ads,24,female
C02669,18-08-2024,medium,Delhi,ads,39,female
C02670,31-12-2025,medium,Kolkata,organic,39,male
C02671,06-03-2024,high,Hyderabad,ads,30,female
C02672,21-04-2024,low,Hyderabad,referral,38,male
C02673,13-01-2024,low,Pune,organic,36,male
C02674,27-01-2025,medium,Chennai,organic,34,female
C02675,14-05-2025,low,Chennai,organic,35,male
C02676,20-08-2025,medium,Kolkata,organic,35,male
C02677,21-08-2024,high,Hyderabad,ads,36,male
C02678,24-08-2025,medium,Pune,organic,35,female
C02679,09-11-2024,high,Jaipur,ads,23,male
C02680,19-07-2025,medium,Jaipur,organic,33,female
C02681,12-01-2024,medium,Delhi,ads,37,male
C02682,27-07-2024,medium,Ahmedabad,organic,35,male
C02683,14-01-2024,medium,Bhubaneswar,ads,44,male
C02684,24-09-2025,medium,Pune,organic,41,female
C02685,21-02-2025,high,Ahmedabad,organic,26,female
C02686,12-03-2025,medium,Bangalore,referral,33,male
C02687,11-01-2025,medium,Jaipur,ads,31,female
C02688,20-01-2024,medium,Kolkata,organic,34,male
C02689,09-08-2025,low,Pune,ads,34,male
C02690,10-03-2024,low,Hyderabad,ads,41,female
C02691,29-07-2024,low,Mumbai,ads,36,male
C02692,10-04-2024,medium,Mumbai,ads,47,male
C02693,28-11-2025,high,Jaipur,referral,37,male
C02694,11-05-2024,medium,Pune,organic,26,male
C02695,14-09-2025,medium,Ahmedabad,organic,30,other
C02696,15-01-2025,medium,Ahmedabad,organic,41,male
C02697,11-05-2024,high,Pune,ads,18,male
C02698,20-01-2024,low,Bhubaneswar,referral,21,female
C02699,19-06-2025,high,Jaipur,referral,35,male
C02700,14-08-2024,low,Bangalore,ads,44,male
C02701,02-06-2024,low,Delhi,referral,48,female
C02702,13-04-2025,medium,Pune,ads,32,female
C02703,08-02-2025,low,Bhubaneswar,ads,45,female
C02704,20-07-2024,medium,Mumbai,referral,35,male
C02705,07-02-2024,low,Ahmedabad,organic,19,female
C02706,06-07-2024,medium,Kolkata,ads,34,male
C02707,26-02-2024,low,Jaipur,ads,28,male
C02708,20-01-2024,medium,Ahmedabad,referral,44,male
C02709,29-09-2024,low,Bangalore,referral,34,female
C02710,28-04-2024,medium,Bhubaneswar,referral,22,female
C02711,05-08-2025,medium,Mumbai,referral,20,female
C02712,30-05-2025,low,Bangalore,ads,34,female
C02713,08-08-2024,low,Delhi,organic,18,male
C02714,09-06-2025,medium,Chennai,organic,29,male
C02715,29-05-2025,high,Kolkata,ads,37,female
C02716,28-12-2025,medium,Delhi,ads,24,male
C02717,01-12-2024,low,Jaipur,ads,44,male
C02718,28-11-2025,low,Ahmedabad,ads,46,female
C02719,24-02-2024,low,Hyderabad,referral,24,female
C02720,14-05-2025,high,Hyderabad,organic,32,male
C02721,19-06-2025,medium,Mumbai,referral,44,female
C02722,10-06-2024,medium,Pune,referral,34,female
C02723,31-10-2025,low,Ahmedabad,ads,21,male
C02724,16-08-2025,high,Hyderabad,ads,33,male
C02725,07-06-2024,low,Bhubaneswar,ads,26,male
C02726,06-07-2024,medium,Chennai,ads,46,male
C02727,29-02-2024,high,Mumbai,organic,41,male
C02728,14-11-2024,medium,Kolkata,organic,31,female
C02729,29-07-2024,medium,Delhi,organic,36,female
C02730,09-02-2025,medium,Delhi,organic,21,female
C02731,25-10-2025,high,Hyderabad,organic,27,male
C02732,18-04-2024,high,Mumbai,organic,50,male
C02733,16-03-2024,low,Hyderabad,ads,35,female
C02734,25-06-2025,high,Delhi,referral,44,female
C02735,09-11-2024,medium,Jaipur,ads,37,female
C02736,26-04-2024,medium,Bangalore,referral,48,male
C02737,04-12-2025,medium,Ahmedabad,ads,18,female
C02738,19-01-2024,low,Mumbai,ads,33,male
C02739,07-03-2025,medium,Bhubaneswar,ads,51,male
C02740,15-11-2025,low,Hyderabad,organic,44,female
C02741,15-12-2024,medium,Hyderabad,referral,48,female
C02742,01-07-2024,high,Pune,referral,34,male
C02743,22-04-2024,high,Chennai,ads,29,other
C02744,01-07-2024,medium,Kolkata,organic,24,female
C02745,25-04-2025,medium,Hyderabad,ads,24,male
C02746,25-05-2024,low,Bhubaneswar,organic,43,male
C02747,19-09-2025,medium,Kolkata,organic,40,male
C02748,22-04-2024,medium,Chennai,referral,34,male
C02749,20-04-2025,high,Pune,ads,40,female
C02750,29-10-2024,medium,Hyderabad,ads,36,female
C02751,27-04-2024,medium,Kolkata,referral,44,female
C02752,09-06-2024,medium,Kolkata,ads,44,male
C02753,04-02-2025,medium,Jaipur,ads,24,male
C02754,16-07-2024,high,Kolkata,organic,37,female
C02755,16-09-2024,medium,Delhi,organic,18,male
C02756,21-10-2025,low,Chennai,ads,36,male
C02757,16-02-2024,medium,Bhubaneswar,ads,41,female
C02758,02-02-2025,medium,Pune,organic,21,female
C02759,10-12-2025,low,Chennai,organic,30,other
C02760,12-07-2025,medium,Bangalore,ads,35,other
C02761,18-03-2024,medium,Delhi,ads,37,female
C02762,03-05-2024,high,Pune,ads,32,male
C02763,15-03-2024,medium,Bangalore,ads,23,male
C02764,16-05-2024,high,Kolkata,organic,34,female
C02765,24-08-2025,low,Chennai,ads,18,male
C02766,03-02-2025,low,Bhubaneswar,referral,32,male
C02767,19-05-2025,low,Pune,organic,30,male
C02768,14-05-2025,low,Ahmedabad,ads,33,male
C02769,26-07-2025,medium,Bangalore,ads,29,male
C02770,17-05-2024,medium,Jaipur,ads,19,male
C02771,19-02-2024,low,Delhi,organic,31,male
C02772,10-09-2025,low,Delhi,referral,44,female
C02773,16-09-2025,medium,Jaipur,ads,47,female
C02774,10-09-2024,low,Delhi,referral,59,female
C02775,21-09-2025,medium,Mumbai,organic,51,male
C02776,10-12-2025,medium,Mumbai,ads,23,male
C02777,16-07-2025,medium,Pune,ads,30,male
C02778,01-03-2025,medium,Ahmedabad,organic,34,female
C02779,30-06-2025,high,Bhubaneswar,organic,34,female
C02780,28-10-2024,medium,Kolkata,ads,35,male
C02781,03-08-2025,medium,Mumbai,organic,59,female
C02782,14-12-2024,medium,Bangalore,ads,24,female
C02783,18-02-2024,medium,Jaipur,organic,27,male
C02784,14-03-2024,low,Chennai,organic,51,female
C02785,04-12-2025,medium,Ahmedabad,ads,28,female
C02786,17-09-2024,medium,Bhubaneswar,organic,38,male
C02787,21-12-2024,high,Bangalore,referral,45,male
C02788,04-08-2025,high,Ahmedabad,referral,39,female
C02789,24-08-2025,low,Jaipur,ads,36,female
C02790,16-09-2024,medium,Bangalore,referral,44,male
C02791,29-09-2025,low,Jaipur,referral,26,female
C02792,21-10-2024,high,Bhubaneswar,organic,30,male
C02793,02-10-2025,medium,Delhi,referral,40,male
C02794,08-11-2024,medium,Kolkata,organic,18,male
C02795,03-09-2025,medium,Kolkata,ads,49,female
C02796,30-06-2024,high,Hyderabad,ads,38,female
C02797,16-11-2025,high,Mumbai,ads,36,female
C02798,29-12-2024,medium,Pune,organic,18,other
C02799,06-07-2024,high,Chennai,organic,22,female
C02800,22-07-2025,low,Jaipur,ads,31,male
C02801,26-06-2025,medium,Hyderabad,organic,43,female
C02802,18-08-2025,high,Hyderabad,ads,18,female
C02803,25-10-2025,high,Hyderabad,ads,42,male
C02804,01-07-2025,medium,Jaipur,organic,31,male
C02805,25-12-2025,high,Bhubaneswar,organic,32,female
C02806,11-02-2025,low,Jaipur,ads,37,male
C02807,09-09-2025,low,Kolkata,ads,37,male
C02808,17-02-2025,medium,Jaipur,organic,27,female
C02809,07-12-2024,medium,Bhubaneswar,organic,41,female
C02810,07-08-2024,high,Ahmedabad,organic,18,male
C02811,11-06-2024,medium,Kolkata,organic,30,male
C02812,07-08-2024,medium,Delhi,ads,36,female
C02813,26-09-2024,medium,Bangalore,ads,31,female
C02814,23-09-2025,medium,Delhi,ads,18,other
C02815,03-02-2025,medium,Pune,referral,42,female
C02816,30-06-2024,medium,Delhi,organic,22,female
C02817,09-09-2025,high,Kolkata,ads,34,other
C02818,29-12-2025,medium,Delhi,ads,36,male
C02819,23-07-2024,medium,Mumbai,ads,35,male
C02820,04-08-2025,low,Delhi,ads,46,female
C02821,09-07-2025,high,Chennai,ads,34,male
C02822,15-08-2024,low,Pune,ads,39,male
C02823,26-11-2025,medium,Bangalore,organic,34,male
C02824,10-09-2025,high,Bhubaneswar,ads,41,female
C02825,18-08-2025,medium,Chennai,ads,48,female
C02826,06-09-2024,medium,Chennai,referral,36,male
C02827,16-03-2025,low,Chennai,ads,42,female
C02828,16-06-2025,high,Bhubaneswar,ads,49,male
C02829,14-07-2024,medium,Mumbai,ads,48,female
C02830,20-11-2025,medium,Mumbai,referral,31,female
C02831,02-06-2025,low,Bhubaneswar,referral,45,female
C02832,10-03-2024,medium,Ahmedabad,ads,37,male
C02833,30-09-2025,low,Jaipur,ads,46,male
C02834,02-02-2025,low,Jaipur,organic,40,male
C02835,02-11-2025,medium,Mumbai,ads,37,female
C02836,21-07-2024,low,Kolkata,ads,39,female
C02837,27-05-2024,low,Bhubaneswar,ads,37,female
C02838,16-04-2025,medium,Mumbai,organic,37,male
C02839,16-10-2025,medium,Kolkata,ads,33,female
C02840,17-07-2024,medium,Jaipur,organic,32,male
C02841,01-03-2025,medium,Delhi,ads,52,male
C02842,27-10-2025,high,Mumbai,organic,39,female
C02843,06-05-2025,medium,Pune,ads,29,male
C02844,21-05-2024,medium,Delhi,organic,32,male
C02845,08-11-2024,medium,Delhi,organic,45,male
C02846,13-06-2024,high,Mumbai,ads,27,male
C02847,09-11-2024,low,Kolkata,organic,20,male
C02848,21-01-2024,low,Pune,ads,20,female
C02849,22-03-2024,high,Kolkata,referral,18,male
C02850,03-08-2025,medium,Chennai,referral,22,female
C02851,10-05-2024,medium,Kolkata,organic,23,male
C02852,21-08-2025,low,Kolkata,referral,48,female
C02853,30-12-2025,high,Ahmedabad,organic,34,female
C02854,31-10-2024,medium,Hyderabad,referral,31,female
C02855,05-01-2025,low,Bangalore,ads,20,other
C02856,18-01-2025,low,Hyderabad,organic,33,male
C02857,20-03-2025,low,Pune,ads,18,other
C02858,28-02-2025,low,Pune,organic,31,male
C02859,09-06-2024,high,Bhubaneswar,ads,55,male
C02860,26-06-2024,medium,Kolkata,ads,41,female
C02861,20-09-2025,medium,Delhi,ads,32,male
C02862,08-12-2025,high,Hyderabad,ads,41,male
C02863,04-05-2025,low,Bhubaneswar,referral,29,female
C02864,22-11-2024,high,Chennai,referral,26,female
C02865,20-08-2025,medium,Bangalore,ads,52,male
C02866,15-10-2024,low,Kolkata,ads,23,female
C02867,15-08-2025,high,Bhubaneswar,referral,31,female
C02868,25-10-2025,low,Hyderabad,referral,38,female
C02869,26-07-2025,low,Chennai,organic,25,female
C02870,26-07-2025,medium,Ahmedabad,organic,41,female
C02871,19-12-2024,high,Jaipur,organic,31,female
C02872,28-01-2024,medium,Bangalore,ads,41,female
C02873,12-02-2024,medium,Pune,organic,40,female
C02874,11-11-2025,medium,Ahmedabad,ads,32,female
C02875,26-02-2025,medium,Kolkata,ads,52,male
C02876,20-08-2025,low,Jaipur,ads,28,other
C02877,25-06-2024,high,Jaipur,ads,48,male
C02878,12-06-2025,low,Bangalore,organic,46,male
C02879,01-09-2025,high,Delhi,referral,52,female
C02880,08-05-2025,medium,Ahmedabad,referral,36,male
C02881,16-07-2024,low,Delhi,ads,27,female
C02882,01-09-2025,medium,Mumbai,referral,55,male
C02883,30-07-2025,high,Ahmedabad,organic,31,female
C02884,31-05-2025,medium,Chennai,ads,26,female
C02885,28-05-2025,low,Kolkata,organic,33,female
C02886,22-01-2024,medium,Ahmedabad,ads,25,male
C02887,21-04-2024,medium,Ahmedabad,organic,40,other
C02888,26-02-2024,medium,Mumbai,ads,28,male
C02889,06-03-2024,low,Bangalore,organic,32,male
C02890,07-04-2024,low,Bangalore,ads,44,female
C02891,23-05-2024,medium,Chennai,organic,41,other
C02892,10-03-2025,low,Bangalore,referral,35,male
C02893,28-09-2025,medium,Jaipur,ads,36,female
C02894,09-11-2025,medium,Hyderabad,organic,35,male
C02895,26-03-2024,high,Mumbai,organic,30,male
C02896,10-08-2025,medium,Hyderabad,referral,34,female
C02897,09-12-2024,medium,Hyderabad,organic,39,female
C02898,20-10-2024,high,Mumbai,ads,33,female
C02899,24-07-2025,medium,Hyderabad,ads,39,male
C02900,11-10-2025,low,Hyderabad,organic,26,female
C02901,02-09-2025,medium,Hyderabad,organic,28,female
C02902,04-12-2025,medium,Chennai,ads,27,male
C02903,30-08-2024,low,Pune,organic,29,female
C02904,14-07-2025,high,Chennai,organic,47,other
C02905,01-02-2024,medium,Delhi,organic,42,female
C02906,25-01-2025,low,Ahmedabad,organic,24,male
C02907,03-10-2024,medium,Bangalore,organic,39,female
C02908,15-06-2025,medium,Mumbai,referral,31,female
C02909,02-06-2024,high,Jaipur,ads,28,male
C02910,17-01-2025,low,Hyderabad,ads,20,female
C02911,08-03-2024,medium,Bhubaneswar,organic,44,other
C02912,01-08-2024,low,Mumbai,organic,21,female
C02913,16-10-2025,medium,Kolkata,referral,34,female
C02914,10-01-2025,medium,Mumbai,ads,25,male
C02915,31-07-2024,low,Ahmedabad,organic,42,other
C02916,19-03-2024,medium,Jaipur,ads,31,female
C02917,26-12-2025,medium,Mumbai,ads,33,male
C02918,19-09-2025,medium,Jaipur,referral,33,female
C02919,26-08-2025,low,Mumbai,organic,38,female
C02920,15-01-2025,medium,Chennai,ads,35,male
C02921,10-11-2025,medium,Chennai,ads,34,female
C02922,27-02-2024,high,Pune,referral,29,female
C02923,26-01-2024,low,Delhi,referral,19,male
C02924,22-03-2025,high,Mumbai,organic,23,female
C02925,06-03-2024,medium,Hyderabad,ads,42,female
C02926,10-09-2024,medium,Mumbai,ads,31,male
C02927,13-02-2024,medium,Kolkata,ads,28,male
C02928,06-04-2024,medium,Jaipur,referral,20,male
C02929,07-07-2025,high,Hyderabad,referral,18,male
C02930,14-08-2024,medium,Pune,organic,27,female
C02931,09-11-2025,low,Jaipur,organic,43,male
C02932,11-03-2025,low,Chennai,ads,29,female
C02933,23-08-2025,high,Bhubaneswar,organic,39,other
C02934,13-01-2025,low,Hyderabad,organic,28,male
C02935,26-06-2024,medium,Chennai,ads,41,female
C02936,02-03-2025,low,Kolkata,referral,31,female
C02937,09-12-2025,medium,Hyderabad,organic,22,female
C02938,02-11-2024,medium,Hyderabad,ads,32,male
C02939,18-05-2025,low,Hyderabad,organic,53,male
C02940,24-09-2024,low,Delhi,organic,52,male
C02941,08-08-2025,medium,Hyderabad,organic,39,male
C02942,08-01-2024,medium,Delhi,organic,33,female
C02943,22-05-2025,medium,Chennai,referral,38,male
C02944,20-04-2025,medium,Pune,referral,38,male
C02945,23-10-2024,medium,Delhi,ads,34,female
C02946,12-06-2024,medium,Delhi,organic,39,male
C02947,29-04-2025,low,Hyderabad,ads,37,male
C02948,19-08-2025,high,Pune,organic,31,female
C02949,12-03-2024,medium,Hyderabad,organic,23,female
C02950,20-07-2025,high,Chennai,ads,30,male
C02951,12-07-2025,medium,Hyderabad,ads,42,male
C02952,25-08-2024,high,Bangalore,organic,34,male
C02953,13-04-2024,medium,Ahmedabad,organic,38,female
C02954,28-07-2024,low,Chennai,referral,32,female
C02955,07-07-2025,low,Mumbai,ads,24,male
C02956,12-04-2025,medium,Jaipur,referral,32,male
C02957,29-03-2025,medium,Jaipur,referral,24,female
C02958,24-09-2024,medium,Pune,ads,24,female
C02959,20-01-2025,low,Bangalore,organic,47,female
C02960,21-01-2025,low,Delhi,ads,30,male
C02961,15-09-2024,medium,Bangalore,organic,27,female
C02962,09-10-2024,medium,Ahmedabad,organic,51,female
C02963,17-09-2025,low,Chennai,ads,43,female
C02964,09-02-2024,high,Pune,ads,31,female
C02965,30-04-2025,medium,Bangalore,organic,39,male
C02966,07-08-2024,low,Kolkata,ads,32,male
C02967,08-05-2024,low,Delhi,ads,28,male
C02968,03-06-2025,medium,Bangalore,organic,39,male
C02969,04-09-2025,medium,Pune,organic,31,female
C02970,18-11-2025,medium,Kolkata,organic,35,male
C02971,10-09-2025,medium,Mumbai,organic,45,male
C02972,04-09-2025,medium,Chennai,ads,44,female
C02973,16-09-2024,medium,Chennai,ads,29,male
C02974,31-12-2024,low,Mumbai,ads,39,male
C02975,27-06-2025,low,Hyderabad,organic,23,male
C02976,10-10-2025,high,Jaipur,organic,39,female
C02977,07-06-2025,medium,Kolkata,organic,36,male
C02978,16-01-2024,medium,Delhi,organic,38,female
C02979,08-05-2024,medium,Bangalore,organic,32,male
C02980,28-07-2025,medium,Ahmedabad,ads,55,female
C02981,18-04-2024,medium,Jaipur,organic,25,male
C02982,16-06-2025,low,Pune,ads,44,female
C02983,31-10-2025,medium,Hyderabad,ads,24,male
C02984,25-09-2024,low,Delhi,ads,40,male
C02985,10-06-2024,low,Ahmedabad,organic,40,female
C02986,16-09-2024,high,Ahmedabad,referral,35,male
C02987,11-04-2024,medium,Delhi,referral,30,male
C02988,20-05-2025,low,Hyderabad,organic,36,female
C02989,24-07-2025,low,Pune,ads,37,male
C02990,03-09-2024,high,Mumbai,referral,52,female
C02991,01-10-2025,high,Jaipur,ads,26,male
C02992,20-06-2025,high,Bhubaneswar,organic,29,female
C02993,10-05-2024,low,Bhubaneswar,ads,37,other
C02994,18-12-2024,high,Hyderabad,ads,32,male
C02995,14-07-2024,medium,Ahmedabad,ads,33,female
C02996,27-10-2025,low,Bangalore,referral,45,male
C02997,16-01-2025,high,Mumbai,ads,18,female
C02998,06-10-2025,medium,Mumbai,organic,29,male
C02999,14-08-2024,medium,Hyderabad,ads,18,female
C03000,01-12-2025,low,Pune,ads,23,female
C03001,20-04-2025,medium,Hyderabad,organic,59,male
C03002,21-04-2025,medium,Bangalore,organic,40,male
C03003,21-09-2024,medium,Chennai,referral,44,male
C03004,06-01-2025,medium,Bhubaneswar,ads,34,female
C03005,30-04-2025,high,Hyderabad,organic,42,male
C03006,09-03-2025,medium,Mumbai,organic,18,female
C03007,07-10-2025,medium,Pune,ads,45,male
C03008,29-07-2024,low,Bhubaneswar,ads,26,male
C03009,25-07-2025,low,Kolkata,organic,29,female
C03010,11-01-2025,medium,Delhi,ads,40,female
C03011,29-01-2025,medium,Mumbai,organic,38,female
C03012,25-03-2025,medium,Kolkata,organic,35,female
C03013,29-12-2024,low,Pune,ads,21,female
C03014,01-04-2025,medium,Mumbai,organic,35,female
C03015,25-12-2025,medium,Hyderabad,referral,44,male
C03016,28-12-2025,medium,Mumbai,organic,29,female
C03017,13-08-2024,medium,Pune,ads,48,female
C03018,10-05-2024,medium,Mumbai,organic,26,female
C03019,10-08-2025,medium,Bangalore,organic,35,female
C03020,20-04-2025,high,Ahmedabad,ads,50,male
C03021,03-10-2024,low,Kolkata,ads,28,male
C03022,04-06-2024,medium,Chennai,ads,45,male
C03023,05-08-2024,high,Ahmedabad,ads,54,female
C03024,08-07-2024,medium,Pune,ads,36,male
C03025,20-02-2025,medium,Bhubaneswar,ads,29,male
C03026,05-11-2025,medium,Bangalore,ads,27,female
C03027,22-11-2025,medium,Kolkata,ads,48,female
C03028,29-06-2025,medium,Pune,ads,47,male
C03029,10-02-2024,medium,Kolkata,referral,49,female
C03030,02-11-2024,medium,Mumbai,organic,34,male
C03031,03-12-2024,high,Jaipur,ads,45,female
C03032,09-11-2024,low,Hyderabad,organic,34,female
C03033,15-03-2024,medium,Ahmedabad,organic,26,male
C03034,05-10-2024,medium,Mumbai,ads,46,male
C03035,24-06-2024,high,Delhi,referral,51,male
C03036,23-10-2025,medium,Bhubaneswar,ads,24,male
C03037,29-09-2024,medium,Delhi,ads,24,male
C03038,11-09-2025,medium,Delhi,organic,35,other
C03039,12-10-2025,low,Bangalore,ads,44,male
C03040,15-10-2024,high,Chennai,referral,23,female
C03041,24-12-2025,medium,Ahmedabad,organic,37,female
C03042,28-09-2024,low,Jaipur,organic,29,female
C03043,06-03-2024,low,Mumbai,ads,42,male
C03044,27-04-2025,high,Delhi,ads,27,male
C03045,04-09-2024,medium,Delhi,ads,42,female
C03046,04-06-2024,medium,Bhubaneswar,ads,33,female
C03047,16-02-2024,high,Jaipur,ads,25,male
C03048,29-03-2025,medium,Jaipur,organic,35,female
C03049,19-07-2024,high,Jaipur,ads,18,male
C03050,21-10-2025,low,Mumbai,organic,29,male
C03051,03-05-2024,medium,Ahmedabad,organic,38,female
C03052,01-01-2024,high,Ahmedabad,ads,18,female
C03053,01-10-2025,high,Mumbai,referral,18,male
C03054,09-07-2024,low,Bangalore,ads,18,male
C03055,01-08-2025,high,Mumbai,ads,48,male
C03056,30-05-2025,medium,Hyderabad,organic,34,other
C03057,17-03-2025,medium,Pune,organic,29,male
C03058,22-05-2024,medium,Hyderabad,organic,44,male
C03059,09-07-2024,medium,Bangalore,referral,30,male
C03060,16-06-2025,high,Bangalore,referral,37,male
C03061,14-08-2024,medium,Mumbai,referral,35,female
C03062,08-11-2024,high,Mumbai,organic,30,male
C03063,20-09-2025,medium,Chennai,ads,37,female
C03064,28-10-2024,medium,Bhubaneswar,ads,42,male
C03065,15-10-2025,medium,Hyderabad,ads,33,female
C03066,04-04-2025,high,Ahmedabad,ads,30,male
C03067,04-02-2025,medium,Chennai,ads,31,female
C03068,04-07-2025,medium,Jaipur,organic,18,male
C03069,27-01-2025,low,Kolkata,organic,37,female
C03070,25-07-2024,medium,Ahmedabad,organic,22,female
C03071,28-07-2024,medium,Jaipur,organic,41,female
C03072,24-04-2024,medium,Chennai,organic,34,male
C03073,07-10-2025,low,Delhi,organic,36,other
C03074,07-09-2024,low,Chennai,organic,42,male
C03075,06-08-2024,medium,Chennai,ads,25,female
C03076,10-02-2025,medium,Chennai,referral,38,male
C03077,18-03-2025,medium,Mumbai,referral,37,male
C03078,25-08-2025,medium,Hyderabad,organic,33,male
C03079,19-12-2024,low,Chennai,organic,25,male
C03080,11-07-2025,medium,Mumbai,organic,40,male
C03081,03-07-2025,high,Jaipur,referral,42,male
C03082,21-05-2024,low,Bhubaneswar,ads,36,other
C03083,03-09-2025,low,Hyderabad,organic,24,female
C03084,15-05-2025,medium,Jaipur,referral,29,male
C03085,02-12-2025,medium,Bangalore,organic,34,male
C03086,30-06-2025,medium,Ahmedabad,referral,41,female
C03087,20-10-2025,low,Kolkata,organic,19,male
C03088,25-06-2025,low,Bangalore,organic,29,female
C03089,21-05-2025,medium,Pune,ads,30,female
C03090,18-08-2025,medium,Bhubaneswar,referral,34,female
C03091,07-10-2024,low,Pune,referral,21,female
C03092,27-02-2025,medium,Delhi,ads,32,female
C03093,26-09-2024,medium,Delhi,organic,31,male
C03094,02-06-2024,low,Chennai,ads,24,male
C03095,05-09-2025,medium,Bhubaneswar,referral,33,male
C03096,27-12-2025,medium,Jaipur,ads,29,female
C03097,23-10-2025,low,Bangalore,ads,39,male
C03098,23-03-2024,low,Bhubaneswar,ads,26,female
C03099,13-09-2025,medium,Bangalore,ads,35,male
C03100,01-03-2025,medium,Kolkata,ads,26,male
C03101,01-10-2024,medium,Jaipur,ads,29,male
C03102,13-12-2025,medium,Pune,referral,37,female
C03103,10-10-2024,high,Bangalore,ads,37,female
C03104,21-06-2024,low,Kolkata,ads,30,female
C03105,22-11-2024,medium,Bhubaneswar,organic,32,female
C03106,18-12-2025,medium,Kolkata,organic,20,other
C03107,03-03-2024,medium,Ahmedabad,referral,49,female
C03108,13-03-2024,low,Kolkata,organic,41,male
C03109,27-09-2025,medium,Kolkata,referral,41,male
C03110,09-01-2025,high,Chennai,ads,19,male
C03111,24-09-2025,high,Delhi,ads,29,other
C03112,22-05-2025,medium,Pune,referral,31,male
C03113,01-02-2025,medium,Ahmedabad,ads,18,male
C03114,29-04-2024,medium,Ahmedabad,referral,43,female
C03115,12-03-2025,medium,Delhi,organic,49,male
C03116,06-11-2025,high,Hyderabad,ads,55,female
C03117,09-04-2025,medium,Bangalore,ads,24,female
C03118,12-10-2024,medium,Kolkata,organic,36,female
C03119,21-09-2024,high,Bhubaneswar,ads,48,female
C03120,15-11-2024,high,Kolkata,ads,32,female
C03121,03-11-2025,high,Bhubaneswar,referral,29,female
C03122,10-01-2025,high,Kolkata,organic,18,male
C03123,29-03-2024,medium,Ahmedabad,ads,46,female
C03124,15-10-2025,high,Hyderabad,organic,34,female
C03125,21-07-2024,medium,Delhi,ads,27,male
C03126,29-11-2024,high,Jaipur,ads,37,male
C03127,09-08-2024,low,Mumbai,ads,36,male
C03128,10-02-2024,low,Pune,ads,36,female
C03129,08-12-2025,medium,Jaipur,organic,32,male
C03130,08-03-2024,medium,Pune,organic,51,female
C03131,28-05-2025,medium,Bangalore,organic,33,male
C03132,28-09-2025,medium,Delhi,ads,51,male
C03133,13-09-2025,high,Bhubaneswar,referral,40,male
C03134,20-08-2025,medium,Jaipur,organic,38,female
C03135,23-09-2025,medium,Jaipur,organic,33,male
C03136,06-05-2024,low,Pune,ads,44,male
C03137,11-09-2024,high,Jaipur,ads,36,female
C03138,25-11-2025,low,Bhubaneswar,organic,25,female
C03139,16-01-2024,low,Delhi,organic,25,female
C03140,21-04-2025,high,Bangalore,organic,39,female
C03141,02-03-2024,medium,Mumbai,organic,25,female
C03142,07-03-2025,high,Delhi,organic,34,female
C03143,31-10-2025,medium,Chennai,organic,45,female
C03144,24-09-2024,medium,Bangalore,ads,38,male
C03145,04-02-2024,medium,Jaipur,ads,27,male
C03146,29-07-2025,medium,Bhubaneswar,organic,49,male
C03147,08-05-2025,low,Hyderabad,ads,40,female
C03148,15-07-2025,high,Jaipur,ads,45,female
C03149,13-04-2025,low,Ahmedabad,referral,18,male
C03150,22-10-2025,medium,Ahmedabad,organic,38,female
C03151,20-11-2024,low,Hyderabad,ads,43,female
C03152,30-10-2024,medium,Mumbai,ads,52,female
C03153,02-10-2024,high,Ahmedabad,organic,20,female
C03154,14-11-2025,low,Mumbai,referral,47,female
C03155,19-07-2024,medium,Bangalore,ads,51,male
C03156,20-03-2025,medium,Hyderabad,ads,18,male
C03157,19-11-2024,medium,Mumbai,organic,39,female
C03158,04-02-2024,medium,Chennai,organic,41,female
C03159,26-04-2025,medium,Mumbai,ads,31,female
C03160,28-12-2025,low,Kolkata,organic,30,male
C03161,24-04-2025,high,Bangalore,ads,41,male
C03162,05-03-2024,medium,Chennai,organic,28,male
C03163,08-01-2024,low,Hyderabad,ads,32,female
C03164,27-10-2024,high,Pune,ads,43,female
C03165,08-12-2024,high,Jaipur,organic,52,female
C03166,06-03-2025,low,Bhubaneswar,ads,40,female
C03167,27-02-2025,medium,Ahmedabad,ads,36,male
C03168,27-11-2024,medium,Kolkata,organic,29,male
C03169,13-03-2025,high,Kolkata,organic,24,female
C03170,10-08-2025,medium,Pune,organic,46,male
C03171,22-06-2024,high,Jaipur,organic,33,female
C03172,12-07-2025,medium,Jaipur,referral,46,female
C03173,10-06-2025,low,Ahmedabad,ads,31,male
C03174,20-10-2025,medium,Mumbai,organic,28,male
C03175,26-01-2024,medium,Hyderabad,organic,39,male
C03176,27-08-2025,low,Jaipur,organic,34,male
C03177,09-02-2025,medium,Jaipur,ads,22,female
C03178,19-08-2024,low,Bhubaneswar,organic,53,female
C03179,16-06-2025,medium,Chennai,ads,28,other
C03180,03-07-2025,low,Chennai,organic,44,female
C03181,19-05-2025,high,Bhubaneswar,referral,43,female
C03182,30-10-2025,high,Delhi,organic,22,female
C03183,27-06-2024,medium,Hyderabad,ads,24,female
C03184,11-05-2024,medium,Jaipur,ads,31,male
C03185,30-03-2025,low,Ahmedabad,ads,26,other
C03186,13-12-2024,medium,Hyderabad,ads,52,female
C03187,23-06-2025,medium,Pune,ads,32,female
C03188,09-02-2025,low,Kolkata,ads,43,other
C03189,16-03-2024,medium,Jaipur,ads,40,female
C03190,01-08-2025,medium,Delhi,referral,37,male
C03191,06-05-2025,medium,Ahmedabad,ads,35,female
C03192,12-07-2024,medium,Hyderabad,referral,47,female
C03193,10-06-2024,high,Bangalore,organic,26,female
C03194,12-12-2024,low,Kolkata,ads,52,male
C03195,26-12-2024,high,Jaipur,referral,22,male
C03196,06-08-2025,high,Hyderabad,organic,42,female
C03197,27-03-2024,low,Hyderabad,referral,20,other
C03198,18-09-2024,medium,Ahmedabad,organic,31,male
C03199,01-08-2024,medium,Kolkata,referral,35,female
C03200,26-10-2025,medium,Chennai,ads,30,male
C03201,22-12-2025,medium,Chennai,organic,33,female
C03202,26-07-2025,medium,Bangalore,referral,21,male
C03203,18-09-2024,medium,Mumbai,organic,25,female
C03204,30-12-2025,medium,Bhubaneswar,organic,39,female
C03205,09-10-2024,low,Jaipur,organic,35,male
C03206,09-10-2025,medium,Ahmedabad,ads,28,male
C03207,11-04-2025,low,Jaipur,referral,48,male
C03208,14-01-2025,high,Ahmedabad,organic,22,female
C03209,27-12-2024,medium,Chennai,ads,31,female
C03210,24-03-2025,medium,Ahmedabad,organic,29,female
C03211,16-03-2025,low,Kolkata,ads,41,female
C03212,02-04-2024,high,Mumbai,organic,35,female
C03213,12-09-2025,medium,Bangalore,organic,33,other
C03214,27-02-2025,low,Delhi,organic,18,female
C03215,21-05-2024,medium,Chennai,ads,43,male
C03216,17-10-2024,low,Delhi,referral,32,female
C03217,07-03-2025,high,Delhi,ads,36,male
C03218,19-11-2025,low,Pune,organic,27,other
C03219,14-10-2025,low,Mumbai,ads,25,male
C03220,01-12-2025,medium,Bhubaneswar,ads,49,male
C03221,18-02-2024,medium,Hyderabad,organic,18,male
C03222,28-10-2024,high,Kolkata,organic,24,female
C03223,08-07-2024,low,Ahmedabad,organic,49,male
C03224,15-05-2024,medium,Jaipur,ads,41,female
C03225,08-07-2025,high,Bhubaneswar,ads,31,male
C03226,07-02-2025,medium,Jaipur,ads,47,male
C03227,24-08-2025,medium,Bangalore,organic,39,male
C03228,06-12-2024,high,Bangalore,organic,37,male
C03229,04-12-2025,medium,Kolkata,referral,37,male
C03230,13-11-2024,high,Ahmedabad,organic,39,male
C03231,09-09-2025,medium,Ahmedabad,referral,40,male
C03232,28-12-2024,medium,Chennai,ads,56,male
C03233,16-01-2025,medium,Ahmedabad,organic,33,male
C03234,20-08-2024,low,Hyderabad,ads,33,female
C03235,09-12-2024,low,Bhubaneswar,referral,22,male
C03236,02-07-2025,medium,Bhubaneswar,ads,34,male
C03237,06-07-2025,high,Jaipur,referral,53,male
C03238,12-06-2025,medium,Pune,organic,44,female
C03239,24-07-2025,medium,Kolkata,ads,29,male
C03240,01-07-2024,medium,Kolkata,referral,35,female
C03241,10-02-2024,medium,Hyderabad,referral,22,other
C03242,04-07-2025,medium,Ahmedabad,ads,25,male
C03243,31-01-2025,low,Pune,ads,36,male
C03244,04-12-2025,high,Chennai,organic,30,male
C03245,08-05-2025,medium,Chennai,organic,24,male
C03246,20-10-2025,high,Bhubaneswar,organic,39,male
C03247,28-11-2024,low,Hyderabad,organic,34,male
C03248,06-05-2024,high,Delhi,organic,19,female
C03249,11-07-2025,high,Delhi,organic,18,male
C03250,10-07-2025,medium,Ahmedabad,referral,29,male
C03251,01-01-2024,medium,Bhubaneswar,ads,19,female
C03252,16-06-2024,medium,Hyderabad,ads,18,male
C03253,11-09-2025,medium,Delhi,referral,46,male
C03254,19-01-2024,medium,Mumbai,organic,34,female
C03255,27-11-2024,high,Jaipur,ads,32,male
C03256,06-08-2025,medium,Bangalore,ads,33,female
C03257,31-03-2025,low,Jaipur,organic,23,male
C03258,18-04-2024,medium,Bangalore,ads,39,female
C03259,24-09-2024,low,Mumbai,organic,33,female
C03260,20-03-2025,medium,Mumbai,organic,27,male
C03261,27-08-2024,medium,Hyderabad,organic,28,male
C03262,27-10-2024,high,Pune,referral,22,male
C03263,24-08-2025,medium,Kolkata,ads,30,female
C03264,12-04-2024,low,Delhi,ads,32,female
C03265,06-09-2024,low,Hyderabad,ads,30,male
C03266,28-03-2025,medium,Pune,organic,35,female
C03267,03-06-2025,high,Kolkata,ads,34,female
C03268,01-06-2024,high,Hyderabad,ads,37,other
C03269,22-06-2024,medium,Ahmedabad,organic,44,male
C03270,08-12-2024,medium,Kolkata,ads,40,female
C03271,31-10-2025,high,Jaipur,organic,44,male
C03272,06-03-2025,low,Kolkata,organic,26,female
C03273,27-12-2025,medium,Jaipur,referral,29,male
C03274,19-11-2025,low,Chennai,ads,41,male
C03275,17-11-2025,low,Bangalore,ads,41,female
C03276,19-10-2025,low,Jaipur,ads,28,female
C03277,19-11-2024,medium,Mumbai,organic,41,male
C03278,03-11-2025,medium,Ahmedabad,ads,25,female
C03279,30-09-2025,medium,Delhi,ads,39,male
C03280,23-02-2025,medium,Chennai,ads,34,male
C03281,16-08-2025,medium,Chennai,referral,21,male
C03282,29-04-2025,low,Bhubaneswar,referral,30,male
C03283,20-10-2025,low,Hyderabad,ads,56,female
C03284,15-02-2025,low,Hyderabad,referral,37,male
C03285,24-03-2024,low,Hyderabad,ads,58,male
C03286,22-04-2024,medium,Kolkata,ads,20,female
C03287,27-11-2024,high,Delhi,organic,42,male
C03288,12-01-2025,medium,Bangalore,ads,18,female
C03289,16-10-2025,medium,Jaipur,referral,34,female
C03290,10-02-2024,low,Hyderabad,ads,41,male
C03291,14-04-2024,medium,Chennai,ads,43,male
C03292,20-07-2024,medium,Jaipur,organic,27,female
C03293,25-03-2025,medium,Delhi,organic,45,female
C03294,22-09-2024,high,Chennai,organic,29,female
C03295,28-07-2024,medium,Mumbai,organic,33,female
C03296,16-07-2025,low,Delhi,ads,30,female
C03297,27-04-2024,high,Kolkata,organic,23,male
C03298,13-12-2025,medium,Hyderabad,ads,50,female
C03299,11-01-2025,medium,Pune,ads,35,male
C03300,04-07-2025,high,Ahmedabad,organic,45,male
C03301,23-06-2025,high,Chennai,organic,45,male
C03302,24-03-2024,low,Bhubaneswar,referral,25,male
C03303,29-03-2025,medium,Bhubaneswar,organic,47,female
C03304,28-10-2025,medium,Ahmedabad,organic,40,male
C03305,20-09-2025,high,Bangalore,referral,24,male
C03306,28-05-2025,medium,Bangalore,referral,39,male
C03307,27-08-2025,medium,Ahmedabad,ads,24,male
C03308,08-11-2025,medium,Pune,organic,51,female
C03309,21-01-2025,high,Kolkata,organic,43,female
C03310,15-12-2024,low,Delhi,referral,34,female
C03311,22-10-2024,medium,Pune,referral,47,female
C03312,14-09-2024,medium,Jaipur,ads,19,female
C03313,21-03-2024,medium,Hyderabad,organic,27,male
C03314,24-09-2024,medium,Bangalore,organic,32,female
C03315,22-02-2025,low,Chennai,organic,57,male
C03316,22-08-2024,low,Bangalore,ads,24,other
C03317,06-11-2024,medium,Bhubaneswar,organic,18,other
C03318,22-12-2024,low,Chennai,referral,20,female
C03319,31-07-2024,low,Jaipur,organic,44,male
C03320,27-07-2025,low,Jaipur,ads,29,male
C03321,18-02-2024,medium,Hyderabad,organic,33,female
C03322,06-05-2024,medium,Mumbai,ads,42,female
C03323,10-08-2024,medium,Bhubaneswar,organic,33,female
C03324,05-10-2024,low,Ahmedabad,ads,37,male
C03325,11-02-2025,high,Bangalore,ads,40,female
C03326,19-05-2025,medium,Hyderabad,organic,30,female
C03327,20-10-2024,medium,Hyderabad,referral,33,male
C03328,03-10-2024,medium,Mumbai,ads,37,female
C03329,13-03-2025,medium,Jaipur,referral,43,male
C03330,16-04-2024,low,Bhubaneswar,referral,27,female
C03331,19-10-2025,medium,Chennai,referral,18,male
C03332,23-02-2025,low,Bhubaneswar,organic,41,female
C03333,02-09-2025,medium,Bhubaneswar,organic,44,male
C03334,04-03-2025,medium,Bangalore,referral,37,male
C03335,09-01-2025,medium,Chennai,ads,37,female
C03336,13-03-2024,high,Pune,organic,29,female
C03337,25-09-2025,medium,Chennai,ads,40,female
C03338,30-01-2024,medium,Hyderabad,organic,43,male
C03339,06-07-2024,medium,Mumbai,ads,35,female
C03340,29-12-2024,low,Bhubaneswar,referral,59,male
C03341,26-03-2025,medium,Chennai,ads,19,female
C03342,13-07-2024,high,Hyderabad,organic,36,male
C03343,04-06-2024,high,Delhi,ads,23,male
C03344,20-06-2024,medium,Jaipur,ads,43,female
C03345,10-02-2024,medium,Mumbai,ads,19,male
C03346,03-03-2024,high,Kolkata,organic,21,other
C03347,23-01-2024,medium,Ahmedabad,ads,28,male
C03348,25-12-2024,medium,Hyderabad,ads,37,female
C03349,15-03-2024,medium,Bhubaneswar,ads,29,female
C03350,13-07-2025,low,Mumbai,referral,29,female
C03351,02-11-2025,medium,Jaipur,ads,33,male
C03352,27-04-2024,medium,Chennai,organic,32,male
C03353,03-09-2025,low,Delhi,ads,49,male
C03354,14-01-2025,medium,Kolkata,ads,41,female
C03355,09-11-2025,medium,Jaipur,organic,31,female
C03356,16-10-2024,medium,Delhi,ads,55,female
C03357,15-03-2025,high,Ahmedabad,organic,39,female
C03358,29-10-2025,medium,Mumbai,organic,25,male
C03359,07-01-2024,medium,Pune,referral,37,male
C03360,14-07-2024,low,Bangalore,referral,40,male
C03361,24-02-2025,low,Mumbai,ads,28,female
C03362,21-07-2025,medium,Kolkata,ads,24,male
C03363,11-07-2024,medium,Pune,referral,35,female
C03364,12-07-2025,medium,Pune,referral,31,male
C03365,27-05-2024,medium,Ahmedabad,ads,49,male
C03366,30-10-2025,medium,Bangalore,ads,42,female
C03367,20-07-2024,medium,Pune,ads,28,male
C03368,19-03-2025,medium,Hyderabad,organic,39,female
C03369,22-02-2025,high,Jaipur,ads,47,female
C03370,02-03-2025,low,Pune,ads,21,male
C03371,23-04-2025,high,Pune,referral,24,male
C03372,19-04-2025,low,Jaipur,referral,34,female
C03373,05-05-2024,low,Chennai,organic,35,female
C03374,29-01-2025,medium,Ahmedabad,ads,34,male
C03375,29-07-2025,low,Pune,organic,31,female
C03376,20-11-2024,medium,Pune,organic,31,female
C03377,26-01-2025,medium,Bangalore,referral,38,male
C03378,18-11-2025,medium,Delhi,ads,46,female
C03379,19-09-2025,medium,Chennai,ads,30,female
C03380,15-03-2025,medium,Bhubaneswar,organic,59,male
C03381,22-07-2024,medium,Chennai,ads,54,female
C03382,30-04-2025,medium,Jaipur,ads,48,female
C03383,31-01-2024,medium,Bangalore,organic,41,female
C03384,22-01-2025,medium,Ahmedabad,organic,55,female
C03385,16-09-2025,high,Mumbai,organic,32,male
C03386,09-03-2025,high,Bangalore,ads,26,male
C03387,10-01-2025,medium,Kolkata,referral,29,female
C03388,09-12-2024,high,Jaipur,referral,24,female
C03389,18-03-2025,high,Delhi,referral,36,male
C03390,01-08-2025,low,Kolkata,referral,37,male
C03391,15-03-2024,high,Kolkata,referral,37,female
C03392,10-07-2025,medium,Ahmedabad,ads,34,female
C03393,27-10-2025,medium,Bhubaneswar,ads,36,male
C03394,03-06-2024,low,Mumbai,ads,52,female
C03395,05-03-2025,medium,Pune,referral,41,male
C03396,28-12-2024,medium,Hyderabad,organic,44,male
C03397,23-03-2025,medium,Pune,organic,36,male
C03398,21-08-2024,medium,Kolkata,referral,18,female
C03399,16-07-2025,medium,Chennai,organic,18,female
C03400,18-09-2024,high,Hyderabad,referral,55,female
C03401,04-05-2024,low,Ahmedabad,ads,29,male
C03402,01-09-2024,medium,Mumbai,organic,28,female
C03403,25-06-2025,medium,Ahmedabad,ads,37,male
C03404,29-04-2025,low,Jaipur,referral,40,female
C03405,01-05-2024,medium,Delhi,organic,41,female
C03406,04-05-2024,low,Kolkata,ads,52,male
C03407,02-07-2025,medium,Chennai,referral,50,male
C03408,18-06-2024,low,Ahmedabad,organic,26,female
C03409,03-05-2024,high,Hyderabad,organic,44,female
C03410,04-02-2024,low,Kolkata,organic,31,male
C03411,27-03-2024,low,Mumbai,organic,33,female
C03412,07-10-2025,medium,Chennai,organic,24,male
C03413,08-12-2025,high,Bhubaneswar,ads,18,male
C03414,19-07-2024,medium,Bhubaneswar,organic,34,female
C03415,03-01-2025,low,Hyderabad,referral,25,female
C03416,17-03-2024,medium,Delhi,organic,44,male
C03417,28-02-2024,medium,Bhubaneswar,ads,32,male
C03418,06-03-2025,high,Kolkata,ads,38,female
C03419,29-09-2025,medium,Mumbai,referral,48,female
C03420,14-05-2025,medium,Delhi,ads,20,female
C03421,18-04-2024,low,Pune,organic,27,female
C03422,04-10-2024,medium,Mumbai,referral,36,female
C03423,08-03-2024,low,Kolkata,organic,38,male
C03424,09-03-2024,medium,Kolkata,organic,46,female
C03425,13-06-2024,high,Jaipur,ads,43,male
C03426,03-05-2025,medium,Delhi,ads,35,female
C03427,31-10-2024,medium,Mumbai,organic,38,female
C03428,04-11-2025,low,Delhi,ads,38,female
C03429,30-12-2024,low,Hyderabad,ads,20,female
C03430,13-01-2025,medium,Bangalore,referral,33,female
C03431,08-12-2024,medium,Delhi,organic,37,female
C03432,07-07-2025,medium,Bhubaneswar,organic,39,female
C03433,19-12-2024,low,Kolkata,ads,25,female
C03434,19-02-2025,low,Jaipur,organic,22,female
C03435,18-04-2024,low,Pune,ads,32,male
C03436,16-07-2025,medium,Jaipur,ads,54,male
C03437,11-05-2025,medium,Mumbai,ads,26,male
C03438,06-12-2024,medium,Hyderabad,referral,46,male
C03439,17-01-2025,medium,Hyderabad,referral,50,female
C03440,16-06-2025,medium,Pune,ads,35,male
C03441,26-10-2024,high,Delhi,referral,28,male
C03442,18-05-2024,high,Delhi,organic,40,male
C03443,24-12-2024,low,Mumbai,ads,36,male
C03444,13-05-2025,low,Mumbai,ads,26,male
C03445,19-01-2025,medium,Chennai,referral,28,female
C03446,26-08-2025,medium,Delhi,ads,39,female
C03447,06-10-2024,medium,Mumbai,ads,44,male
C03448,28-09-2025,low,Hyderabad,referral,31,male
C03449,27-04-2025,low,Bangalore,ads,34,female
C03450,20-04-2024,low,Kolkata,ads,41,female
C03451,18-05-2024,low,Delhi,organic,33,female
C03452,10-03-2025,medium,Chennai,organic,32,male
C03453,23-05-2025,medium,Kolkata,referral,27,male
C03454,29-09-2024,medium,Bhubaneswar,ads,27,male
C03455,08-04-2024,medium,Bangalore,ads,61,male
C03456,13-04-2024,low,Jaipur,organic,33,female
C03457,01-08-2024,medium,Delhi,organic,48,female
C03458,25-10-2025,high,Jaipur,organic,51,male
C03459,13-06-2024,medium,Chennai,ads,33,female
C03460,03-06-2025,low,Delhi,organic,38,other
C03461,10-10-2024,medium,Chennai,organic,36,female
C03462,31-05-2025,medium,Ahmedabad,ads,18,female
C03463,18-10-2025,medium,Chennai,ads,19,female
C03464,04-09-2025,high,Mumbai,organic,35,male
C03465,12-06-2024,medium,Mumbai,ads,30,male
C03466,20-10-2025,low,Jaipur,referral,53,other
C03467,04-03-2024,medium,Ahmedabad,ads,32,female
C03468,31-03-2024,low,Chennai,referral,54,female
C03469,26-04-2024,medium,Bhubaneswar,referral,30,female
C03470,23-09-2024,high,Jaipur,organic,54,male
C03471,15-11-2025,low,Kolkata,organic,40,female
C03472,12-07-2025,medium,Mumbai,ads,40,female
C03473,19-05-2024,medium,Kolkata,ads,29,male
C03474,02-09-2024,low,Kolkata,ads,40,male
C03475,22-10-2025,medium,Ahmedabad,organic,51,female
C03476,29-01-2025,low,Jaipur,ads,33,male
C03477,01-05-2025,high,Hyderabad,organic,31,male
C03478,20-04-2025,medium,Jaipur,referral,32,male
C03479,31-05-2025,high,Hyderabad,organic,51,female
C03480,02-07-2024,low,Chennai,referral,43,female
C03481,20-01-2024,medium,Hyderabad,organic,49,female
C03482,11-07-2025,low,Delhi,organic,38,male
C03483,07-06-2025,low,Chennai,organic,35,other
C03484,04-08-2025,medium,Hyderabad,referral,39,male
C03485,12-06-2025,medium,Bhubaneswar,organic,45,male
C03486,26-05-2024,medium,Kolkata,ads,32,male
C03487,27-10-2025,medium,Chennai,referral,48,male
C03488,30-10-2024,medium,Kolkata,ads,38,male
C03489,11-09-2025,medium,Pune,organic,18,male
C03490,04-08-2025,low,Jaipur,referral,43,male
C03491,25-11-2025,low,Hyderabad,referral,22,female
C03492,15-08-2024,low,Kolkata,ads,43,male
C03493,11-04-2024,low,Hyderabad,ads,44,female
C03494,09-08-2025,medium,Kolkata,referral,38,female
C03495,20-02-2025,medium,Bhubaneswar,referral,40,male
C03496,03-08-2024,low,Bangalore,ads,45,female
C03497,10-02-2025,medium,Bhubaneswar,referral,30,male
C03498,02-02-2025,low,Mumbai,organic,42,male
C03499,15-12-2025,medium,Hyderabad,organic,46,male
C03500,04-12-2025,medium,Bhubaneswar,organic,52,female
C03501,13-05-2025,low,Delhi,organic,23,female
C03502,09-04-2025,low,Hyderabad,ads,39,female
C03503,21-11-2025,medium,Ahmedabad,ads,25,male
C03504,31-12-2025,low,Jaipur,organic,24,male
C03505,22-03-2024,medium,Jaipur,ads,38,female
C03506,26-08-2025,medium,Mumbai,organic,35,female
C03507,17-11-2025,low,Delhi,referral,46,female
C03508,30-12-2024,medium,Mumbai,referral,31,male
C03509,11-06-2024,medium,Chennai,organic,33,male
C03510,17-02-2024,medium,Hyderabad,referral,37,male
C03511,25-05-2025,medium,Delhi,organic,26,female
C03512,24-11-2024,medium,Pune,ads,27,male
C03513,25-04-2024,medium,Kolkata,referral,46,female
C03514,02-12-2024,high,Ahmedabad,organic,29,female
C03515,26-05-2024,low,Hyderabad,ads,46,male
C03516,28-07-2025,medium,Ahmedabad,organic,41,female
C03517,18-11-2024,low,Delhi,organic,19,female
C03518,18-03-2025,medium,Kolkata,ads,40,male
C03519,13-01-2024,medium,Mumbai,referral,40,female
C03520,08-05-2025,medium,Hyderabad,ads,39,female
C03521,01-12-2025,medium,Kolkata,referral,33,male
C03522,13-10-2024,medium,Ahmedabad,referral,25,female
C03523,20-12-2025,medium,Bangalore,organic,48,female
C03524,23-04-2024,medium,Delhi,ads,33,female
C03525,24-04-2025,high,Delhi,ads,26,female
C03526,22-01-2024,medium,Ahmedabad,ads,39,male
C03527,14-12-2024,high,Ahmedabad,organic,27,male
C03528,26-12-2025,high,Chennai,referral,25,female
C03529,13-11-2025,low,Mumbai,ads,31,male
C03530,19-07-2025,medium,Ahmedabad,ads,28,female
C03531,15-11-2024,medium,Bhubaneswar,ads,25,male
C03532,05-05-2024,medium,Jaipur,organic,43,female
C03533,03-10-2024,low,Jaipur,ads,33,female
C03534,22-07-2024,medium,Hyderabad,referral,47,female
C03535,12-07-2024,low,Pune,referral,26,female
C03536,11-11-2025,medium,Hyderabad,organic,18,female
C03537,25-10-2025,low,Chennai,ads,36,male
C03538,30-06-2025,low,Kolkata,ads,53,male
C03539,26-11-2025,low,Pune,organic,40,female
C03540,12-10-2024,high,Kolkata,organic,65,female
C03541,26-02-2024,medium,Jaipur,ads,38,male
C03542,29-10-2024,medium,Jaipur,ads,37,male
C03543,11-06-2024,medium,Jaipur,organic,18,male
C03544,19-01-2024,low,Ahmedabad,organic,39,female
C03545,04-01-2025,high,Chennai,organic,36,male
C03546,20-09-2024,high,Bhubaneswar,organic,30,male
C03547,22-04-2024,medium,Hyderabad,ads,33,male
C03548,02-05-2025,high,Kolkata,organic,34,female
C03549,22-11-2024,medium,Bangalore,organic,33,female
C03550,25-06-2025,low,Hyderabad,referral,55,male
C03551,08-10-2025,medium,Delhi,organic,31,male
C03552,01-08-2025,high,Mumbai,ads,36,female
C03553,05-03-2024,medium,Pune,referral,30,male
C03554,18-10-2024,medium,Kolkata,ads,42,male
C03555,25-01-2024,high,Chennai,ads,36,female
C03556,02-07-2025,medium,Jaipur,ads,32,female
C03557,01-01-2024,low,Delhi,organic,18,other
C03558,02-07-2025,low,Mumbai,ads,37,male
C03559,20-05-2024,low,Kolkata,ads,31,male
C03560,09-10-2025,high,Bhubaneswar,organic,34,female
C03561,06-07-2024,low,Jaipur,ads,23,male
C03562,07-05-2024,low,Kolkata,referral,49,male
C03563,19-07-2024,low,Bangalore,organic,43,male
C03564,06-05-2024,high,Bangalore,ads,49,female
C03565,13-09-2024,low,Chennai,ads,46,female
C03566,06-11-2025,low,Bangalore,referral,40,male
C03567,30-06-2025,low,Bhubaneswar,referral,23,male
C03568,12-07-2024,high,Chennai,ads,53,female
C03569,03-12-2025,low,Pune,organic,25,female
C03570,13-04-2024,low,Bhubaneswar,organic,32,female
C03571,18-06-2025,medium,Chennai,organic,42,male
C03572,21-09-2024,medium,Bhubaneswar,ads,42,female
C03573,18-01-2025,low,Bangalore,ads,40,female
C03574,16-09-2024,medium,Pune,referral,30,female
C03575,17-02-2025,medium,Bhubaneswar,ads,28,male
C03576,23-12-2024,medium,Pune,ads,60,female
C03577,15-03-2024,low,Mumbai,ads,34,male
C03578,20-12-2024,high,Bhubaneswar,organic,33,male
C03579,06-08-2025,medium,Hyderabad,ads,27,male
C03580,06-07-2024,medium,Jaipur,ads,37,female
C03581,15-11-2025,low,Bangalore,referral,36,male
C03582,16-10-2024,medium,Kolkata,organic,34,male
C03583,14-02-2024,low,Pune,referral,38,male
C03584,26-07-2025,low,Bangalore,ads,52,female
C03585,23-03-2024,high,Delhi,organic,29,female
C03586,02-05-2024,medium,Hyderabad,organic,35,male
C03587,23-12-2024,high,Bangalore,organic,28,male
C03588,11-06-2025,medium,Jaipur,ads,37,female
C03589,06-03-2024,medium,Hyderabad,organic,29,male
C03590,18-10-2025,low,Jaipur,ads,29,male
C03591,09-01-2025,low,Bangalore,referral,20,female
C03592,10-06-2024,high,Hyderabad,ads,35,male
C03593,14-01-2025,high,Kolkata,ads,39,other
C03594,17-10-2025,medium,Kolkata,organic,53,male
C03595,23-12-2024,medium,Jaipur,ads,39,male
C03596,06-07-2024,medium,Jaipur,organic,30,male
C03597,17-11-2024,low,Mumbai,referral,21,female
C03598,25-03-2025,low,Kolkata,organic,22,male
C03599,18-04-2025,medium,Kolkata,ads,22,female
C03600,13-01-2024,low,Pune,ads,53,male
C03601,02-07-2024,medium,Chennai,ads,37,male
C03602,20-04-2024,low,Bhubaneswar,referral,29,female
C03603,22-05-2025,medium,Pune,organic,25,female
C03604,16-10-2024,high,Jaipur,organic,26,female
C03605,21-10-2024,low,Ahmedabad,ads,28,female
C03606,26-03-2025,medium,Bhubaneswar,ads,48,male
C03607,02-08-2024,low,Ahmedabad,ads,34,male
C03608,23-09-2025,medium,Delhi,organic,20,male
C03609,20-07-2025,high,Jaipur,ads,58,other
C03610,27-01-2024,high,Bangalore,referral,23,female
C03611,21-09-2025,medium,Chennai,ads,29,male
C03612,18-08-2024,medium,Ahmedabad,referral,48,male
C03613,18-07-2025,medium,Bhubaneswar,ads,39,male
C03614,16-11-2024,medium,Jaipur,organic,30,male
C03615,20-08-2024,medium,Pune,organic,22,male
C03616,31-10-2025,low,Mumbai,ads,25,male
C03617,12-03-2025,medium,Hyderabad,ads,25,male
C03618,16-06-2025,low,Kolkata,ads,35,male
C03619,06-02-2025,medium,Chennai,ads,36,female
C03620,22-02-2024,medium,Chennai,referral,33,female
C03621,08-11-2024,high,Kolkata,ads,34,male
C03622,07-10-2024,medium,Kolkata,ads,24,female
C03623,26-12-2025,high,Kolkata,organic,37,male
C03624,31-01-2024,medium,Mumbai,ads,47,male
C03625,02-12-2024,medium,Delhi,referral,33,female
C03626,01-07-2024,medium,Mumbai,organic,33,male
C03627,23-01-2024,low,Pune,referral,35,male
C03628,27-06-2025,medium,Delhi,referral,46,female
C03629,21-03-2025,medium,Hyderabad,ads,26,male
C03630,14-03-2024,high,Kolkata,organic,49,male
C03631,10-01-2024,low,Mumbai,organic,39,female
C03632,28-04-2025,high,Bangalore,organic,35,male
C03633,31-03-2025,medium,Pune,organic,47,female
C03634,19-07-2025,medium,Hyderabad,ads,23,male
C03635,17-07-2025,medium,Hyderabad,organic,40,male
C03636,21-10-2025,medium,Bhubaneswar,ads,39,female
C03637,08-06-2024,low,Bhubaneswar,organic,25,male
C03638,14-01-2024,high,Hyderabad,organic,39,female
C03639,26-06-2024,medium,Delhi,ads,37,female
C03640,15-02-2025,medium,Jaipur,referral,33,male
C03641,22-02-2024,high,Pune,ads,43,female
C03642,11-02-2025,medium,Bhubaneswar,ads,29,male
C03643,22-01-2024,medium,Chennai,ads,37,male
C03644,30-01-2024,medium,Kolkata,ads,33,female
C03645,03-12-2025,medium,Pune,referral,28,female
C03646,16-09-2024,medium,Hyderabad,organic,40,male
C03647,23-07-2024,low,Hyderabad,referral,32,female
C03648,28-02-2024,medium,Bangalore,organic,20,male
C03649,15-04-2025,medium,Jaipur,referral,18,male
C03650,10-04-2025,medium,Kolkata,organic,42,female
C03651,12-01-2024,high,Chennai,referral,22,female
C03652,22-09-2025,high,Ahmedabad,referral,37,male
C03653,16-10-2024,medium,Bhubaneswar,organic,35,male
C03654,19-12-2024,low,Bangalore,referral,31,male
C03655,30-09-2025,low,Hyderabad,organic,54,male
C03656,15-03-2024,high,Jaipur,organic,36,female
C03657,16-12-2025,low,Delhi,ads,42,female
C03658,14-07-2025,low,Bangalore,referral,37,female
C03659,13-08-2025,medium,Jaipur,ads,32,female
C03660,16-03-2025,low,Pune,ads,34,female
C03661,28-08-2024,medium,Pune,ads,49,male
C03662,02-06-2024,medium,Mumbai,referral,45,male
C03663,05-04-2024,medium,Bangalore,ads,54,male
C03664,26-12-2025,medium,Pune,organic,37,female
C03665,20-10-2024,medium,Hyderabad,organic,26,male
C03666,27-07-2024,medium,Pune,organic,30,female
C03667,08-12-2024,low,Jaipur,ads,23,male
C03668,28-03-2024,low,Ahmedabad,organic,42,female
C03669,24-01-2025,low,Bhubaneswar,organic,29,female
C03670,20-11-2024,low,Hyderabad,referral,18,male
C03671,05-06-2024,low,Kolkata,organic,59,female
C03672,29-10-2025,high,Jaipur,ads,29,male
C03673,12-10-2025,medium,Ahmedabad,organic,29,female
C03674,24-09-2025,medium,Pune,organic,51,male
C03675,30-07-2025,low,Chennai,organic,22,male
C03676,10-09-2025,medium,Mumbai,ads,46,male
C03677,20-10-2025,low,Ahmedabad,referral,29,male
C03678,16-05-2024,high,Pune,organic,21,female
C03679,04-11-2025,medium,Ahmedabad,organic,52,female
C03680,03-03-2025,low,Ahmedabad,ads,44,male
C03681,27-03-2025,high,Jaipur,ads,44,male
C03682,03-09-2025,medium,Chennai,ads,38,female
C03683,20-05-2024,medium,Pune,referral,40,male
C03684,23-03-2024,medium,Chennai,ads,22,male
C03685,25-06-2024,low,Bangalore,ads,36,male
C03686,16-07-2024,medium,Jaipur,referral,25,female
C03687,15-09-2025,medium,Bhubaneswar,ads,21,female
C03688,21-07-2025,high,Bhubaneswar,organic,39,female
C03689,21-11-2025,low,Ahmedabad,organic,46,male
C03690,24-02-2025,medium,Hyderabad,organic,31,female
C03691,04-02-2025,medium,Mumbai,organic,32,female
C03692,28-11-2025,low,Bangalore,organic,23,male
C03693,15-04-2025,medium,Jaipur,organic,35,female
C03694,05-08-2024,low,Hyderabad,referral,42,other
C03695,29-12-2025,medium,Delhi,referral,42,female
C03696,23-09-2025,medium,Mumbai,ads,40,female
C03697,23-06-2024,high,Bhubaneswar,referral,28,female
C03698,23-01-2024,low,Bhubaneswar,organic,28,female
C03699,25-12-2025,low,Hyderabad,referral,42,female
C03700,22-08-2024,medium,Bangalore,ads,43,female
C03701,13-01-2024,medium,Mumbai,organic,33,male
C03702,10-04-2024,low,Hyderabad,organic,30,female
C03703,19-06-2025,medium,Delhi,organic,46,female
C03704,06-06-2025,low,Jaipur,organic,31,male
C03705,27-03-2025,medium,Hyderabad,organic,42,female
C03706,06-03-2025,low,Ahmedabad,organic,33,male
C03707,28-08-2025,medium,Pune,organic,24,female
C03708,13-12-2025,medium,Ahmedabad,organic,51,female
C03709,16-06-2025,medium,Mumbai,referral,36,female
C03710,23-12-2025,low,Chennai,organic,27,female
C03711,13-10-2025,medium,Ahmedabad,organic,21,female
C03712,19-10-2024,medium,Pune,ads,22,female
C03713,10-04-2024,medium,Ahmedabad,referral,31,female
C03714,16-05-2025,medium,Hyderabad,organic,54,male
C03715,30-10-2024,low,Pune,referral,29,male
C03716,23-06-2025,low,Jaipur,organic,49,female
C03717,06-07-2025,high,Chennai,organic,33,female
C03718,20-12-2024,low,Hyderabad,organic,23,male
C03719,29-10-2024,low,Delhi,ads,30,male
C03720,10-05-2025,low,Delhi,organic,22,male
C03721,19-10-2025,medium,Mumbai,ads,26,male
C03722,14-08-2024,low,Kolkata,organic,26,female
C03723,23-08-2024,high,Ahmedabad,ads,18,male
C03724,30-03-2025,medium,Pune,organic,50,male
C03725,13-01-2024,low,Hyderabad,ads,37,female
C03726,28-07-2024,medium,Delhi,ads,28,male
C03727,31-01-2025,high,Chennai,ads,37,female
C03728,09-04-2024,low,Kolkata,organic,26,male
C03729,31-01-2024,low,Chennai,referral,18,female
C03730,11-06-2025,high,Ahmedabad,ads,64,male
C03731,10-10-2025,low,Bangalore,organic,36,male
C03732,24-11-2024,medium,Kolkata,referral,29,male
C03733,14-06-2024,medium,Bhubaneswar,ads,18,female
C03734,03-04-2025,low,Bangalore,ads,20,female
C03735,09-04-2024,medium,Bangalore,organic,51,male
C03736,12-09-2025,high,Ahmedabad,ads,50,female
C03737,21-06-2024,medium,Chennai,organic,42,male
C03738,10-06-2024,medium,Jaipur,ads,23,female
C03739,28-12-2025,medium,Delhi,ads,50,male
C03740,19-09-2024,low,Pune,ads,39,female
C03741,30-09-2024,low,Pune,organic,41,male
C03742,03-01-2024,medium,Hyderabad,referral,39,female
C03743,28-01-2024,low,Hyderabad,organic,19,female
C03744,21-11-2024,high,Bangalore,ads,23,male
C03745,28-05-2024,high,Bangalore,ads,29,male
C03746,23-06-2025,low,Jaipur,ads,41,female
C03747,02-05-2025,high,Ahmedabad,organic,21,female
C03748,13-03-2025,medium,Delhi,organic,33,female
C03749,05-03-2024,medium,Pune,organic,33,female
C03750,21-12-2024,medium,Jaipur,ads,42,female
C03751,16-06-2025,low,Pune,organic,41,male
C03752,08-09-2024,medium,Bhubaneswar,ads,24,female
C03753,22-08-2024,high,Hyderabad,ads,49,male
C03754,14-08-2024,medium,Bhubaneswar,organic,23,female
C03755,08-06-2025,medium,Delhi,organic,45,female
C03756,08-11-2024,medium,Delhi,organic,29,female
C03757,18-02-2024,medium,Ahmedabad,organic,36,female
C03758,27-04-2024,low,Kolkata,ads,37,male
C03759,23-02-2024,low,Bangalore,ads,36,female
C03760,11-10-2025,medium,Hyderabad,ads,41,female
C03761,18-07-2025,medium,Jaipur,organic,38,male
C03762,13-02-2024,medium,Ahmedabad,referral,42,male
C03763,22-02-2024,low,Jaipur,organic,39,female
C03764,08-08-2025,low,Kolkata,organic,22,male
C03765,11-07-2025,medium,Ahmedabad,ads,37,female
C03766,08-06-2025,low,Chennai,referral,29,female
C03767,07-11-2025,medium,Pune,organic,23,female
C03768,11-04-2024,high,Bangalore,ads,32,female
C03769,01-02-2025,high,Bangalore,referral,36,male
C03770,17-05-2024,medium,Bangalore,ads,37,female
C03771,05-11-2025,medium,Bhubaneswar,organic,45,male
C03772,21-01-2025,high,Hyderabad,referral,48,male
C03773,20-04-2024,medium,Ahmedabad,ads,38,female
C03774,05-09-2025,medium,Ahmedabad,ads,40,male
C03775,17-01-2024,medium,Bhubaneswar,ads,35,male
C03776,30-06-2024,medium,Delhi,referral,42,female
C03777,19-06-2025,high,Hyderabad,ads,39,male
C03778,24-06-2025,medium,Kolkata,organic,34,female
C03779,19-06-2024,medium,Kolkata,ads,56,female
C03780,12-02-2025,medium,Bangalore,organic,29,male
C03781,12-01-2025,high,Ahmedabad,organic,49,male
C03782,06-07-2024,medium,Mumbai,ads,21,male
C03783,17-08-2024,high,Delhi,organic,43,male
C03784,28-04-2024,medium,Jaipur,ads,49,male
C03785,04-06-2024,low,Bangalore,referral,18,female
C03786,17-11-2025,high,Kolkata,ads,36,female
C03787,09-04-2025,medium,Kolkata,referral,42,male
C03788,13-04-2024,high,Hyderabad,organic,37,female
C03789,26-08-2025,medium,Delhi,referral,38,male
C03790,28-11-2025,medium,Delhi,referral,36,female
C03791,16-05-2025,medium,Mumbai,organic,24,male
C03792,23-11-2025,medium,Kolkata,organic,58,male
C03793,12-11-2025,low,Pune,organic,29,female
C03794,29-11-2025,medium,Hyderabad,referral,39,male
C03795,23-06-2024,medium,Ahmedabad,referral,28,female
C03796,04-11-2025,medium,Pune,organic,18,male
C03797,24-02-2025,low,Chennai,ads,25,male
C03798,13-05-2024,low,Hyderabad,organic,20,female
C03799,25-01-2025,medium,Jaipur,ads,45,female
C03800,15-05-2025,low,Ahmedabad,referral,28,male
C03801,26-10-2025,medium,Delhi,organic,29,male
C03802,02-02-2024,low,Ahmedabad,referral,24,female
C03803,24-02-2024,low,Hyderabad,referral,35,female
C03804,02-06-2025,high,Kolkata,referral,27,female
C03805,29-09-2025,low,Chennai,organic,44,female
C03806,12-01-2024,medium,Delhi,organic,38,other
C03807,11-06-2025,medium,Pune,organic,29,male
C03808,20-12-2025,medium,Bhubaneswar,ads,43,female
C03809,08-07-2025,low,Chennai,ads,35,female
C03810,07-01-2025,medium,Mumbai,organic,35,female
C03811,28-04-2025,high,Bhubaneswar,ads,20,male
C03812,08-10-2025,low,Jaipur,organic,34,female
C03813,15-08-2024,high,Pune,organic,38,female
C03814,14-09-2025,high,Jaipur,ads,48,female
C03815,02-11-2024,medium,Ahmedabad,organic,27,male
C03816,01-04-2025,medium,Kolkata,organic,57,female
C03817,08-06-2024,medium,Ahmedabad,organic,40,female
C03818,26-11-2024,high,Kolkata,referral,19,female
C03819,12-08-2024,low,Bangalore,ads,26,female
C03820,29-12-2025,low,Bangalore,ads,49,female
C03821,18-05-2025,medium,Jaipur,ads,47,male
C03822,31-03-2025,medium,Mumbai,ads,35,male
C03823,14-02-2024,medium,Jaipur,organic,36,male
C03824,01-08-2024,medium,Bangalore,ads,23,female
C03825,28-02-2024,high,Bhubaneswar,ads,48,male
C03826,05-10-2025,high,Bhubaneswar,ads,25,female
C03827,07-09-2025,low,Mumbai,ads,43,female
C03828,13-07-2024,medium,Mumbai,ads,48,female
C03829,03-05-2025,medium,Mumbai,organic,35,female
C03830,05-06-2024,low,Jaipur,referral,44,female
C03831,01-09-2025,medium,Pune,organic,53,female
C03832,13-08-2024,medium,Hyderabad,referral,37,male
C03833,15-02-2025,medium,Delhi,organic,33,male
C03834,23-07-2024,high,Mumbai,organic,34,male
C03835,19-03-2024,low,Delhi,ads,27,male
C03836,03-05-2024,medium,Pune,organic,27,female
C03837,15-04-2025,low,Hyderabad,referral,39,male
C03838,05-08-2024,low,Mumbai,ads,33,female
C03839,30-05-2025,low,Mumbai,ads,38,male
C03840,24-08-2025,low,Mumbai,organic,20,other
C03841,13-04-2024,medium,Bhubaneswar,organic,34,male
C03842,27-01-2025,medium,Pune,organic,45,male
C03843,22-09-2025,medium,Delhi,ads,23,male
C03844,06-10-2025,medium,Kolkata,ads,35,female
C03845,30-08-2025,low,Kolkata,ads,18,male
C03846,09-03-2025,medium,Pune,referral,21,female
C03847,26-11-2024,low,Mumbai,ads,43,female
C03848,22-05-2024,low,Kolkata,referral,31,male
C03849,23-06-2025,low,Delhi,organic,53,male
C03850,04-10-2024,low,Kolkata,organic,39,female
C03851,20-08-2024,medium,Delhi,organic,40,male
C03852,12-06-2025,high,Mumbai,organic,24,female
C03853,24-07-2025,high,Mumbai,ads,31,male
C03854,30-03-2024,medium,Jaipur,ads,27,female
C03855,06-05-2025,medium,Bangalore,ads,24,female
C03856,17-07-2024,low,Bhubaneswar,ads,41,female
C03857,27-12-2024,low,Hyderabad,referral,43,male
C03858,16-03-2025,medium,Hyderabad,referral,38,female
C03859,26-01-2024,high,Ahmedabad,organic,26,female
C03860,25-01-2024,high,Bhubaneswar,organic,38,female
C03861,28-01-2025,high,Mumbai,organic,18,female
C03862,21-05-2025,medium,Hyderabad,organic,48,female
C03863,27-10-2024,medium,Delhi,ads,22,female
C03864,04-12-2024,high,Ahmedabad,ads,23,female
C03865,23-09-2024,medium,Kolkata,organic,36,male
C03866,05-04-2025,high,Kolkata,ads,37,male
C03867,23-11-2025,medium,Ahmedabad,ads,34,other
C03868,31-03-2025,medium,Bangalore,organic,23,male
C03869,25-12-2024,medium,Chennai,organic,46,female
C03870,08-03-2024,medium,Delhi,referral,18,female
C03871,15-02-2025,low,Hyderabad,ads,20,male
C03872,05-05-2025,medium,Bangalore,organic,33,male
C03873,18-02-2024,medium,Delhi,organic,22,male
C03874,17-11-2025,low,Jaipur,organic,47,female
C03875,17-07-2025,medium,Hyderabad,organic,23,male
C03876,11-04-2024,low,Jaipur,referral,50,male
C03877,03-08-2024,medium,Mumbai,organic,45,female
C03878,13-03-2025,medium,Bhubaneswar,organic,47,male
C03879,30-11-2025,high,Mumbai,organic,53,female
C03880,22-07-2025,medium,Kolkata,ads,35,female
C03881,12-07-2025,medium,Bangalore,organic,24,male
C03882,07-06-2024,high,Ahmedabad,organic,33,male
C03883,03-05-2025,medium,Mumbai,ads,29,male
C03884,16-11-2025,medium,Bangalore,ads,27,male
C03885,29-08-2024,high,Pune,organic,36,male
C03886,05-01-2024,medium,Kolkata,organic,31,female
C03887,18-08-2025,medium,Hyderabad,ads,27,female
C03888,26-12-2024,high,Bangalore,referral,32,female
C03889,03-04-2025,medium,Delhi,organic,40,male
C03890,04-09-2024,low,Hyderabad,organic,44,male
C03891,19-07-2025,medium,Kolkata,organic,18,male
C03892,03-11-2025,medium,Mumbai,ads,31,male
C03893,25-02-2025,medium,Pune,ads,33,female
C03894,15-01-2024,medium,Jaipur,ads,23,male
C03895,26-07-2025,low,Chennai,ads,33,male
C03896,01-05-2024,medium,Hyderabad,referral,36,female
C03897,03-10-2024,high,Hyderabad,referral,40,female
C03898,11-07-2025,medium,Ahmedabad,ads,35,other
C03899,28-03-2025,low,Mumbai,ads,26,male
C03900,24-01-2025,high,Hyderabad,organic,55,male
C03901,20-10-2024,low,Ahmedabad,ads,43,male
C03902,27-07-2025,low,Kolkata,ads,40,male
C03903,20-08-2025,high,Hyderabad,ads,45,female
C03904,21-03-2025,low,Pune,organic,37,female
C03905,28-07-2024,medium,Delhi,ads,47,female
C03906,12-08-2025,low,Chennai,ads,35,male
C03907,14-12-2025,medium,Kolkata,ads,35,male
C03908,28-10-2024,medium,Jaipur,organic,41,female
C03909,10-08-2024,medium,Mumbai,ads,50,female
C03910,03-01-2024,low,Mumbai,organic,50,female
C03911,01-06-2025,high,Mumbai,referral,40,female
C03912,02-04-2024,medium,Pune,ads,40,other
C03913,03-06-2025,high,Kolkata,organic,41,female
C03914,03-03-2025,medium,Hyderabad,organic,44,male
C03915,07-05-2025,medium,Pune,ads,47,female
C03916,22-08-2024,medium,Ahmedabad,organic,32,male
C03917,11-09-2025,medium,Mumbai,referral,48,male
C03918,09-06-2024,high,Jaipur,ads,38,male
C03919,21-12-2025,high,Ahmedabad,organic,41,male
C03920,26-11-2024,high,Chennai,ads,48,male
C03921,28-11-2024,medium,Hyderabad,organic,42,male
C03922,19-02-2024,low,Hyderabad,referral,44,female
C03923,06-06-2025,high,Bangalore,organic,31,female
C03924,29-10-2025,low,Jaipur,referral,49,female
C03925,06-05-2025,low,Pune,ads,41,male
C03926,04-08-2025,medium,Pune,referral,36,male
C03927,11-11-2025,medium,Bhubaneswar,organic,46,male
C03928,28-09-2024,low,Chennai,organic,60,female
C03929,02-08-2025,high,Mumbai,ads,23,female
C03930,08-09-2024,medium,Bangalore,ads,26,male
C03931,13-07-2025,medium,Ahmedabad,organic,61,female
C03932,26-11-2025,medium,Hyderabad,organic,39,female
C03933,29-11-2025,low,Bhubaneswar,organic,36,male
C03934,30-03-2024,high,Bhubaneswar,ads,33,male
C03935,21-03-2025,medium,Chennai,organic,47,female
C03936,27-11-2024,medium,Delhi,organic,61,female
C03937,18-05-2024,medium,Hyderabad,organic,28,male
C03938,22-12-2024,medium,Pune,ads,34,male
C03939,23-08-2025,medium,Ahmedabad,organic,31,female
C03940,30-09-2024,low,Mumbai,referral,42,male
C03941,19-01-2024,medium,Mumbai,organic,47,female
C03942,06-11-2024,low,Jaipur,referral,51,male
C03943,02-06-2024,medium,Delhi,ads,42,male
C03944,24-01-2025,high,Chennai,organic,60,male
C03945,16-09-2024,high,Mumbai,organic,29,female
C03946,11-09-2025,high,Bangalore,ads,26,female
C03947,24-07-2025,medium,Mumbai,ads,49,female
C03948,04-05-2024,medium,Kolkata,ads,36,male
C03949,19-12-2024,low,Bangalore,organic,21,female
C03950,29-09-2024,low,Ahmedabad,referral,31,female
C03951,10-09-2025,high,Jaipur,referral,37,male
C03952,01-09-2024,medium,Mumbai,ads,28,other
C03953,25-03-2025,medium,Pune,ads,24,female
C03954,03-09-2024,medium,Bangalore,ads,32,other
C03955,03-06-2025,high,Jaipur,organic,24,female
C03956,20-05-2024,high,Bhubaneswar,organic,41,female
C03957,27-12-2024,low,Kolkata,ads,18,female
C03958,08-01-2024,low,Kolkata,referral,35,male
C03959,22-04-2025,high,Ahmedabad,organic,40,female
C03960,17-12-2024,medium,Bangalore,ads,34,male
C03961,09-05-2025,medium,Pune,referral,45,female
C03962,28-08-2025,low,Delhi,organic,21,female
C03963,02-03-2025,medium,Pune,organic,27,female
C03964,08-02-2024,high,Jaipur,ads,31,female
C03965,15-08-2025,low,Mumbai,organic,42,male
C03966,05-07-2024,medium,Hyderabad,organic,37,female
C03967,18-08-2025,medium,Ahmedabad,organic,56,male
C03968,22-08-2025,medium,Hyderabad,organic,26,male
C03969,02-04-2024,medium,Bangalore,referral,21,female
C03970,26-03-2024,medium,Delhi,ads,52,female
C03971,13-02-2024,medium,Kolkata,ads,20,male
C03972,16-05-2024,medium,Kolkata,ads,41,male
C03973,24-02-2025,high,Bhubaneswar,referral,25,male
C03974,14-03-2024,low,Jaipur,organic,18,female
C03975,01-07-2025,high,Jaipur,organic,31,female
C03976,04-09-2025,high,Pune,referral,43,male
C03977,26-05-2025,medium,Jaipur,referral,22,female
C03978,04-06-2024,low,Pune,organic,40,male
C03979,11-09-2024,low,Pune,organic,42,female
C03980,19-06-2024,medium,Mumbai,ads,22,male
C03981,28-12-2025,medium,Ahmedabad,organic,32,other
C03982,18-06-2024,low,Hyderabad,ads,50,male
C03983,17-11-2024,medium,Mumbai,organic,41,female
C03984,20-07-2025,medium,Delhi,organic,32,female
C03985,31-03-2025,low,Delhi,ads,39,male
C03986,25-08-2025,high,Delhi,referral,28,male
C03987,04-09-2025,low,Kolkata,ads,46,male
C03988,03-06-2024,low,Kolkata,organic,46,female
C03989,14-12-2024,medium,Ahmedabad,referral,36,male
C03990,26-03-2025,low,Delhi,ads,37,female
C03991,14-10-2025,low,Bangalore,organic,25,female
C03992,21-06-2024,high,Bangalore,organic,21,male
C03993,10-01-2024,medium,Bhubaneswar,organic,31,male
C03994,21-09-2024,high,Mumbai,ads,34,female
C03995,13-03-2025,medium,Hyderabad,ads,45,male
C03996,03-09-2024,low,Kolkata,organic,44,male
C03997,28-10-2025,medium,Jaipur,organic,36,female
C03998,29-06-2025,medium,Hyderabad,organic,46,male
C03999,13-05-2025,medium,Chennai,ads,25,male
C04000,08-05-2024,low,Ahmedabad,organic,45,male
C04001,02-11-2025,high,Ahmedabad,organic,27,other
C04002,23-08-2025,medium,Delhi,referral,47,male
C04003,27-08-2025,high,Bangalore,ads,34,other
C04004,22-11-2024,medium,Delhi,organic,18,male
C04005,07-02-2025,high,Hyderabad,ads,42,male
C04006,20-09-2025,medium,Bangalore,organic,43,female
C04007,28-08-2025,medium,Delhi,ads,30,male
C04008,05-11-2025,high,Hyderabad,ads,31,male
C04009,02-09-2025,low,Chennai,ads,33,male
C04010,16-09-2025,high,Bhubaneswar,ads,18,female
C04011,24-12-2024,medium,Mumbai,organic,18,male
C04012,25-08-2025,high,Bhubaneswar,ads,48,female
C04013,18-12-2025,medium,Chennai,organic,26,female
C04014,17-01-2024,medium,Bhubaneswar,organic,53,male
C04015,30-09-2024,medium,Jaipur,referral,48,male
C04016,15-11-2025,high,Kolkata,ads,50,female
C04017,25-04-2024,medium,Kolkata,referral,28,female
C04018,23-11-2025,medium,Jaipur,organic,18,female
C04019,31-03-2024,low,Kolkata,ads,24,male
C04020,22-03-2024,medium,Hyderabad,organic,30,male
C04021,19-11-2024,medium,Kolkata,ads,18,female
C04022,23-04-2024,medium,Ahmedabad,organic,30,female
C04023,27-02-2024,medium,Ahmedabad,organic,32,female
C04024,02-06-2024,high,Bangalore,organic,22,male
C04025,07-02-2025,medium,Pune,ads,24,other
C04026,19-09-2025,medium,Chennai,organic,32,male
C04027,22-09-2024,medium,Ahmedabad,referral,38,male
C04028,10-11-2024,medium,Mumbai,organic,26,female
C04029,15-12-2025,low,Bangalore,organic,37,female
C04030,10-02-2024,high,Jaipur,organic,36,male
C04031,14-04-2024,medium,Chennai,referral,35,female
C04032,11-07-2024,low,Chennai,organic,28,male
C04033,04-02-2025,medium,Jaipur,organic,21,male
C04034,04-10-2024,medium,Pune,ads,51,female
C04035,19-12-2024,medium,Bhubaneswar,organic,41,male
C04036,02-08-2025,high,Bhubaneswar,ads,45,male
C04037,09-12-2025,medium,Delhi,organic,34,male
C04038,12-09-2024,low,Delhi,ads,33,male
C04039,12-10-2025,high,Bangalore,organic,39,male
C04040,22-10-2025,medium,Delhi,ads,18,female
C04041,08-04-2024,low,Delhi,ads,23,female
C04042,10-08-2025,low,Jaipur,ads,27,male
C04043,08-10-2024,medium,Bhubaneswar,ads,30,female
C04044,06-02-2025,medium,Delhi,referral,26,female
C04045,18-04-2024,medium,Ahmedabad,organic,38,female
C04046,30-11-2025,high,Mumbai,organic,35,male
C04047,17-07-2024,medium,Ahmedabad,ads,48,male
C04048,29-10-2024,medium,Pune,ads,59,female
C04049,22-11-2024,low,Ahmedabad,organic,22,male
C04050,02-06-2024,high,Bangalore,ads,36,male
C04051,05-07-2025,medium,Delhi,organic,36,female
C04052,06-10-2025,medium,Delhi,ads,34,male
C04053,08-02-2025,medium,Jaipur,referral,24,other
C04054,06-04-2025,high,Hyderabad,ads,25,female
C04055,11-05-2024,medium,Pune,organic,37,female
C04056,24-03-2024,low,Ahmedabad,ads,25,female
C04057,02-02-2025,medium,Hyderabad,ads,36,male
C04058,19-09-2025,medium,Chennai,organic,32,female
C04059,18-04-2024,medium,Mumbai,ads,36,female
C04060,08-08-2024,medium,Mumbai,referral,25,male
C04061,06-07-2025,medium,Bhubaneswar,organic,36,female
C04062,02-01-2025,low,Delhi,organic,26,female
C04063,26-05-2024,low,Bhubaneswar,organic,36,female
C04064,21-04-2024,medium,Jaipur,ads,48,female
C04065,06-09-2025,medium,Pune,referral,37,male
C04066,11-07-2025,low,Pune,ads,38,male
C04067,08-05-2025,medium,Chennai,organic,43,male
C04068,19-05-2025,medium,Bangalore,ads,20,male
C04069,19-04-2025,medium,Pune,ads,52,male
C04070,27-09-2024,low,Pune,ads,24,female
C04071,24-02-2025,medium,Pune,organic,43,female
C04072,07-12-2025,low,Mumbai,ads,42,male
C04073,01-01-2025,low,Bangalore,ads,25,female
C04074,06-10-2024,medium,Bangalore,organic,45,male
C04075,09-10-2024,low,Kolkata,ads,39,female
C04076,09-02-2024,low,Ahmedabad,referral,53,other
C04077,07-07-2024,medium,Jaipur,organic,36,female
C04078,12-06-2024,high,Delhi,referral,33,male
C04079,19-06-2025,high,Pune,organic,29,male
C04080,19-06-2025,medium,Pune,ads,18,female
C04081,04-01-2024,medium,Kolkata,organic,31,female
C04082,16-10-2024,medium,Delhi,organic,32,female
C04083,08-03-2025,high,Bangalore,ads,37,male
C04084,15-04-2025,low,Chennai,ads,20,male
C04085,29-06-2024,medium,Mumbai,ads,32,male
C04086,04-09-2024,medium,Pune,ads,40,female
C04087,19-09-2025,medium,Jaipur,ads,41,female
C04088,05-10-2024,medium,Jaipur,referral,18,male
C04089,03-08-2025,medium,Pune,ads,42,male
C04090,10-09-2024,medium,Jaipur,organic,32,female
C04091,29-06-2024,high,Chennai,organic,33,other
C04092,11-11-2025,low,Jaipur,organic,18,male
C04093,23-05-2025,low,Hyderabad,ads,49,male
C04094,30-11-2025,medium,Delhi,organic,36,female
C04095,19-07-2025,low,Kolkata,organic,19,male
C04096,21-11-2024,low,Kolkata,organic,38,female
C04097,22-12-2024,high,Bhubaneswar,ads,38,male
C04098,11-10-2025,low,Mumbai,organic,47,female
C04099,10-11-2025,low,Delhi,organic,31,female
C04100,25-01-2025,medium,Pune,ads,35,male
C04101,06-09-2025,high,Hyderabad,ads,28,female
C04102,25-03-2024,high,Chennai,organic,40,female
C04103,12-11-2024,high,Bhubaneswar,ads,27,male
C04104,30-07-2024,low,Mumbai,organic,26,male
C04105,29-05-2025,medium,Mumbai,referral,34,female
C04106,18-01-2025,low,Ahmedabad,organic,22,female
C04107,21-11-2025,low,Delhi,referral,51,male
C04108,07-12-2024,medium,Hyderabad,referral,54,male
C04109,07-02-2024,medium,Bangalore,ads,30,female
C04110,25-05-2025,high,Chennai,organic,21,male
C04111,23-02-2025,medium,Bhubaneswar,ads,38,female
C04112,17-06-2024,medium,Pune,organic,30,female
C04113,08-12-2024,high,Kolkata,referral,46,female
C04114,01-11-2024,high,Bhubaneswar,ads,27,female
C04115,25-06-2025,low,Jaipur,referral,40,female
C04116,02-12-2025,medium,Mumbai,ads,36,female
C04117,20-06-2025,medium,Pune,ads,28,male
C04118,21-04-2024,medium,Chennai,ads,37,female
C04119,14-02-2025,low,Hyderabad,organic,43,female
C04120,24-07-2024,medium,Bangalore,ads,35,female
C04121,03-07-2024,high,Jaipur,ads,35,female
C04122,16-01-2025,low,Pune,referral,26,female
C04123,10-05-2025,medium,Pune,ads,46,male
C04124,13-01-2025,high,Mumbai,referral,45,female
C04125,16-02-2024,medium,Delhi,referral,30,male
C04126,04-07-2025,low,Jaipur,ads,33,other
C04127,11-06-2025,medium,Mumbai,organic,49,male
C04128,18-05-2025,medium,Bhubaneswar,ads,23,male
C04129,22-01-2024,medium,Jaipur,ads,41,female
C04130,31-07-2024,low,Bangalore,organic,29,female
C04131,05-11-2024,high,Kolkata,organic,52,female
C04132,22-10-2025,medium,Bhubaneswar,referral,35,male
C04133,28-09-2024,low,Bangalore,organic,47,female
C04134,24-07-2025,high,Hyderabad,ads,27,female
C04135,20-07-2024,low,Mumbai,referral,22,male
C04136,01-02-2024,low,Bangalore,ads,32,female
C04137,18-03-2025,low,Delhi,ads,37,female
C04138,10-06-2024,medium,Ahmedabad,ads,29,male
C04139,10-09-2024,medium,Kolkata,ads,42,female
C04140,04-06-2025,low,Hyderabad,organic,32,female
C04141,12-10-2025,low,Pune,referral,18,female
C04142,24-04-2025,high,Mumbai,ads,40,male
C04143,10-01-2024,low,Bhubaneswar,ads,26,female
C04144,26-12-2025,medium,Ahmedabad,ads,31,female
C04145,19-05-2025,high,Jaipur,organic,50,male
C04146,13-07-2025,medium,Mumbai,referral,52,male
C04147,11-03-2025,low,Chennai,ads,29,female
C04148,20-04-2024,medium,Mumbai,organic,40,female
C04149,01-06-2024,medium,Chennai,referral,29,female
C04150,26-09-2025,low,Pune,ads,32,female
C04151,11-04-2024,medium,Hyderabad,ads,28,female
C04152,09-07-2024,medium,Kolkata,ads,18,female
C04153,29-12-2025,medium,Mumbai,organic,35,male
C04154,16-07-2025,medium,Pune,ads,37,male
C04155,21-03-2024,medium,Jaipur,organic,28,female
C04156,03-05-2025,low,Ahmedabad,ads,45,female
C04157,28-03-2024,medium,Delhi,ads,30,female
C04158,12-07-2024,low,Bangalore,referral,28,female
C04159,13-04-2024,high,Pune,ads,40,female
C04160,05-04-2024,medium,Ahmedabad,organic,19,male
C04161,26-02-2025,medium,Chennai,referral,44,female
C04162,16-07-2024,high,Pune,ads,30,male
C04163,01-01-2024,medium,Jaipur,ads,44,female
C04164,10-02-2025,medium,Pune,organic,47,female
C04165,12-01-2025,high,Kolkata,referral,41,female
C04166,15-06-2024,medium,Chennai,referral,26,male
C04167,23-05-2025,medium,Mumbai,ads,22,male
C04168,29-09-2025,medium,Bhubaneswar,referral,20,male
C04169,08-11-2024,low,Delhi,organic,46,female
C04170,15-08-2025,medium,Mumbai,referral,33,male
C04171,21-02-2025,medium,Bangalore,ads,29,male
C04172,11-11-2025,low,Pune,organic,33,other
C04173,21-04-2025,low,Hyderabad,ads,45,female
C04174,13-03-2024,medium,Pune,ads,42,male
C04175,20-05-2024,high,Chennai,organic,39,female
C04176,04-08-2025,medium,Kolkata,organic,41,female
C04177,18-09-2024,medium,Pune,organic,36,female
C04178,05-12-2024,low,Bangalore,organic,38,female
C04179,03-11-2024,low,Jaipur,organic,37,male
C04180,01-09-2024,medium,Pune,organic,34,male
C04181,29-05-2025,low,Mumbai,organic,42,male
C04182,02-12-2024,medium,Bhubaneswar,referral,38,male
C04183,28-07-2025,high,Hyderabad,ads,26,female
C04184,14-07-2025,low,Bangalore,organic,40,male
C04185,16-03-2024,medium,Bangalore,referral,37,female
C04186,23-06-2024,low,Chennai,ads,41,female
C04187,18-04-2024,low,Bangalore,ads,33,male
C04188,01-07-2024,medium,Hyderabad,ads,43,male
C04189,10-07-2024,medium,Mumbai,ads,34,male
C04190,05-03-2024,medium,Bhubaneswar,organic,42,male
C04191,18-04-2025,medium,Ahmedabad,organic,30,female
C04192,09-04-2024,medium,Pune,ads,31,female
C04193,27-06-2025,medium,Bangalore,ads,41,female
C04194,07-05-2024,low,Jaipur,ads,31,female
C04195,27-03-2025,medium,Kolkata,organic,57,male
C04196,03-01-2025,high,Jaipur,ads,40,female
C04197,12-02-2024,medium,Mumbai,ads,35,female
C04198,22-02-2025,low,Ahmedabad,referral,43,male
C04199,02-05-2025,medium,Chennai,organic,30,female
C04200,18-03-2024,medium,Mumbai,referral,44,male
C04201,26-09-2024,low,Jaipur,referral,43,female
C04202,04-11-2025,medium,Hyderabad,ads,47,female
C04203,01-12-2025,medium,Pune,ads,30,female
C04204,28-12-2025,low,Mumbai,organic,22,female
C04205,10-11-2024,high,Delhi,referral,28,female
C04206,16-06-2024,low,Pune,organic,32,female
C04207,04-12-2024,high,Delhi,ads,51,female
C04208,11-07-2024,high,Bangalore,organic,56,male
C04209,28-03-2025,low,Kolkata,ads,38,female
C04210,09-10-2024,medium,Mumbai,ads,35,female
C04211,01-12-2024,low,Pune,referral,31,male
C04212,24-01-2025,low,Chennai,ads,43,male
C04213,08-06-2025,low,Delhi,referral,56,male
C04214,27-08-2024,low,Bhubaneswar,ads,52,male
C04215,27-04-2025,medium,Jaipur,organic,46,male
C04216,20-10-2025,low,Pune,organic,46,male
C04217,16-12-2025,high,Kolkata,ads,43,male
C04218,14-08-2025,medium,Mumbai,organic,34,male
C04219,08-07-2025,low,Pune,ads,27,male
C04220,02-04-2025,medium,Mumbai,organic,34,female
C04221,29-03-2024,medium,Hyderabad,ads,39,female
C04222,21-10-2025,medium,Delhi,ads,20,female
C04223,04-04-2024,medium,Pune,ads,33,female
C04224,27-03-2025,low,Pune,organic,26,male
C04225,03-03-2025,high,Kolkata,organic,45,female
C04226,30-05-2024,medium,Kolkata,organic,29,female
C04227,28-05-2025,low,Jaipur,organic,38,male
C04228,10-01-2025,medium,Chennai,ads,27,male
C04229,22-01-2024,high,Mumbai,ads,50,female
C04230,08-11-2024,medium,Ahmedabad,organic,18,male
C04231,02-06-2025,medium,Jaipur,ads,39,female
C04232,24-07-2024,high,Kolkata,ads,22,female
C04233,09-01-2025,low,Ahmedabad,organic,29,male
C04234,26-03-2025,medium,Bangalore,ads,37,male
C04235,17-09-2025,low,Ahmedabad,organic,37,female
C04236,17-08-2025,low,Delhi,ads,37,male
C04237,27-06-2024,medium,Pune,ads,36,female
C04238,28-07-2024,high,Kolkata,organic,28,male
C04239,14-05-2025,medium,Pune,ads,33,other
C04240,08-04-2025,high,Jaipur,ads,35,male
C04241,03-05-2024,low,Hyderabad,organic,36,female
C04242,22-04-2024,high,Kolkata,ads,34,male
C04243,12-01-2024,medium,Kolkata,ads,42,male
C04244,05-05-2024,medium,Bhubaneswar,ads,35,female
C04245,18-07-2025,medium,Pune,ads,37,male
C04246,26-11-2024,medium,Kolkata,referral,31,male
C04247,09-10-2024,medium,Hyderabad,referral,24,male
C04248,19-05-2024,high,Hyderabad,ads,36,female
C04249,04-02-2025,high,Delhi,referral,47,female
C04250,06-04-2024,medium,Mumbai,organic,39,female
C04251,31-05-2025,low,Kolkata,ads,26,male
C04252,22-07-2025,medium,Hyderabad,organic,43,male
C04253,09-03-2024,medium,Hyderabad,organic,31,male
C04254,27-04-2024,medium,Delhi,ads,42,female
C04255,28-02-2024,medium,Bhubaneswar,ads,31,female
C04256,02-02-2024,low,Mumbai,ads,38,female
C04257,13-11-2024,high,Chennai,ads,29,female
C04258,19-02-2024,medium,Kolkata,ads,30,female
C04259,03-05-2025,low,Chennai,ads,19,male
C04260,19-01-2024,low,Chennai,organic,40,male
C04261,26-12-2025,high,Jaipur,organic,38,male
C04262,15-07-2024,medium,Bhubaneswar,organic,39,male
C04263,25-03-2025,low,Jaipur,ads,37,female
C04264,12-07-2025,high,Pune,organic,27,female
C04265,09-11-2025,low,Ahmedabad,organic,44,female
C04266,27-03-2025,low,Delhi,ads,44,male
C04267,15-10-2024,low,Hyderabad,ads,27,female
C04268,20-05-2024,high,Hyderabad,ads,40,male
C04269,24-03-2024,low,Mumbai,organic,43,male
C04270,24-11-2025,medium,Bhubaneswar,ads,30,other
C04271,25-01-2025,low,Hyderabad,ads,32,male
C04272,13-08-2025,high,Jaipur,referral,40,male
C04273,02-08-2024,high,Ahmedabad,ads,19,female
C04274,09-06-2025,medium,Jaipur,organic,24,female
C04275,02-08-2024,high,Chennai,ads,25,male
C04276,06-02-2025,medium,Pune,organic,18,female
C04277,07-05-2024,low,Hyderabad,organic,45,female
C04278,21-04-2025,medium,Chennai,organic,18,male
C04279,07-02-2025,low,Hyderabad,ads,38,male
C04280,29-01-2024,high,Kolkata,ads,43,female
C04281,03-12-2024,high,Bangalore,ads,32,male
C04282,14-12-2025,high,Delhi,ads,28,male
C04283,26-12-2024,medium,Delhi,organic,37,female
C04284,22-07-2025,low,Hyderabad,ads,35,female
C04285,26-01-2025,high,Ahmedabad,ads,45,male
C04286,05-08-2024,medium,Bhubaneswar,ads,18,male
C04287,27-07-2025,medium,Mumbai,ads,25,female
C04288,30-10-2025,low,Ahmedabad,organic,40,female
C04289,20-07-2024,high,Bhubaneswar,ads,35,female
C04290,17-01-2024,medium,Ahmedabad,ads,42,female
C04291,17-11-2024,high,Kolkata,ads,37,female
C04292,01-06-2025,medium,Ahmedabad,ads,33,other
C04293,23-07-2025,medium,Mumbai,referral,31,female
C04294,20-11-2024,low,Delhi,organic,58,male
C04295,15-02-2025,medium,Ahmedabad,ads,50,male
C04296,13-11-2024,medium,Jaipur,ads,39,male
C04297,11-11-2025,medium,Bhubaneswar,organic,35,male
C04298,22-03-2024,high,Pune,organic,40,male
C04299,18-04-2025,medium,Bhubaneswar,ads,43,male
C04300,12-04-2025,low,Delhi,organic,39,male
C04301,28-02-2025,low,Ahmedabad,organic,27,male
C04302,31-12-2025,low,Jaipur,referral,52,male
C04303,19-11-2025,low,Ahmedabad,ads,37,male
C04304,22-07-2024,high,Ahmedabad,organic,55,female
C04305,05-08-2025,medium,Hyderabad,ads,36,male
C04306,21-01-2025,high,Kolkata,ads,32,female
C04307,07-04-2024,medium,Mumbai,referral,48,male
C04308,10-12-2024,high,Kolkata,ads,38,female
C04309,26-07-2024,medium,Pune,referral,36,male
C04310,28-05-2025,medium,Delhi,organic,22,female
C04311,27-09-2025,low,Ahmedabad,ads,41,male
C04312,08-08-2025,low,Bangalore,organic,30,female
C04313,14-06-2024,low,Kolkata,organic,30,male
C04314,22-01-2024,high,Chennai,ads,30,female
C04315,02-06-2024,high,Bangalore,organic,39,male
C04316,14-03-2025,medium,Kolkata,ads,19,male
C04317,21-10-2024,medium,Chennai,referral,32,male
C04318,06-08-2024,medium,Delhi,organic,44,female
C04319,30-10-2025,medium,Ahmedabad,organic,22,female
C04320,09-05-2025,medium,Jaipur,ads,36,male
C04321,17-08-2024,medium,Jaipur,referral,28,female
C04322,20-01-2024,medium,Kolkata,ads,30,female
C04323,06-07-2025,medium,Ahmedabad,ads,51,female
C04324,27-05-2024,medium,Kolkata,organic,18,female
C04325,17-04-2024,medium,Delhi,organic,42,male
C04326,06-02-2025,medium,Chennai,ads,30,male
C04327,18-08-2025,high,Ahmedabad,organic,29,female
C04328,27-04-2025,medium,Bangalore,referral,23,male
C04329,01-01-2025,low,Chennai,ads,42,female
C04330,17-02-2025,low,Bangalore,ads,33,female
C04331,04-11-2024,medium,Bangalore,ads,31,female
C04332,13-05-2024,medium,Delhi,ads,36,male
C04333,19-12-2025,medium,Mumbai,ads,33,male
C04334,09-10-2024,medium,Mumbai,referral,18,male
C04335,13-03-2024,medium,Ahmedabad,referral,30,other
C04336,25-04-2025,medium,Pune,referral,43,male
C04337,17-12-2024,medium,Bhubaneswar,referral,19,male
C04338,13-07-2025,medium,Mumbai,ads,24,male
C04339,21-11-2024,low,Ahmedabad,ads,30,male
C04340,18-03-2025,high,Bangalore,organic,27,male
C04341,09-04-2024,low,Jaipur,organic,34,male
C04342,28-02-2024,high,Mumbai,organic,24,male
C04343,22-05-2025,high,Delhi,organic,31,other
C04344,14-09-2024,low,Ahmedabad,ads,34,female
C04345,16-02-2025,low,Bhubaneswar,organic,41,female
C04346,27-03-2025,high,Kolkata,referral,47,male
C04347,05-03-2024,medium,Pune,referral,32,female
C04348,17-08-2025,high,Bangalore,organic,53,female
C04349,02-06-2024,medium,Bangalore,organic,33,other
C04350,22-09-2024,low,Kolkata,referral,43,male
C04351,19-03-2024,low,Mumbai,referral,54,female
C04352,10-11-2024,medium,Jaipur,referral,36,male
C04353,23-10-2025,medium,Kolkata,referral,21,male
C04354,13-07-2025,medium,Jaipur,referral,35,male
C04355,04-09-2024,medium,Bangalore,ads,28,female
C04356,01-09-2025,low,Bhubaneswar,organic,32,female
C04357,17-02-2025,low,Mumbai,ads,54,male
C04358,25-01-2024,medium,Ahmedabad,organic,22,female
C04359,10-10-2024,medium,Bangalore,referral,38,male
C04360,24-03-2025,medium,Kolkata,ads,26,male
C04361,27-10-2024,high,Jaipur,ads,31,male
C04362,08-03-2024,low,Jaipur,organic,42,female
C04363,07-01-2024,medium,Bangalore,ads,38,male
C04364,16-05-2024,medium,Bangalore,ads,32,male
C04365,12-06-2024,medium,Bhubaneswar,referral,28,other
C04366,23-03-2024,low,Bhubaneswar,organic,38,female
C04367,11-10-2025,high,Hyderabad,referral,52,male
C04368,23-02-2025,low,Kolkata,referral,25,female
C04369,13-03-2024,low,Delhi,ads,54,male
C04370,24-08-2024,low,Kolkata,ads,46,female
C04371,15-02-2024,medium,Bhubaneswar,ads,48,male
C04372,09-09-2025,medium,Hyderabad,organic,38,male
C04373,18-09-2024,medium,Mumbai,organic,46,male
C04374,24-06-2024,medium,Bangalore,referral,24,male
C04375,14-06-2024,high,Pune,ads,28,female
C04376,18-10-2025,medium,Kolkata,organic,42,female
C04377,04-01-2025,medium,Kolkata,ads,37,other
C04378,23-02-2024,low,Chennai,ads,33,female
C04379,20-11-2025,high,Bhubaneswar,organic,18,other
C04380,22-02-2025,medium,Pune,ads,30,male
C04381,21-05-2025,low,Ahmedabad,organic,23,female
C04382,06-12-2024,low,Chennai,organic,39,male
C04383,06-05-2024,low,Delhi,ads,33,female
C04384,12-02-2025,low,Kolkata,ads,28,female
C04385,01-01-2025,low,Hyderabad,organic,61,male
C04386,27-09-2024,medium,Hyderabad,ads,45,male
C04387,05-10-2025,medium,Ahmedabad,organic,45,male
C04388,27-08-2025,high,Jaipur,organic,57,male
C04389,13-01-2025,high,Chennai,organic,43,other
C04390,13-03-2024,medium,Chennai,organic,27,female
C04391,04-09-2024,high,Hyderabad,organic,26,male
C04392,12-02-2024,medium,Hyderabad,referral,44,male
C04393,11-01-2025,high,Bangalore,ads,18,male
C04394,10-02-2024,high,Hyderabad,organic,34,other
C04395,18-06-2024,low,Bhubaneswar,organic,18,female
C04396,30-07-2024,high,Hyderabad,organic,35,female
C04397,07-05-2025,low,Chennai,ads,43,female
C04398,10-11-2025,high,Bangalore,organic,37,female
C04399,08-02-2024,low,Delhi,organic,44,male
C04400,03-01-2025,low,Chennai,ads,54,female
C04401,30-05-2024,medium,Hyderabad,ads,33,female
C04402,20-04-2024,medium,Hyderabad,organic,63,male
C04403,24-04-2025,high,Hyderabad,ads,37,male
C04404,11-03-2025,low,Bangalore,organic,44,female
C04405,16-02-2024,low,Kolkata,organic,28,male
C04406,28-07-2025,low,Bangalore,ads,51,female
C04407,31-12-2024,medium,Mumbai,ads,45,female
C04408,09-03-2024,medium,Bhubaneswar,ads,49,female
C04409,25-10-2024,low,Pune,organic,35,female
C04410,22-10-2024,medium,Bhubaneswar,ads,22,female
C04411,21-07-2024,medium,Hyderabad,organic,39,male
C04412,01-03-2024,high,Pune,ads,18,male
C04413,09-11-2024,low,Delhi,ads,31,male
C04414,09-06-2024,high,Jaipur,organic,36,female
C04415,26-11-2024,medium,Chennai,ads,58,female
C04416,11-06-2025,medium,Kolkata,ads,38,male
C04417,03-12-2024,low,Jaipur,organic,36,female
C04418,28-08-2025,medium,Bangalore,referral,34,female
C04419,30-10-2024,medium,Mumbai,referral,21,other
C04420,17-05-2025,high,Ahmedabad,organic,35,male
C04421,11-10-2025,low,Bhubaneswar,referral,36,female
C04422,03-12-2024,low,Jaipur,ads,25,female
C04423,03-07-2025,low,Mumbai,ads,23,male
C04424,30-09-2025,medium,Hyderabad,referral,30,male
C04425,01-10-2024,low,Bangalore,ads,35,male
C04426,12-06-2024,medium,Bangalore,organic,30,male
C04427,18-03-2025,medium,Chennai,referral,24,male
C04428,14-11-2024,medium,Pune,organic,37,female
C04429,11-08-2025,medium,Pune,organic,40,female
C04430,18-05-2025,low,Jaipur,organic,36,other
C04431,16-11-2025,medium,Delhi,referral,29,male
C04432,21-01-2025,medium,Pune,referral,40,female
C04433,25-08-2025,medium,Pune,organic,33,female
C04434,21-11-2025,high,Hyderabad,referral,23,female
C04435,08-05-2025,medium,Hyderabad,organic,45,female
C04436,04-05-2025,medium,Mumbai,referral,38,female
C04437,21-12-2025,high,Bangalore,ads,33,male
C04438,13-03-2024,medium,Bangalore,organic,19,female
C04439,23-05-2025,medium,Bangalore,organic,27,female
C04440,24-01-2025,low,Mumbai,organic,55,other
C04441,10-09-2025,medium,Ahmedabad,organic,19,female
C04442,21-10-2024,low,Hyderabad,ads,32,female
C04443,03-01-2025,low,Mumbai,organic,34,female
C04444,24-11-2025,low,Bangalore,referral,38,female
C04445,02-07-2025,medium,Jaipur,ads,20,other
C04446,10-10-2025,medium,Hyderabad,ads,36,female
C04447,21-07-2025,low,Kolkata,organic,18,female
C04448,05-07-2024,medium,Pune,referral,35,male
C04449,20-03-2025,medium,Hyderabad,ads,28,female
C04450,23-07-2025,medium,Hyderabad,referral,26,male
C04451,28-12-2024,high,Bangalore,referral,43,female
C04452,02-05-2024,low,Bhubaneswar,organic,32,male
C04453,06-07-2024,medium,Ahmedabad,organic,39,male
C04454,10-11-2025,medium,Hyderabad,referral,40,male
C04455,23-02-2025,medium,Mumbai,referral,47,female
C04456,17-09-2025,medium,Delhi,ads,22,female
C04457,08-09-2024,high,Bangalore,organic,44,female
C04458,10-09-2025,medium,Bangalore,ads,35,female
C04459,02-07-2025,low,Bhubaneswar,organic,31,other
C04460,30-11-2024,medium,Chennai,organic,23,male
C04461,01-04-2024,low,Delhi,ads,41,female
C04462,13-06-2025,medium,Kolkata,organic,25,female
C04463,03-03-2024,medium,Pune,ads,40,female
C04464,23-10-2025,high,Chennai,referral,54,male
C04465,26-05-2025,medium,Jaipur,referral,44,other
C04466,18-05-2024,low,Hyderabad,referral,48,male
C04467,28-11-2025,low,Jaipur,referral,27,male
C04468,03-07-2024,medium,Kolkata,organic,42,male
C04469,23-07-2024,medium,Mumbai,referral,23,male
C04470,01-08-2024,low,Ahmedabad,referral,32,female
C04471,12-09-2024,medium,Mumbai,referral,52,female
C04472,14-05-2024,high,Mumbai,ads,28,male
C04473,26-07-2025,low,Mumbai,organic,46,female
C04474,28-03-2024,medium,Delhi,organic,45,female
C04475,25-07-2024,low,Bangalore,organic,45,female
C04476,08-05-2024,medium,Hyderabad,referral,22,female
C04477,03-01-2024,low,Pune,ads,40,female
C04478,30-04-2024,medium,Delhi,referral,33,female
C04479,19-01-2025,medium,Chennai,ads,45,male
C04480,05-09-2025,medium,Chennai,ads,18,male
C04481,07-02-2024,medium,Delhi,organic,38,male
C04482,06-12-2024,high,Kolkata,organic,37,female
C04483,06-10-2025,medium,Jaipur,ads,18,female
C04484,14-12-2025,high,Delhi,ads,26,female
C04485,21-01-2024,low,Delhi,organic,18,male
C04486,29-08-2024,medium,Pune,ads,27,female
C04487,30-03-2025,high,Pune,organic,40,female
C04488,12-09-2025,high,Bangalore,referral,36,other
C04489,29-10-2024,high,Pune,organic,36,male
C04490,18-08-2025,medium,Bangalore,ads,24,male
C04491,17-08-2025,high,Mumbai,organic,46,other
C04492,09-03-2024,low,Jaipur,ads,34,other
C04493,08-05-2024,high,Kolkata,ads,35,male
C04494,14-07-2024,medium,Jaipur,ads,44,male
C04495,19-05-2024,low,Bangalore,referral,25,female
C04496,19-03-2025,low,Pune,organic,37,female
C04497,09-10-2024,high,Delhi,organic,39,male
C04498,07-11-2024,low,Hyderabad,ads,29,female
C04499,18-06-2025,medium,Mumbai,ads,41,male
C04500,26-10-2025,low,Bhubaneswar,organic,39,female
C04501,03-10-2024,medium,Chennai,ads,33,female
C04502,01-03-2024,medium,Bangalore,organic,33,male
C04503,14-11-2024,low,Jaipur,organic,40,male
C04504,21-02-2024,medium,Pune,ads,42,male
C04505,01-06-2024,medium,Mumbai,referral,35,female
C04506,06-11-2024,medium,Chennai,ads,46,male
C04507,27-06-2025,high,Bhubaneswar,ads,41,female
C04508,20-07-2025,high,Delhi,referral,18,female
C04509,23-01-2025,high,Delhi,organic,20,female
C04510,01-07-2025,medium,Bangalore,ads,46,female
C04511,13-09-2025,medium,Bangalore,referral,32,female
C04512,25-06-2024,medium,Pune,organic,36,female
C04513,27-12-2024,high,Hyderabad,organic,46,female
C04514,09-11-2024,medium,Pune,referral,34,female
C04515,06-04-2024,low,Kolkata,referral,35,male
C04516,31-07-2024,medium,Mumbai,organic,26,female
C04517,16-05-2024,medium,Mumbai,organic,38,male
C04518,06-01-2024,low,Jaipur,organic,40,female
C04519,18-04-2024,low,Delhi,organic,29,female
C04520,30-06-2025,medium,Ahmedabad,ads,25,male
C04521,08-02-2024,low,Pune,ads,61,male
C04522,23-10-2025,medium,Jaipur,referral,34,male
C04523,28-02-2025,low,Bangalore,organic,28,male
C04524,21-09-2025,medium,Mumbai,referral,42,female
C04525,17-09-2024,medium,Bangalore,organic,34,female
C04526,01-03-2025,high,Pune,organic,24,male
C04527,27-03-2024,low,Chennai,ads,39,male
C04528,09-04-2025,medium,Bangalore,organic,26,female
C04529,16-03-2024,medium,Ahmedabad,organic,50,male
C04530,15-04-2025,medium,Mumbai,referral,39,other
C04531,17-02-2025,low,Pune,organic,32,male
C04532,26-12-2025,low,Jaipur,ads,36,female
C04533,01-04-2025,medium,Hyderabad,organic,44,male
C04534,11-10-2024,medium,Hyderabad,organic,36,male
C04535,26-08-2024,medium,Pune,ads,56,male
C04536,07-11-2025,medium,Hyderabad,referral,46,female
C04537,21-08-2025,low,Mumbai,ads,39,male
C04538,14-10-2025,high,Chennai,ads,25,female
C04539,02-11-2025,medium,Bangalore,referral,33,male
C04540,11-07-2025,medium,Ahmedabad,ads,39,male
C04541,06-01-2025,medium,Bhubaneswar,organic,26,female
C04542,09-05-2025,medium,Jaipur,ads,47,male
C04543,15-09-2025,medium,Mumbai,ads,25,male
C04544,14-02-2024,high,Delhi,ads,28,male
C04545,04-02-2025,medium,Kolkata,ads,29,female
C04546,03-09-2024,medium,Kolkata,organic,42,other
C04547,07-09-2025,high,Jaipur,ads,26,female
C04548,19-08-2025,high,Mumbai,ads,18,male
C04549,25-03-2025,low,Pune,ads,45,male
C04550,29-04-2025,medium,Bangalore,referral,30,male
C04551,07-10-2025,medium,Pune,referral,24,male
C04552,11-09-2025,low,Pune,ads,27,male
C04553,18-01-2024,medium,Delhi,ads,52,male
C04554,28-08-2025,medium,Hyderabad,ads,28,male
C04555,23-10-2025,medium,Kolkata,ads,33,male
C04556,15-10-2024,medium,Bhubaneswar,referral,30,male
C04557,17-02-2025,medium,Bhubaneswar,ads,22,male
C04558,21-12-2025,medium,Bangalore,organic,27,male
C04559,29-09-2025,low,Kolkata,ads,21,female
C04560,22-08-2024,low,Delhi,ads,44,male
C04561,19-02-2025,high,Jaipur,ads,36,male
C04562,13-05-2025,high,Mumbai,ads,59,male
C04563,25-09-2025,medium,Pune,organic,27,female
C04564,11-10-2025,medium,Pune,organic,26,female
C04565,24-04-2024,high,Ahmedabad,organic,50,male
C04566,04-11-2025,low,Jaipur,ads,45,female
C04567,13-12-2025,medium,Ahmedabad,organic,38,female
C04568,21-08-2024,low,Ahmedabad,referral,23,female
C04569,23-06-2025,low,Hyderabad,organic,52,female
C04570,11-01-2024,low,Bhubaneswar,referral,34,female
C04571,24-07-2024,medium,Ahmedabad,organic,30,male
C04572,09-11-2025,medium,Pune,organic,46,male
C04573,03-09-2024,medium,Kolkata,ads,34,female
C04574,12-07-2025,high,Kolkata,organic,23,female
C04575,06-05-2024,medium,Hyderabad,referral,35,female
C04576,26-05-2024,medium,Kolkata,organic,27,male
C04577,27-04-2024,high,Pune,ads,18,male
C04578,16-01-2025,medium,Bhubaneswar,referral,26,female
C04579,15-02-2025,low,Bhubaneswar,organic,29,male
C04580,25-10-2025,high,Bhubaneswar,organic,23,female
C04581,06-08-2025,high,Mumbai,organic,40,female
C04582,28-12-2024,medium,Jaipur,ads,27,male
C04583,23-05-2025,low,Mumbai,organic,39,female
C04584,16-05-2024,medium,Mumbai,ads,22,female
C04585,23-06-2024,high,Mumbai,referral,44,male
C04586,15-10-2024,medium,Kolkata,referral,22,female
C04587,25-04-2025,low,Chennai,organic,18,female
C04588,19-01-2024,low,Kolkata,organic,47,male
C04589,13-07-2024,medium,Chennai,organic,26,male
C04590,25-11-2024,medium,Kolkata,ads,52,male
C04591,23-06-2024,medium,Pune,organic,40,female
C04592,24-03-2025,high,Jaipur,referral,42,male
C04593,19-12-2024,medium,Delhi,ads,45,male
C04594,13-05-2025,low,Delhi,organic,36,male
C04595,20-05-2024,low,Mumbai,ads,36,male
C04596,02-04-2024,medium,Delhi,organic,47,male
C04597,26-08-2024,high,Jaipur,organic,36,female
C04598,23-07-2024,medium,Jaipur,organic,27,female
C04599,13-07-2025,low,Bangalore,organic,40,female
C04600,08-03-2025,low,Hyderabad,ads,18,female
C04601,01-09-2024,high,Jaipur,ads,48,female
C04602,12-11-2024,medium,Hyderabad,organic,48,male
C04603,21-10-2024,medium,Delhi,referral,46,female
C04604,01-10-2025,medium,Hyderabad,ads,46,male
C04605,08-10-2024,low,Chennai,organic,34,male
C04606,17-01-2024,medium,Pune,organic,33,male
C04607,11-03-2024,low,Hyderabad,ads,22,male
C04608,25-09-2024,medium,Pune,referral,52,male
C04609,20-11-2024,low,Mumbai,ads,30,male
C04610,31-10-2024,medium,Delhi,referral,38,female
C04611,26-03-2025,low,Pune,ads,37,female
C04612,07-01-2024,medium,Ahmedabad,ads,21,male
C04613,09-11-2024,medium,Mumbai,ads,18,other
C04614,12-04-2024,medium,Pune,ads,35,female
C04615,11-07-2024,medium,Bangalore,organic,30,female
C04616,27-07-2025,medium,Hyderabad,referral,34,female
C04617,12-06-2025,medium,Bangalore,organic,45,male
C04618,19-06-2024,low,Jaipur,ads,37,other
C04619,20-06-2025,high,Chennai,ads,42,female
C04620,07-09-2024,low,Mumbai,ads,39,male
C04621,21-01-2025,low,Bhubaneswar,organic,31,male
C04622,25-07-2024,high,Bhubaneswar,ads,24,male
C04623,24-06-2025,medium,Pune,ads,37,female
C04624,20-09-2025,medium,Hyderabad,ads,35,male
C04625,19-02-2025,high,Delhi,ads,44,female
C04626,14-01-2025,medium,Bhubaneswar,ads,33,female
C04627,23-05-2024,low,Delhi,organic,32,male
C04628,25-01-2024,high,Bhubaneswar,referral,32,female
C04629,29-10-2025,medium,Mumbai,referral,25,female
C04630,13-03-2024,medium,Bhubaneswar,organic,49,male
C04631,23-09-2025,low,Jaipur,organic,46,female
C04632,02-04-2024,high,Kolkata,organic,22,female
C04633,19-05-2025,medium,Pune,ads,43,female
C04634,20-08-2025,medium,Chennai,referral,18,female
C04635,01-12-2024,medium,Bhubaneswar,ads,44,male
C04636,28-02-2025,low,Hyderabad,referral,28,male
C04637,13-05-2025,low,Chennai,organic,38,other
C04638,29-12-2024,high,Delhi,ads,18,female
C04639,21-09-2025,medium,Bangalore,organic,23,male
C04640,17-07-2024,medium,Jaipur,organic,39,female
C04641,18-12-2025,medium,Ahmedabad,ads,27,female
C04642,16-02-2025,medium,Ahmedabad,organic,26,male
C04643,04-12-2024,medium,Chennai,ads,48,female
C04644,20-10-2025,medium,Bangalore,ads,57,male
C04645,04-03-2025,low,Hyderabad,referral,44,female
C04646,18-05-2024,high,Chennai,organic,24,male
C04647,23-11-2025,low,Delhi,ads,52,male
C04648,25-06-2025,medium,Mumbai,referral,19,female
C04649,26-02-2024,medium,Chennai,referral,31,female
C04650,19-08-2024,low,Ahmedabad,ads,35,female
C04651,19-10-2025,medium,Kolkata,ads,54,male
C04652,10-03-2025,medium,Ahmedabad,ads,44,female
C04653,18-01-2025,medium,Bangalore,ads,30,male
C04654,13-07-2025,medium,Delhi,ads,25,female
C04655,12-07-2024,low,Hyderabad,ads,45,female
C04656,09-10-2025,low,Jaipur,ads,29,male
C04657,17-06-2025,high,Pune,ads,37,male
C04658,01-06-2025,high,Kolkata,organic,21,other
C04659,16-12-2025,medium,Jaipur,ads,40,other
C04660,03-07-2024,high,Chennai,organic,39,female
C04661,18-10-2024,medium,Kolkata,organic,22,female
C04662,30-11-2024,high,Bangalore,organic,45,female
C04663,25-04-2024,medium,Delhi,organic,40,male
C04664,18-02-2024,high,Hyderabad,referral,42,male
C04665,15-11-2025,medium,Jaipur,ads,31,male
C04666,22-03-2024,medium,Chennai,organic,36,male
C04667,28-11-2024,medium,Delhi,ads,35,male
C04668,10-07-2025,low,Chennai,organic,33,male
C04669,30-11-2024,low,Hyderabad,ads,36,female
C04670,15-06-2025,medium,Jaipur,ads,47,female
C04671,08-08-2024,high,Chennai,referral,45,female
C04672,26-09-2025,low,Delhi,organic,23,male
C04673,18-11-2024,low,Chennai,ads,44,male
C04674,03-01-2024,low,Jaipur,referral,46,female
C04675,24-11-2025,high,Delhi,referral,33,male
C04676,24-07-2024,low,Bangalore,organic,40,male
C04677,09-02-2024,medium,Mumbai,ads,39,female
C04678,28-02-2024,low,Delhi,organic,26,male
C04679,27-07-2025,low,Kolkata,ads,31,female
C04680,05-10-2025,medium,Mumbai,organic,42,female
C04681,21-05-2025,low,Chennai,referral,30,male
C04682,25-07-2025,medium,Jaipur,organic,44,female
C04683,01-05-2024,low,Delhi,ads,48,female
C04684,23-04-2025,medium,Jaipur,ads,46,female
C04685,10-09-2025,low,Delhi,referral,54,female
C04686,05-04-2024,high,Jaipur,ads,34,female
C04687,17-02-2025,low,Kolkata,organic,36,male
C04688,22-08-2024,medium,Pune,organic,38,male
C04689,02-03-2024,medium,Mumbai,organic,34,female
C04690,12-09-2024,medium,Mumbai,ads,40,male
C04691,14-07-2025,low,Delhi,ads,18,female
C04692,13-12-2024,high,Chennai,ads,37,female
C04693,01-11-2025,medium,Hyderabad,organic,21,female
C04694,03-05-2024,medium,Hyderabad,ads,25,male
C04695,26-04-2025,low,Mumbai,ads,42,female
C04696,12-11-2024,high,Pune,referral,33,male
C04697,18-05-2025,high,Hyderabad,ads,41,female
C04698,19-12-2025,medium,Bhubaneswar,organic,32,female
C04699,17-02-2024,medium,Hyderabad,organic,46,female
C04700,12-02-2025,medium,Ahmedabad,organic,32,male
C04701,15-05-2024,medium,Jaipur,ads,18,female
C04702,19-07-2024,low,Mumbai,ads,37,female
C04703,06-09-2024,low,Pune,organic,18,male
C04704,09-11-2024,medium,Chennai,organic,20,female
C04705,02-01-2025,high,Delhi,organic,26,female
C04706,04-03-2025,medium,Bangalore,referral,24,female
C04707,24-04-2025,high,Kolkata,organic,29,male
C04708,09-11-2024,low,Mumbai,organic,24,female
C04709,14-05-2025,medium,Pune,organic,20,female
C04710,21-12-2025,medium,Delhi,ads,50,female
C04711,20-12-2024,medium,Bangalore,ads,28,female
C04712,29-04-2025,low,Ahmedabad,referral,18,male
C04713,29-07-2024,high,Mumbai,organic,31,male
C04714,04-12-2025,medium,Chennai,ads,23,male
C04715,13-02-2024,high,Kolkata,organic,26,male
C04716,24-06-2025,low,Bangalore,referral,42,female
C04717,24-07-2025,low,Chennai,organic,30,male
C04718,05-08-2025,medium,Hyderabad,organic,23,female
C04719,01-04-2024,medium,Delhi,ads,39,female
C04720,21-09-2024,low,Mumbai,organic,46,male
C04721,07-08-2024,medium,Delhi,organic,40,male
C04722,17-03-2025,medium,Bangalore,ads,18,female
C04723,04-02-2025,medium,Bhubaneswar,ads,23,male
C04724,03-02-2025,medium,Bhubaneswar,ads,35,male
C04725,27-12-2025,high,Kolkata,ads,32,female
C04726,29-07-2025,low,Hyderabad,ads,31,female
C04727,04-05-2025,medium,Ahmedabad,ads,25,female
C04728,29-04-2025,high,Pune,ads,20,female
C04729,14-04-2025,low,Mumbai,ads,55,female
C04730,27-07-2025,medium,Mumbai,organic,35,male
C04731,12-11-2025,high,Bangalore,organic,41,other
C04732,20-03-2025,medium,Bhubaneswar,ads,35,male
C04733,25-09-2024,low,Jaipur,ads,35,female
C04734,23-09-2024,low,Ahmedabad,ads,34,female
C04735,23-02-2024,low,Bangalore,organic,23,female
C04736,11-06-2025,low,Ahmedabad,organic,19,other
C04737,03-06-2025,high,Jaipur,organic,38,male
C04738,07-09-2025,medium,Bhubaneswar,organic,36,male
C04739,28-02-2024,low,Chennai,ads,44,male
C04740,09-02-2024,medium,Jaipur,ads,42,male
C04741,24-08-2024,medium,Bangalore,ads,26,female
C04742,20-01-2025,medium,Pune,ads,46,male
C04743,28-08-2025,medium,Ahmedabad,referral,42,female
C04744,16-12-2025,low,Hyderabad,referral,41,female
C04745,11-10-2025,medium,Bangalore,ads,57,male
C04746,26-10-2024,medium,Chennai,referral,55,male
C04747,29-01-2025,low,Pune,ads,41,male
C04748,25-07-2024,medium,Bhubaneswar,referral,40,female
C04749,01-12-2024,high,Kolkata,referral,45,female
C04750,15-08-2025,medium,Mumbai,referral,29,male
C04751,30-12-2025,low,Jaipur,ads,29,male
C04752,28-05-2025,low,Mumbai,ads,41,male
C04753,26-06-2024,low,Bangalore,ads,26,male
C04754,30-01-2025,low,Bhubaneswar,organic,40,female
C04755,05-01-2025,medium,Delhi,organic,36,female
C04756,19-10-2025,low,Pune,referral,26,female
C04757,13-11-2024,low,Hyderabad,organic,35,female
C04758,03-01-2025,high,Mumbai,ads,48,male
C04759,18-01-2025,high,Ahmedabad,organic,35,male
C04760,02-03-2024,low,Chennai,organic,35,female
C04761,19-05-2025,low,Mumbai,referral,38,male
C04762,26-08-2024,low,Bangalore,referral,39,male
C04763,13-07-2024,low,Pune,ads,31,female
C04764,08-11-2025,medium,Pune,organic,38,male
C04765,09-08-2024,medium,Jaipur,ads,24,female
C04766,01-03-2024,medium,Delhi,ads,27,female
C04767,08-05-2024,high,Jaipur,organic,28,male
C04768,15-11-2025,low,Kolkata,organic,39,male
C04769,04-06-2024,medium,Hyderabad,ads,36,male
C04770,12-01-2025,medium,Bhubaneswar,organic,33,female
C04771,13-09-2025,medium,Bangalore,ads,41,male
C04772,08-08-2025,medium,Bangalore,organic,38,female
C04773,12-03-2025,high,Bhubaneswar,ads,32,female
C04774,25-07-2024,medium,Bhubaneswar,organic,24,male
C04775,22-01-2025,high,Bhubaneswar,referral,26,female
C04776,24-04-2025,high,Delhi,ads,20,female
C04777,05-12-2024,low,Bhubaneswar,organic,36,male
C04778,05-12-2024,high,Bhubaneswar,ads,26,female
C04779,22-07-2024,medium,Mumbai,referral,30,female
C04780,09-06-2024,medium,Ahmedabad,ads,33,male
C04781,23-06-2025,medium,Pune,ads,45,male
C04782,26-01-2025,high,Bhubaneswar,organic,44,male
C04783,07-11-2025,low,Mumbai,ads,34,male
C04784,28-07-2025,low,Kolkata,ads,47,male
C04785,17-06-2025,medium,Pune,ads,18,female
C04786,10-03-2024,medium,Hyderabad,referral,53,male
C04787,08-02-2025,low,Pune,organic,41,male
C04788,30-08-2025,low,Delhi,organic,36,male
C04789,05-11-2025,medium,Bhubaneswar,referral,26,female
C04790,13-08-2025,high,Pune,ads,30,male
C04791,31-05-2025,medium,Kolkata,organic,41,male
C04792,29-04-2024,medium,Delhi,organic,41,male
C04793,20-11-2025,high,Bhubaneswar,referral,41,female
C04794,18-11-2025,medium,Jaipur,organic,27,female
C04795,04-08-2024,medium,Pune,organic,25,male
C04796,25-02-2024,medium,Bhubaneswar,organic,36,male
C04797,31-12-2024,low,Jaipur,referral,42,male
C04798,29-11-2025,low,Delhi,referral,35,female
C04799,18-05-2025,medium,Chennai,ads,49,male
C04800,30-03-2025,low,Ahmedabad,ads,35,male
C04801,13-04-2024,high,Chennai,organic,34,female
C04802,17-03-2024,low,Jaipur,organic,41,male
C04803,17-08-2024,high,Bangalore,referral,47,female
C04804,14-09-2024,high,Ahmedabad,organic,21,male
C04805,20-09-2024,medium,Ahmedabad,ads,23,other
C04806,26-11-2024,medium,Kolkata,ads,31,other
C04807,30-06-2024,low,Kolkata,organic,65,female
C04808,03-07-2025,medium,Bhubaneswar,ads,32,female
C04809,18-11-2025,medium,Pune,ads,33,male
C04810,27-01-2024,medium,Chennai,ads,41,female
C04811,02-10-2024,medium,Hyderabad,organic,44,male
C04812,13-10-2025,medium,Bangalore,organic,36,female
C04813,25-10-2024,medium,Hyderabad,ads,46,male
C04814,31-03-2024,low,Bhubaneswar,referral,23,male
C04815,24-04-2025,low,Jaipur,organic,27,female
C04816,26-07-2025,low,Ahmedabad,referral,46,male
C04817,02-04-2025,medium,Bangalore,ads,35,female
C04818,26-03-2025,low,Bhubaneswar,referral,22,female
C04819,30-12-2024,medium,Bangalore,organic,21,male
C04820,05-11-2025,medium,Mumbai,organic,26,male
C04821,16-12-2024,medium,Chennai,organic,35,male
C04822,16-10-2025,low,Kolkata,organic,39,female
C04823,03-02-2025,low,Chennai,referral,31,other
C04824,09-09-2024,low,Hyderabad,organic,38,female
C04825,03-04-2025,low,Bangalore,ads,30,female
C04826,29-11-2025,low,Delhi,organic,47,male
C04827,13-05-2025,low,Kolkata,ads,60,male
C04828,22-05-2025,medium,Hyderabad,organic,31,male
C04829,30-10-2024,medium,Mumbai,organic,39,female
C04830,15-05-2025,medium,Mumbai,organic,38,male
C04831,20-08-2025,high,Delhi,ads,36,female
C04832,14-06-2024,medium,Ahmedabad,organic,41,female
C04833,18-02-2025,medium,Bangalore,organic,39,male
C04834,06-04-2025,medium,Mumbai,organic,30,male
C04835,23-04-2024,low,Kolkata,referral,48,male
C04836,08-03-2025,low,Hyderabad,ads,37,female
C04837,21-12-2024,high,Delhi,ads,31,male
C04838,25-11-2025,medium,Ahmedabad,ads,59,male
C04839,25-07-2024,medium,Ahmedabad,organic,33,female
C04840,22-08-2024,medium,Bhubaneswar,ads,37,male
C04841,17-03-2025,low,Hyderabad,organic,36,male
C04842,20-12-2024,medium,Kolkata,ads,33,female
C04843,29-05-2025,medium,Mumbai,ads,39,female
C04844,26-07-2024,low,Bhubaneswar,ads,26,female
C04845,09-12-2025,low,Pune,organic,40,male
C04846,04-05-2024,high,Kolkata,organic,18,male
C04847,17-05-2024,low,Bangalore,ads,22,female
C04848,04-12-2024,medium,Hyderabad,ads,53,male
C04849,20-06-2025,medium,Delhi,organic,22,female
C04850,08-03-2024,high,Mumbai,organic,18,male
C04851,26-07-2025,medium,Pune,referral,22,male
C04852,24-06-2025,medium,Bangalore,ads,52,male
C04853,17-01-2025,medium,Delhi,referral,18,female
C04854,19-01-2024,medium,Mumbai,organic,25,female
C04855,13-11-2025,low,Jaipur,ads,20,male
C04856,25-03-2025,medium,Jaipur,organic,32,female
C04857,14-03-2024,high,Ahmedabad,ads,30,male
C04858,26-07-2025,low,Pune,organic,30,male
C04859,26-10-2025,high,Pune,organic,53,male
C04860,02-10-2024,low,Jaipur,organic,23,male
C04861,17-02-2024,medium,Bhubaneswar,ads,33,male
C04862,29-07-2024,medium,Bhubaneswar,ads,38,male
C04863,12-10-2025,medium,Ahmedabad,ads,25,male
C04864,13-09-2025,high,Mumbai,referral,39,male
C04865,25-11-2025,medium,Bhubaneswar,ads,31,male
C04866,23-06-2025,high,Bhubaneswar,ads,38,female
C04867,09-12-2025,medium,Chennai,referral,33,female
C04868,09-07-2024,high,Chennai,ads,18,female
C04869,10-11-2024,medium,Kolkata,organic,48,male
C04870,16-07-2025,medium,Chennai,referral,55,male
C04871,22-10-2025,medium,Mumbai,organic,33,female
C04872,15-07-2025,high,Mumbai,ads,26,female
C04873,22-04-2024,high,Chennai,organic,50,female
C04874,18-06-2024,high,Bangalore,ads,53,female
C04875,12-04-2025,low,Delhi,ads,33,female
C04876,08-11-2025,medium,Ahmedabad,organic,32,female
C04877,14-01-2024,low,Mumbai,ads,34,female
C04878,15-12-2025,medium,Jaipur,ads,18,female
C04879,14-10-2024,medium,Mumbai,organic,32,female
C04880,07-07-2024,medium,Kolkata,organic,52,male
C04881,03-06-2024,low,Mumbai,organic,33,male
C04882,20-07-2025,medium,Pune,referral,24,male
C04883,24-11-2025,high,Jaipur,ads,39,male
C04884,22-12-2025,medium,Delhi,referral,28,male
C04885,15-04-2025,medium,Mumbai,organic,34,male
C04886,15-03-2024,medium,Chennai,organic,22,male
C04887,03-10-2024,medium,Mumbai,organic,24,female
C04888,06-10-2025,medium,Ahmedabad,organic,42,male
C04889,08-12-2024,medium,Kolkata,ads,36,female
C04890,28-02-2025,medium,Ahmedabad,referral,27,male
C04891,24-07-2025,low,Delhi,organic,36,female
C04892,25-05-2025,low,Delhi,referral,28,female
C04893,30-06-2024,medium,Delhi,organic,27,male
C04894,02-04-2025,medium,Kolkata,referral,46,female
C04895,04-03-2024,low,Ahmedabad,organic,42,male
C04896,16-09-2024,medium,Bhubaneswar,referral,34,female
C04897,11-07-2024,medium,Pune,organic,36,female
C04898,16-10-2025,low,Delhi,referral,34,male
C04899,07-09-2025,medium,Bangalore,organic,39,male
C04900,09-02-2025,high,Ahmedabad,organic,27,male
C04901,26-12-2025,low,Ahmedabad,ads,43,female
C04902,21-12-2025,high,Chennai,organic,38,female
C04903,02-04-2024,low,Hyderabad,ads,32,male
C04904,05-03-2025,low,Hyderabad,referral,30,female
C04905,15-10-2025,low,Jaipur,ads,43,male
C04906,09-03-2025,high,Kolkata,ads,33,male
C04907,07-02-2025,medium,Delhi,organic,28,female
C04908,09-03-2025,medium,Chennai,ads,31,male
C04909,21-04-2024,medium,Delhi,ads,42,male
C04910,09-01-2025,high,Delhi,referral,18,female
C04911,28-02-2024,medium,Chennai,organic,31,male
C04912,12-02-2024,medium,Chennai,ads,45,male
C04913,25-07-2024,high,Pune,organic,33,male
C04914,22-10-2024,medium,Mumbai,organic,37,female
C04915,27-04-2024,low,Hyderabad,organic,45,female
C04916,15-06-2025,low,Mumbai,organic,43,male
C04917,09-08-2024,low,Jaipur,organic,30,female
C04918,14-06-2024,medium,Chennai,organic,33,female
C04919,04-10-2025,low,Kolkata,referral,44,female
C04920,04-06-2024,low,Jaipur,organic,44,female
C04921,02-07-2024,medium,Chennai,referral,34,male
C04922,30-03-2024,high,Mumbai,organic,34,male
C04923,03-04-2024,medium,Bhubaneswar,organic,37,female
C04924,13-01-2024,medium,Bhubaneswar,ads,48,male
C04925,13-03-2025,medium,Hyderabad,ads,45,male
C04926,21-06-2025,medium,Bangalore,ads,41,male
C04927,09-08-2025,low,Kolkata,ads,24,female
C04928,29-05-2024,medium,Delhi,organic,32,male
C04929,21-10-2025,high,Ahmedabad,ads,32,male
C04930,08-01-2024,low,Jaipur,ads,49,male
C04931,29-01-2024,medium,Chennai,organic,32,female
C04932,22-10-2024,low,Bhubaneswar,referral,47,female
C04933,21-12-2025,high,Bangalore,ads,29,male
C04934,01-10-2025,low,Kolkata,organic,30,female
C04935,05-12-2024,high,Kolkata,referral,39,female
C04936,19-09-2025,medium,Bhubaneswar,referral,50,female
C04937,14-03-2025,high,Ahmedabad,ads,32,male
C04938,23-05-2024,low,Bangalore,organic,18,female
C04939,02-06-2025,low,Pune,referral,19,female
C04940,14-02-2024,medium,Ahmedabad,organic,37,male
C04941,26-08-2024,low,Mumbai,organic,20,male
C04942,03-06-2024,medium,Kolkata,organic,26,male
C04943,29-06-2024,medium,Bangalore,ads,35,female
C04944,02-08-2024,low,Bhubaneswar,referral,18,female
C04945,28-03-2024,medium,Kolkata,ads,31,male
C04946,12-09-2024,medium,Ahmedabad,referral,23,male
C04947,25-05-2025,low,Delhi,organic,20,female
C04948,13-03-2024,low,Delhi,organic,26,female
C04949,27-06-2024,low,Kolkata,ads,24,female
C04950,30-07-2024,low,Bangalore,referral,39,female
C04951,21-08-2024,high,Bangalore,ads,46,male
C04952,09-04-2025,low,Jaipur,organic,31,male
C04953,10-08-2024,medium,Mumbai,organic,29,female
C04954,22-09-2025,low,Jaipur,organic,30,male
C04955,20-09-2024,medium,Jaipur,organic,23,male
C04956,25-07-2024,medium,Mumbai,organic,22,male
C04957,29-08-2025,medium,Bhubaneswar,referral,18,female
C04958,31-12-2024,medium,Delhi,ads,21,male
C04959,02-10-2024,high,Bhubaneswar,ads,51,male
C04960,14-01-2025,low,Jaipur,organic,28,female
C04961,04-11-2024,low,Bangalore,organic,18,female
C04962,22-09-2025,high,Mumbai,ads,29,female
C04963,24-09-2024,low,Ahmedabad,referral,19,female
C04964,04-03-2024,medium,Chennai,ads,35,male
C04965,15-12-2024,medium,Chennai,referral,34,male
C04966,08-05-2025,medium,Hyderabad,referral,35,female
C04967,06-06-2025,low,Kolkata,organic,34,female
C04968,07-04-2024,low,Pune,organic,31,female
C04969,11-03-2024,medium,Pune,ads,20,male
C04970,29-12-2024,medium,Ahmedabad,ads,34,male
C04971,23-07-2025,high,Hyderabad,organic,45,female
C04972,02-10-2024,medium,Delhi,ads,53,female
C04973,19-02-2024,high,Ahmedabad,ads,32,other
C04974,23-12-2024,medium,Jaipur,referral,33,female
C04975,28-12-2025,medium,Ahmedabad,organic,40,female
C04976,17-07-2025,low,Chennai,organic,49,female
C04977,29-04-2025,medium,Pune,ads,30,female
C04978,24-03-2024,medium,Delhi,ads,41,male
C04979,29-09-2025,medium,Kolkata,ads,26,female
C04980,06-08-2025,low,Jaipur,referral,38,female
C04981,22-10-2024,low,Kolkata,ads,44,female
C04982,23-08-2024,low,Chennai,ads,22,female
C04983,25-02-2024,medium,Hyderabad,organic,29,male
C04984,25-12-2024,low,Kolkata,ads,44,male
C04985,19-04-2024,high,Hyderabad,ads,41,male
C04986,10-07-2024,medium,Jaipur,referral,45,male
C04987,02-04-2024,medium,Pune,referral,43,male
C04988,21-07-2025,medium,Bangalore,ads,31,female
C04989,29-02-2024,low,Ahmedabad,ads,56,male
C04990,11-10-2025,low,Bhubaneswar,organic,36,male
C04991,08-02-2024,high,Delhi,organic,18,other
C04992,23-06-2025,high,Mumbai,organic,32,male
C04993,18-02-2024,medium,Mumbai,organic,30,female
C04994,23-02-2025,medium,Jaipur,ads,42,male
C04995,28-09-2025,medium,Ahmedabad,organic,30,female
C04996,13-01-2024,low,Ahmedabad,ads,45,male
C04997,05-02-2024,low,Ahmedabad,ads,40,female
C04998,10-04-2024,medium,Delhi,ads,24,female
C04999,26-03-2024,low,Pune,ads,33,female
C05000,30-05-2025,medium,Bangalore,organic,27,male
C05001,10-08-2024,medium,Ahmedabad,referral,36,male
C05002,03-12-2024,medium,Bhubaneswar,organic,27,female
C05003,14-06-2024,medium,Bangalore,referral,35,male
C05004,17-01-2025,low,Delhi,organic,32,male
C05005,10-01-2025,medium,Ahmedabad,ads,33,female
C05006,15-04-2025,medium,Jaipur,organic,55,male
C05007,03-10-2025,medium,Delhi,organic,31,male
C05008,31-01-2024,low,Bangalore,ads,18,male
C05009,09-01-2025,medium,Hyderabad,ads,45,male
C05010,11-01-2024,low,Hyderabad,organic,45,male
C05011,28-10-2024,low,Jaipur,ads,18,male
C05012,05-04-2024,medium,Kolkata,organic,27,female
C05013,08-07-2024,medium,Mumbai,organic,39,female
C05014,28-03-2025,low,Jaipur,referral,40,male
C05015,10-07-2024,medium,Hyderabad,referral,34,female
C05016,30-04-2025,low,Jaipur,ads,35,female
C05017,22-09-2024,medium,Chennai,organic,25,female
C05018,27-02-2025,high,Hyderabad,organic,18,other
C05019,07-05-2024,low,Pune,referral,55,male
C05020,25-08-2024,low,Ahmedabad,organic,25,female
C05021,20-12-2024,low,Pune,referral,36,female
C05022,21-04-2024,medium,Kolkata,organic,33,male
C05023,21-03-2025,low,Jaipur,referral,43,female
C05024,08-12-2024,low,Chennai,organic,36,female
C05025,24-05-2024,low,Hyderabad,organic,36,male
C05026,05-03-2024,medium,Ahmedabad,ads,18,male
C05027,03-09-2024,medium,Chennai,referral,26,female
C05028,04-05-2025,low,Chennai,referral,42,female
C05029,14-03-2025,medium,Pune,ads,41,female
C05030,15-04-2024,medium,Mumbai,ads,25,female
C05031,29-06-2024,medium,Bangalore,ads,19,male
C05032,02-07-2024,medium,Mumbai,ads,36,male
C05033,13-08-2024,medium,Jaipur,referral,18,female
C05034,29-03-2024,high,Jaipur,ads,23,female
C05035,18-11-2025,low,Mumbai,ads,52,female
C05036,13-06-2025,medium,Bangalore,ads,49,other
C05037,05-01-2025,medium,Hyderabad,ads,39,female
C05038,02-02-2025,high,Chennai,referral,38,male
C05039,15-04-2024,high,Chennai,organic,18,male
C05040,27-09-2024,medium,Mumbai,organic,27,male
C05041,17-05-2025,low,Mumbai,ads,32,male
C05042,09-11-2025,high,Delhi,organic,27,female
C05043,08-06-2025,low,Bangalore,ads,31,male
C05044,01-02-2024,medium,Pune,referral,47,female
C05045,27-01-2025,medium,Chennai,ads,29,female
C05046,09-02-2024,high,Pune,referral,31,female
C05047,21-10-2025,high,Ahmedabad,organic,42,male
C05048,05-08-2024,low,Hyderabad,referral,20,male
C05049,31-12-2025,low,Mumbai,ads,26,female
C05050,22-03-2024,medium,Delhi,organic,27,female
C05051,20-12-2025,high,Delhi,ads,35,female
C05052,19-07-2024,medium,Jaipur,referral,31,female
C05053,22-03-2025,medium,Ahmedabad,organic,31,male
C05054,03-03-2025,low,Hyderabad,ads,28,male
C05055,07-02-2024,medium,Hyderabad,referral,24,female
C05056,29-07-2024,low,Kolkata,organic,41,male
C05057,19-03-2025,medium,Mumbai,ads,31,female
C05058,22-11-2024,medium,Jaipur,ads,41,female
C05059,14-08-2024,medium,Bangalore,organic,23,male
C05060,17-02-2024,high,Bangalore,ads,28,male
C05061,18-01-2024,low,Bhubaneswar,organic,32,female
C05062,14-03-2025,medium,Hyderabad,ads,33,female
C05063,08-12-2025,low,Pune,organic,42,female
C05064,05-07-2024,high,Ahmedabad,organic,30,male
C05065,10-12-2024,low,Delhi,ads,42,male
C05066,11-08-2024,high,Mumbai,organic,38,other
C05067,02-05-2025,low,Ahmedabad,organic,33,male
C05068,16-08-2024,low,Chennai,referral,25,female
C05069,24-01-2025,low,Kolkata,referral,42,male
C05070,11-08-2025,medium,Delhi,referral,25,female
C05071,06-07-2024,low,Ahmedabad,ads,34,male
C05072,26-09-2024,medium,Ahmedabad,referral,34,female
C05073,29-08-2025,high,Kolkata,referral,32,other
C05074,05-11-2024,medium,Ahmedabad,ads,31,male
C05075,11-05-2024,high,Jaipur,organic,26,male
C05076,04-07-2025,low,Delhi,organic,18,female
C05077,12-03-2024,high,Chennai,ads,49,male
C05078,02-11-2025,medium,Delhi,referral,30,other
C05079,05-07-2024,medium,Kolkata,ads,33,male
C05080,30-04-2025,medium,Chennai,ads,33,male
C05081,09-07-2024,medium,Bangalore,organic,45,female
C05082,25-02-2025,high,Mumbai,organic,54,female
C05083,29-04-2024,medium,Hyderabad,ads,36,male
C05084,07-08-2024,medium,Bangalore,referral,33,male
C05085,22-02-2024,low,Jaipur,organic,23,male
C05086,26-03-2025,low,Delhi,referral,20,male
C05087,15-02-2025,low,Chennai,organic,18,male
C05088,04-10-2025,high,Mumbai,ads,27,female
C05089,24-08-2024,medium,Mumbai,ads,18,male
C05090,20-12-2025,high,Kolkata,referral,45,male
C05091,09-02-2025,high,Kolkata,organic,39,female
C05092,30-08-2025,medium,Kolkata,organic,32,male
C05093,25-02-2025,medium,Pune,organic,46,female
C05094,12-12-2025,medium,Delhi,referral,24,female
C05095,03-09-2024,medium,Bhubaneswar,organic,26,male
C05096,12-03-2024,low,Jaipur,organic,18,female
C05097,03-07-2024,medium,Ahmedabad,ads,42,female
C05098,06-01-2024,medium,Jaipur,ads,26,female
C05099,24-07-2024,medium,Hyderabad,referral,35,female
C05100,27-06-2025,medium,Kolkata,referral,45,female
C05101,02-09-2025,high,Hyderabad,ads,48,male
C05102,21-01-2025,medium,Jaipur,referral,34,male
C05103,29-11-2025,medium,Pune,ads,38,male
C05104,16-03-2024,low,Hyderabad,organic,25,female
C05105,25-06-2024,low,Delhi,referral,51,female
C05106,14-12-2024,medium,Chennai,ads,33,male
C05107,11-09-2024,medium,Bhubaneswar,ads,35,male
C05108,02-12-2025,medium,Bhubaneswar,ads,30,female
C05109,03-11-2024,low,Jaipur,ads,46,male
C05110,10-12-2024,medium,Ahmedabad,organic,36,male
C05111,06-05-2024,medium,Kolkata,ads,42,male
C05112,13-10-2024,high,Jaipur,referral,38,male
C05113,25-12-2025,high,Hyderabad,ads,32,other
C05114,18-08-2025,low,Pune,organic,44,other
C05115,01-05-2025,medium,Chennai,referral,38,male
C05116,17-01-2025,medium,Bhubaneswar,organic,25,other
C05117,09-02-2025,medium,Bangalore,organic,25,male
C05118,22-01-2025,medium,Bhubaneswar,organic,36,female
C05119,08-06-2025,low,Chennai,organic,44,male
C05120,10-07-2025,low,Delhi,ads,51,female
C05121,30-09-2025,medium,Hyderabad,ads,18,male
C05122,17-09-2025,high,Mumbai,referral,35,male
C05123,02-10-2024,medium,Pune,referral,39,female
C05124,14-05-2025,medium,Ahmedabad,referral,37,male
C05125,17-12-2025,medium,Bangalore,ads,45,other
C05126,02-12-2024,medium,Jaipur,ads,41,male
C05127,25-04-2025,high,Kolkata,referral,25,male
C05128,29-09-2024,medium,Kolkata,ads,24,female
C05129,27-02-2024,high,Kolkata,ads,38,female
C05130,23-11-2024,low,Bangalore,ads,44,male
C05131,31-12-2025,medium,Chennai,organic,36,male
C05132,18-04-2024,low,Ahmedabad,ads,19,female
C05133,05-10-2024,high,Bhubaneswar,ads,24,male
C05134,16-11-2025,medium,Jaipur,ads,41,female
C05135,23-11-2024,low,Mumbai,organic,31,female
C05136,10-11-2024,medium,Ahmedabad,ads,36,female
C05137,18-04-2025,low,Jaipur,referral,45,other
C05138,20-04-2024,medium,Mumbai,referral,22,female
C05139,29-11-2025,medium,Pune,organic,30,male
C05140,16-08-2024,medium,Chennai,organic,29,male
C05141,11-05-2025,medium,Pune,ads,38,male
C05142,04-06-2024,medium,Chennai,ads,42,male
C05143,17-04-2025,medium,Hyderabad,organic,20,male
C05144,01-12-2025,medium,Bhubaneswar,organic,34,female
C05145,28-09-2024,medium,Delhi,referral,43,female
C05146,02-01-2024,medium,Delhi,ads,18,female
C05147,22-12-2025,medium,Chennai,ads,34,female
C05148,25-05-2025,high,Delhi,ads,22,male
C05149,12-10-2024,medium,Bangalore,ads,28,female
C05150,13-01-2024,low,Jaipur,organic,18,female
C05151,30-08-2025,low,Ahmedabad,ads,48,female
C05152,12-05-2025,medium,Pune,organic,31,male
C05153,25-08-2024,low,Hyderabad,ads,26,female
C05154,03-04-2024,medium,Bhubaneswar,organic,38,female
C05155,03-12-2024,low,Bhubaneswar,ads,24,male
C05156,19-06-2024,low,Hyderabad,ads,23,male
C05157,28-08-2025,low,Kolkata,organic,50,female
C05158,22-10-2025,high,Kolkata,organic,53,female
C05159,15-09-2025,medium,Kolkata,organic,29,female
C05160,20-07-2025,high,Hyderabad,ads,45,male
C05161,11-04-2025,low,Delhi,organic,38,male
C05162,19-09-2025,medium,Mumbai,organic,20,male
C05163,22-05-2024,low,Hyderabad,ads,25,male
C05164,19-07-2024,medium,Delhi,ads,50,female
C05165,28-06-2024,low,Ahmedabad,organic,20,female
C05166,14-12-2025,high,Hyderabad,ads,57,female
C05167,29-12-2024,high,Pune,referral,29,other
C05168,23-04-2025,medium,Delhi,referral,50,male
C05169,18-07-2025,medium,Bhubaneswar,organic,31,male
C05170,15-04-2025,medium,Chennai,referral,42,male
C05171,18-01-2025,low,Chennai,ads,48,female
C05172,22-11-2025,high,Hyderabad,referral,48,male
C05173,20-02-2025,medium,Pune,ads,29,female
C05174,03-11-2024,low,Pune,ads,26,male
C05175,10-10-2025,high,Chennai,ads,34,male
C05176,24-11-2025,low,Delhi,ads,21,male
C05177,01-01-2025,low,Ahmedabad,ads,37,male
C05178,01-01-2024,high,Hyderabad,organic,26,female
C05179,13-02-2024,medium,Ahmedabad,organic,45,female
C05180,07-04-2024,medium,Kolkata,ads,29,male
C05181,20-12-2025,low,Mumbai,referral,18,female
C05182,21-09-2024,medium,Bangalore,ads,49,female
C05183,19-05-2024,medium,Kolkata,ads,36,female
C05184,25-04-2025,low,Jaipur,ads,35,male
C05185,24-08-2024,high,Bhubaneswar,organic,45,female
C05186,12-03-2024,low,Bangalore,organic,43,male
C05187,28-10-2025,low,Bhubaneswar,ads,27,male
C05188,08-07-2024,medium,Hyderabad,referral,30,male
C05189,24-09-2024,low,Kolkata,organic,23,female
C05190,16-11-2024,low,Pune,ads,20,female
C05191,16-04-2024,medium,Chennai,organic,40,female
C05192,19-08-2024,medium,Chennai,organic,38,female
C05193,11-02-2024,medium,Ahmedabad,organic,42,other
C05194,02-12-2025,high,Bangalore,ads,47,female
C05195,18-05-2024,low,Jaipur,organic,42,male
C05196,06-09-2025,high,Kolkata,organic,43,female
C05197,13-11-2025,medium,Chennai,ads,18,male
C05198,29-09-2024,medium,Delhi,referral,31,female
C05199,25-04-2025,high,Pune,organic,44,female
C05200,19-02-2025,low,Bhubaneswar,ads,23,female
C05201,20-05-2025,low,Hyderabad,organic,35,male
C05202,25-12-2025,medium,Ahmedabad,referral,40,female
C05203,27-02-2025,medium,Bangalore,ads,39,male
C05204,10-02-2025,high,Mumbai,referral,38,male
C05205,21-07-2025,medium,Chennai,organic,40,female
C05206,24-01-2025,medium,Ahmedabad,ads,36,female
C05207,07-12-2024,medium,Delhi,ads,20,male
C05208,05-09-2025,low,Delhi,organic,40,female
C05209,07-05-2025,medium,Jaipur,organic,37,female
C05210,10-07-2024,low,Bangalore,ads,20,male
C05211,13-05-2025,medium,Jaipur,ads,48,female
C05212,12-12-2025,medium,Bangalore,organic,40,male
C05213,20-08-2024,low,Chennai,ads,21,female
C05214,14-08-2024,medium,Kolkata,organic,26,male
C05215,05-01-2025,low,Hyderabad,organic,29,male
C05216,18-05-2024,medium,Bhubaneswar,ads,29,female
C05217,28-05-2024,high,Bhubaneswar,organic,37,female
C05218,24-04-2024,low,Kolkata,ads,25,female
C05219,25-03-2025,medium,Delhi,organic,46,male
C05220,03-03-2024,low,Pune,ads,45,male
C05221,13-04-2024,low,Hyderabad,ads,41,female
C05222,29-10-2025,high,Chennai,referral,35,male
C05223,29-09-2024,medium,Kolkata,organic,44,female
C05224,06-01-2024,medium,Hyderabad,ads,32,male
C05225,26-05-2024,medium,Bhubaneswar,organic,27,male
C05226,02-07-2024,low,Hyderabad,ads,46,female
C05227,28-01-2024,medium,Bangalore,ads,38,female
C05228,03-07-2025,medium,Ahmedabad,organic,28,male
C05229,28-04-2024,low,Bangalore,ads,30,female
C05230,19-10-2024,high,Kolkata,organic,27,female
C05231,05-01-2025,low,Chennai,organic,55,female
C05232,31-08-2024,medium,Mumbai,organic,35,female
C05233,02-08-2025,low,Jaipur,ads,36,female
C05234,26-12-2025,medium,Jaipur,ads,42,male
C05235,05-08-2024,high,Mumbai,organic,22,female
C05236,25-06-2024,medium,Hyderabad,ads,45,female
C05237,25-10-2024,high,Mumbai,organic,28,male
C05238,06-11-2025,low,Jaipur,organic,53,male
C05239,27-02-2024,high,Delhi,ads,31,female
C05240,25-09-2024,low,Bhubaneswar,ads,45,male
C05241,03-11-2024,medium,Jaipur,organic,18,male
C05242,23-07-2025,medium,Jaipur,organic,23,male
C05243,14-10-2024,high,Delhi,referral,32,male
C05244,14-04-2024,medium,Jaipur,organic,18,female
C05245,15-08-2024,medium,Hyderabad,organic,41,male
C05246,03-09-2024,medium,Delhi,ads,38,male
C05247,30-11-2025,low,Bhubaneswar,ads,25,male
C05248,08-05-2025,medium,Chennai,ads,34,female
C05249,23-03-2024,medium,Bangalore,referral,43,female
C05250,04-07-2024,medium,Chennai,organic,18,male
C05251,08-09-2024,high,Delhi,ads,22,female
C05252,20-12-2024,low,Delhi,organic,31,male
C05253,26-11-2025,medium,Kolkata,ads,35,female
C05254,28-07-2024,high,Ahmedabad,referral,34,male
C05255,31-08-2025,medium,Ahmedabad,ads,43,female
C05256,22-03-2025,medium,Delhi,ads,39,male
C05257,04-04-2025,medium,Bangalore,referral,41,female
C05258,16-04-2025,medium,Kolkata,organic,21,male
C05259,20-12-2025,high,Mumbai,ads,36,male
C05260,04-01-2025,medium,Pune,referral,31,female
C05261,06-05-2025,low,Bangalore,ads,49,female
C05262,16-05-2024,high,Delhi,organic,36,male
C05263,01-01-2025,low,Delhi,organic,28,male
C05264,02-07-2024,high,Bangalore,organic,43,male
C05265,10-08-2025,low,Hyderabad,organic,40,female
C05266,13-10-2024,medium,Kolkata,ads,26,female
C05267,16-04-2025,medium,Delhi,organic,31,male
C05268,09-01-2025,high,Pune,organic,31,female
C05269,15-10-2025,high,Mumbai,ads,47,male
C05270,20-06-2025,medium,Chennai,ads,37,female
C05271,25-05-2025,high,Bhubaneswar,ads,42,female
C05272,01-08-2025,medium,Pune,ads,30,male
C05273,06-09-2024,medium,Bhubaneswar,organic,38,male
C05274,24-05-2025,medium,Jaipur,organic,48,other
C05275,21-09-2025,low,Hyderabad,organic,31,female
C05276,13-03-2024,medium,Pune,ads,36,female
C05277,08-10-2024,medium,Ahmedabad,organic,21,male
C05278,25-12-2024,medium,Hyderabad,ads,27,male
C05279,10-01-2024,medium,Ahmedabad,organic,31,female
C05280,29-07-2024,medium,Mumbai,referral,24,female
C05281,31-05-2024,low,Mumbai,ads,48,female
C05282,05-01-2024,medium,Mumbai,ads,26,male
C05283,13-07-2024,high,Hyderabad,ads,42,female
C05284,09-10-2024,medium,Mumbai,ads,36,female
C05285,08-04-2025,medium,Bangalore,ads,35,male
C05286,22-04-2024,low,Bhubaneswar,referral,49,male
C05287,27-09-2024,low,Bhubaneswar,ads,18,male
C05288,11-06-2024,high,Kolkata,referral,33,female
C05289,04-04-2025,high,Ahmedabad,organic,24,female
C05290,14-04-2024,medium,Bhubaneswar,referral,18,female
C05291,23-11-2025,medium,Delhi,organic,23,female
C05292,09-07-2025,medium,Bhubaneswar,organic,35,male
C05293,08-10-2024,low,Delhi,ads,27,female
C05294,17-11-2025,medium,Kolkata,organic,43,female
C05295,10-06-2024,medium,Jaipur,organic,32,female
C05296,16-12-2024,high,Hyderabad,organic,31,male
C05297,09-03-2025,low,Pune,ads,31,female
C05298,19-05-2024,medium,Jaipur,referral,34,female
C05299,15-04-2025,low,Kolkata,ads,30,female
C05300,11-05-2024,medium,Bhubaneswar,referral,26,female
C05301,27-03-2024,medium,Bhubaneswar,ads,44,male
C05302,18-11-2025,low,Ahmedabad,organic,28,female
C05303,01-07-2024,low,Hyderabad,organic,31,female
C05304,02-01-2025,medium,Kolkata,ads,39,male
C05305,08-05-2024,medium,Mumbai,organic,38,female
C05306,02-09-2024,low,Pune,organic,26,male
C05307,23-08-2025,medium,Jaipur,ads,42,male
C05308,31-07-2025,high,Bangalore,ads,40,other
C05309,31-10-2025,low,Bangalore,organic,36,male
C05310,12-01-2025,high,Bangalore,referral,30,female
C05311,28-05-2024,high,Kolkata,ads,30,male
C05312,08-03-2025,high,Mumbai,ads,32,male
C05313,19-09-2025,medium,Chennai,referral,22,male
C05314,26-12-2025,medium,Bangalore,organic,34,female
C05315,13-04-2025,medium,Jaipur,ads,43,male
C05316,21-03-2025,medium,Chennai,referral,43,other
C05317,25-04-2025,medium,Pune,ads,31,female
C05318,20-10-2024,medium,Ahmedabad,ads,45,female
C05319,22-05-2024,high,Mumbai,ads,54,male
C05320,06-09-2024,low,Ahmedabad,ads,31,male
C05321,28-10-2024,medium,Jaipur,organic,41,female
C05322,25-01-2024,low,Hyderabad,referral,18,male
C05323,10-03-2024,high,Hyderabad,referral,22,male
C05324,16-09-2025,low,Bangalore,referral,35,female
C05325,21-04-2024,medium,Jaipur,ads,24,female
C05326,29-12-2024,high,Ahmedabad,organic,55,female
C05327,29-10-2024,low,Kolkata,organic,40,male
C05328,15-04-2025,low,Chennai,referral,44,female
C05329,31-03-2024,medium,Bangalore,organic,34,female
C05330,13-06-2025,low,Chennai,organic,24,male
C05331,22-10-2025,medium,Bhubaneswar,ads,29,male
C05332,26-12-2025,low,Bhubaneswar,ads,37,male
C05333,24-10-2025,medium,Bhubaneswar,ads,28,male
C05334,10-07-2024,medium,Hyderabad,ads,41,male
C05335,05-07-2025,medium,Delhi,ads,42,male
C05336,29-08-2024,medium,Jaipur,referral,35,female
C05337,17-05-2024,low,Hyderabad,organic,18,male
C05338,10-12-2024,high,Jaipur,organic,52,male
C05339,28-06-2024,high,Pune,ads,32,female
C05340,12-12-2025,medium,Ahmedabad,referral,62,male
C05341,17-05-2025,medium,Bhubaneswar,organic,41,male
C05342,21-07-2024,high,Bhubaneswar,organic,32,male
C05343,26-07-2025,medium,Pune,ads,39,female
C05344,10-07-2024,low,Mumbai,ads,18,female
C05345,05-01-2024,medium,Delhi,referral,45,female
C05346,24-08-2024,medium,Mumbai,referral,60,female
C05347,23-11-2025,low,Hyderabad,ads,18,female
C05348,06-11-2024,medium,Mumbai,ads,32,female
C05349,02-07-2025,low,Jaipur,organic,33,male
C05350,25-02-2024,low,Kolkata,ads,43,male
C05351,18-03-2025,medium,Jaipur,ads,56,female
C05352,24-08-2024,medium,Bangalore,organic,38,other
C05353,15-07-2024,medium,Hyderabad,organic,56,male
C05354,07-08-2025,medium,Bhubaneswar,referral,36,male
C05355,24-07-2025,low,Hyderabad,ads,39,female
C05356,28-05-2025,medium,Mumbai,ads,38,male
C05357,24-03-2025,medium,Chennai,organic,47,female
C05358,25-12-2024,medium,Hyderabad,ads,30,male
C05359,30-11-2025,high,Ahmedabad,referral,43,male
C05360,30-01-2024,high,Hyderabad,organic,22,male
C05361,17-04-2024,low,Jaipur,ads,32,female
C05362,24-08-2025,medium,Chennai,organic,28,male
C05363,17-12-2025,medium,Delhi,ads,35,female
C05364,20-03-2025,medium,Jaipur,referral,31,male
C05365,13-03-2025,low,Chennai,ads,46,female
C05366,28-08-2025,medium,Chennai,referral,26,male
C05367,01-04-2025,low,Hyderabad,referral,18,female
C05368,06-09-2025,medium,Pune,referral,21,female
C05369,28-11-2025,low,Kolkata,referral,44,male
C05370,26-11-2025,medium,Pune,organic,25,male
C05371,09-05-2025,medium,Chennai,referral,38,female
C05372,04-11-2025,medium,Hyderabad,organic,32,male
C05373,03-09-2024,medium,Kolkata,organic,43,male
C05374,26-06-2025,high,Bhubaneswar,organic,32,male
C05375,17-07-2025,medium,Ahmedabad,organic,62,other
C05376,10-08-2025,medium,Mumbai,ads,53,female
C05377,14-03-2025,high,Kolkata,ads,31,male
C05378,04-10-2024,low,Bhubaneswar,organic,30,female
C05379,05-07-2025,medium,Bhubaneswar,ads,65,female
C05380,04-09-2025,low,Ahmedabad,ads,24,male
C05381,20-04-2024,medium,Bangalore,ads,34,male
C05382,19-01-2025,medium,Delhi,organic,35,male
C05383,09-07-2024,medium,Ahmedabad,organic,34,male
C05384,04-05-2025,medium,Delhi,organic,18,female
C05385,24-11-2025,low,Bangalore,organic,39,male
C05386,01-03-2025,medium,Bangalore,ads,25,female
C05387,08-02-2025,low,Ahmedabad,ads,49,male
C05388,30-11-2024,low,Delhi,organic,20,female
C05389,27-07-2024,medium,Pune,organic,35,female
C05390,22-01-2024,low,Mumbai,organic,18,female
C05391,08-11-2025,medium,Pune,referral,18,female
C05392,02-09-2025,low,Delhi,organic,26,male
C05393,26-07-2024,low,Jaipur,referral,28,female
C05394,08-01-2024,high,Jaipur,ads,49,female
C05395,02-12-2025,low,Bhubaneswar,organic,34,male
C05396,17-11-2025,medium,Jaipur,referral,47,male
C05397,12-06-2025,medium,Jaipur,ads,31,male
C05398,24-08-2025,medium,Mumbai,ads,41,female
C05399,14-10-2025,high,Bangalore,ads,27,female
C05400,18-10-2025,medium,Bhubaneswar,ads,27,female
C05401,14-06-2024,low,Bangalore,organic,18,male
C05402,10-05-2025,high,Delhi,organic,38,female
C05403,12-08-2025,medium,Ahmedabad,referral,37,male
C05404,04-03-2025,high,Bhubaneswar,referral,42,female
C05405,11-06-2024,medium,Kolkata,organic,37,female
C05406,31-12-2024,low,Bhubaneswar,ads,55,male
C05407,09-06-2025,low,Chennai,ads,36,female
C05408,26-08-2024,low,Bangalore,organic,44,male
C05409,12-03-2024,medium,Delhi,ads,31,male
C05410,20-03-2025,medium,Jaipur,ads,25,female
C05411,16-10-2025,low,Chennai,ads,42,male
C05412,23-05-2025,low,Hyderabad,referral,34,male
C05413,25-09-2024,medium,Kolkata,organic,43,male
C05414,18-02-2025,medium,Pune,ads,38,male
C05415,01-09-2024,low,Bangalore,ads,27,male
C05416,05-11-2025,low,Pune,ads,45,female
C05417,29-02-2024,medium,Delhi,organic,26,male
C05418,06-01-2024,low,Pune,ads,41,female
C05419,09-12-2025,high,Delhi,referral,47,female
C05420,23-07-2025,medium,Delhi,organic,31,male
C05421,10-02-2025,medium,Mumbai,ads,46,female
C05422,04-08-2024,high,Mumbai,referral,38,male
C05423,26-01-2024,high,Kolkata,organic,43,male
C05424,05-01-2024,high,Delhi,referral,26,male
C05425,15-06-2025,medium,Kolkata,organic,37,male
C05426,24-01-2025,low,Mumbai,organic,20,other
C05427,10-12-2025,low,Kolkata,organic,52,male
C05428,24-07-2025,medium,Kolkata,organic,18,female
C05429,23-03-2025,medium,Ahmedabad,organic,31,female
C05430,25-05-2024,low,Ahmedabad,ads,25,male
C05431,22-01-2025,high,Delhi,organic,41,female
C05432,05-09-2024,low,Chennai,referral,54,other
C05433,09-06-2025,low,Pune,ads,41,female
C05434,06-04-2025,high,Kolkata,ads,64,female
C05435,13-01-2024,low,Chennai,ads,21,male
C05436,18-01-2025,low,Mumbai,ads,21,male
C05437,09-07-2025,high,Bangalore,ads,26,female
C05438,02-02-2025,high,Pune,organic,36,male
C05439,19-01-2024,high,Jaipur,referral,24,female
C05440,28-07-2025,medium,Pune,ads,27,female
C05441,05-05-2025,medium,Kolkata,organic,41,male
C05442,22-02-2025,medium,Delhi,ads,22,male
C05443,02-12-2024,medium,Delhi,ads,23,female
C05444,22-02-2025,low,Kolkata,organic,31,male
C05445,03-09-2025,medium,Kolkata,referral,31,male
C05446,05-11-2025,high,Hyderabad,ads,45,male
C05447,01-05-2024,medium,Pune,ads,25,male
C05448,07-03-2025,medium,Ahmedabad,ads,27,male
C05449,13-02-2024,medium,Ahmedabad,referral,40,male
C05450,12-11-2024,medium,Jaipur,organic,43,male
C05451,15-01-2025,high,Chennai,ads,49,female
C05452,24-05-2024,low,Jaipur,organic,39,male
C05453,22-11-2024,low,Bangalore,ads,36,male
C05454,28-12-2024,medium,Bangalore,organic,40,female
C05455,19-02-2024,medium,Hyderabad,organic,32,female
C05456,05-03-2024,medium,Delhi,referral,32,male
C05457,20-12-2024,low,Pune,ads,18,female
C05458,12-06-2024,medium,Bangalore,organic,43,male
C05459,20-05-2024,low,Chennai,ads,37,male
C05460,07-05-2024,medium,Pune,ads,42,female
C05461,01-02-2025,medium,Pune,organic,18,male
C05462,07-04-2025,medium,Ahmedabad,organic,34,female
C05463,05-07-2024,low,Delhi,referral,26,female
C05464,20-12-2025,low,Bangalore,ads,50,male
C05465,08-07-2024,high,Ahmedabad,organic,41,male
C05466,22-01-2025,medium,Bhubaneswar,referral,37,male
C05467,04-03-2025,medium,Mumbai,ads,30,male
C05468,10-10-2024,medium,Bhubaneswar,organic,38,female
C05469,24-08-2024,low,Bhubaneswar,organic,25,male
C05470,12-07-2024,low,Mumbai,organic,34,male
C05471,13-10-2024,low,Bhubaneswar,referral,29,female
C05472,15-05-2024,low,Bangalore,organic,57,male
C05473,19-06-2024,medium,Pune,organic,49,male
C05474,07-06-2024,low,Ahmedabad,referral,45,male
C05475,19-07-2024,low,Kolkata,organic,20,female
C05476,01-05-2025,medium,Hyderabad,ads,43,male
C05477,10-07-2025,low,Ahmedabad,organic,36,male
C05478,05-08-2025,high,Chennai,ads,47,male
C05479,18-05-2025,low,Delhi,organic,38,female
C05480,05-01-2025,medium,Bangalore,organic,34,male
C05481,12-04-2024,medium,Ahmedabad,ads,37,male
C05482,04-05-2024,medium,Bangalore,ads,18,male
C05483,08-11-2024,medium,Jaipur,ads,27,female
C05484,02-04-2025,medium,Mumbai,ads,38,male
C05485,17-08-2024,high,Kolkata,ads,46,female
C05486,19-10-2025,medium,Chennai,ads,29,male
C05487,15-07-2024,medium,Pune,ads,34,female
C05488,26-02-2025,low,Pune,ads,18,female
C05489,25-07-2025,low,Ahmedabad,ads,49,female
C05490,01-09-2025,medium,Bhubaneswar,ads,46,female
C05491,19-06-2024,low,Mumbai,organic,41,male
C05492,16-01-2025,medium,Bhubaneswar,organic,39,female
C05493,21-06-2024,low,Bhubaneswar,organic,50,female
C05494,24-10-2025,medium,Chennai,referral,26,other
C05495,28-03-2025,medium,Bangalore,ads,25,male
C05496,15-12-2024,medium,Ahmedabad,ads,45,female
C05497,25-09-2025,high,Pune,organic,44,female
C05498,08-05-2025,low,Delhi,organic,23,female
C05499,11-09-2025,low,Bhubaneswar,referral,29,other
C05500,04-01-2024,medium,Jaipur,referral,51,female
C05501,02-04-2024,medium,Chennai,organic,39,female
C05502,06-01-2024,low,Hyderabad,ads,42,male
C05503,14-10-2024,low,Ahmedabad,ads,23,male
C05504,09-09-2025,medium,Jaipur,organic,41,male
C05505,25-05-2024,medium,Bhubaneswar,ads,20,male
C05506,27-02-2025,medium,Bangalore,ads,18,male
C05507,30-08-2025,medium,Chennai,ads,42,male
C05508,01-04-2025,high,Kolkata,organic,49,male
C05509,20-07-2024,medium,Delhi,organic,32,male
C05510,30-07-2024,low,Chennai,organic,29,female
C05511,06-01-2024,medium,Jaipur,organic,52,female
C05512,15-09-2025,low,Pune,ads,33,male
C05513,10-01-2025,low,Delhi,organic,34,male
C05514,22-03-2025,low,Kolkata,ads,51,female
C05515,15-04-2024,medium,Hyderabad,organic,31,male
C05516,12-10-2025,low,Ahmedabad,ads,28,other
C05517,04-02-2025,high,Bhubaneswar,ads,43,male
C05518,05-04-2024,medium,Mumbai,ads,27,male
C05519,22-01-2025,medium,Bangalore,organic,33,male
C05520,27-03-2025,medium,Jaipur,organic,21,male
C05521,19-02-2025,low,Chennai,organic,36,male
C05522,26-12-2025,low,Pune,organic,35,male
C05523,18-05-2025,high,Bangalore,organic,44,female
C05524,29-03-2025,medium,Pune,organic,43,male
C05525,17-10-2024,medium,Chennai,ads,40,female
C05526,17-06-2025,medium,Jaipur,referral,38,female
C05527,11-07-2024,low,Hyderabad,organic,34,female
C05528,29-05-2024,medium,Hyderabad,referral,41,male
C05529,29-05-2025,low,Kolkata,organic,23,male
C05530,27-01-2025,high,Bhubaneswar,ads,18,male
C05531,11-11-2024,medium,Ahmedabad,ads,46,female
C05532,16-03-2024,medium,Mumbai,referral,41,female
C05533,21-08-2025,medium,Ahmedabad,organic,33,male
C05534,26-09-2024,medium,Kolkata,organic,45,male
C05535,12-08-2024,low,Hyderabad,organic,27,male
C05536,13-06-2025,low,Pune,ads,27,female
C05537,22-04-2024,medium,Kolkata,referral,26,male
C05538,07-09-2024,medium,Bhubaneswar,ads,40,other
C05539,20-08-2024,high,Jaipur,ads,19,other
C05540,14-12-2025,medium,Bhubaneswar,ads,27,female
C05541,23-03-2024,medium,Delhi,referral,37,male
C05542,04-05-2024,high,Bhubaneswar,ads,22,male
C05543,23-06-2024,low,Jaipur,organic,28,male
C05544,09-03-2024,low,Bangalore,referral,18,other
C05545,16-02-2024,low,Chennai,organic,41,male
C05546,12-09-2024,medium,Jaipur,organic,28,female
C05547,27-12-2025,low,Bhubaneswar,organic,24,female
C05548,30-01-2024,medium,Hyderabad,ads,22,female
C05549,07-10-2024,medium,Kolkata,ads,30,female
C05550,24-08-2024,low,Kolkata,organic,19,male
C05551,04-09-2024,medium,Kolkata,ads,54,male
C05552,02-01-2025,high,Hyderabad,ads,18,female
C05553,09-05-2025,low,Pune,referral,30,female
C05554,25-01-2024,low,Chennai,ads,36,female
C05555,08-08-2025,low,Jaipur,ads,27,male
C05556,18-12-2025,medium,Bhubaneswar,ads,37,male
C05557,04-05-2025,medium,Pune,organic,27,female
C05558,08-05-2025,low,Bhubaneswar,organic,50,male
C05559,09-11-2024,high,Kolkata,ads,23,male
C05560,28-08-2025,medium,Bhubaneswar,organic,18,male
C05561,09-01-2025,medium,Hyderabad,organic,22,female
C05562,30-09-2025,medium,Bangalore,ads,38,female
C05563,25-01-2024,medium,Bhubaneswar,organic,33,female
C05564,29-11-2024,high,Pune,organic,42,female
C05565,20-12-2024,medium,Jaipur,ads,40,male
C05566,25-04-2024,medium,Chennai,ads,28,female
C05567,17-02-2024,high,Kolkata,referral,30,male
C05568,08-04-2024,medium,Delhi,ads,31,male
C05569,03-04-2025,low,Jaipur,ads,53,male
C05570,06-06-2025,medium,Bangalore,organic,41,male
C05571,19-08-2025,medium,Mumbai,organic,53,female
C05572,08-02-2025,low,Bhubaneswar,organic,43,other
C05573,01-08-2024,medium,Bhubaneswar,ads,34,female
C05574,15-11-2025,medium,Chennai,ads,24,female
C05575,17-05-2025,medium,Chennai,ads,37,male
C05576,21-12-2025,low,Kolkata,ads,34,female
C05577,23-03-2025,low,Delhi,organic,34,female
C05578,29-07-2025,low,Delhi,ads,32,female
C05579,14-09-2024,low,Hyderabad,ads,18,male
C05580,30-04-2024,medium,Kolkata,ads,47,female
C05581,23-02-2024,high,Kolkata,ads,34,male
C05582,26-11-2024,medium,Bangalore,referral,20,male
C05583,28-08-2024,high,Ahmedabad,referral,39,male
C05584,13-06-2025,low,Bangalore,referral,26,male
C05585,27-04-2025,medium,Bhubaneswar,organic,40,female
C05586,05-07-2024,high,Mumbai,organic,43,female
C05587,17-10-2025,low,Kolkata,organic,45,male
C05588,18-09-2024,medium,Delhi,organic,33,other
C05589,29-12-2024,medium,Chennai,ads,30,female
C05590,05-05-2025,medium,Mumbai,ads,28,male
C05591,06-03-2025,medium,Delhi,ads,27,female
C05592,26-08-2024,medium,Delhi,referral,34,male
C05593,30-10-2024,high,Mumbai,referral,32,female
C05594,24-10-2024,medium,Chennai,organic,26,female
C05595,16-03-2024,low,Ahmedabad,referral,23,male
C05596,30-11-2025,low,Hyderabad,ads,33,female
C05597,28-11-2024,medium,Kolkata,ads,30,female
C05598,03-10-2025,medium,Bangalore,ads,23,male
C05599,18-04-2025,low,Bhubaneswar,organic,43,male
C05600,09-10-2024,low,Bangalore,referral,52,male
C05601,13-08-2025,medium,Delhi,ads,44,male
C05602,12-03-2024,medium,Kolkata,referral,27,male
C05603,19-09-2024,low,Chennai,referral,34,male
C05604,03-12-2025,medium,Chennai,ads,50,male
C05605,28-07-2025,high,Chennai,organic,23,male
C05606,12-01-2024,medium,Bhubaneswar,organic,42,female
C05607,20-05-2024,high,Bhubaneswar,organic,20,other
C05608,08-07-2025,medium,Kolkata,organic,51,female
C05609,17-01-2024,medium,Ahmedabad,referral,30,male
C05610,03-03-2024,low,Delhi,organic,57,female
C05611,09-09-2024,medium,Chennai,referral,52,female
C05612,09-04-2025,medium,Chennai,ads,33,female
C05613,10-01-2025,medium,Chennai,organic,27,female
C05614,03-06-2025,low,Bhubaneswar,ads,36,female
C05615,30-03-2024,high,Ahmedabad,ads,33,male
C05616,20-12-2025,medium,Bangalore,ads,30,male
C05617,21-09-2025,high,Ahmedabad,ads,18,female
C05618,23-06-2024,low,Bhubaneswar,organic,29,male
C05619,16-03-2024,medium,Bangalore,ads,23,other
C05620,04-09-2025,medium,Mumbai,ads,40,male
C05621,24-10-2025,medium,Kolkata,ads,44,female
C05622,03-02-2025,low,Mumbai,referral,42,female
C05623,11-03-2024,medium,Kolkata,organic,38,male
C05624,28-06-2024,low,Chennai,organic,26,male
C05625,03-05-2024,low,Mumbai,ads,37,male
C05626,15-01-2025,low,Bhubaneswar,referral,42,female
C05627,19-10-2024,medium,Delhi,ads,29,female
C05628,13-07-2024,low,Bangalore,organic,36,other
C05629,15-08-2024,high,Pune,organic,33,male
C05630,06-03-2025,medium,Jaipur,organic,51,male
C05631,11-03-2025,low,Delhi,organic,43,male
C05632,05-04-2025,medium,Mumbai,ads,41,male
C05633,09-09-2025,medium,Bangalore,ads,18,female
C05634,21-01-2024,medium,Mumbai,organic,36,male
C05635,04-03-2024,medium,Mumbai,organic,33,female
C05636,13-06-2024,medium,Hyderabad,organic,33,male
C05637,27-01-2024,low,Pune,referral,19,male
C05638,06-11-2024,low,Hyderabad,ads,24,female
C05639,11-10-2024,medium,Hyderabad,referral,34,female
C05640,21-10-2025,medium,Ahmedabad,ads,46,male
C05641,07-10-2024,low,Bhubaneswar,organic,29,female
C05642,12-06-2024,medium,Bhubaneswar,organic,31,male
C05643,11-08-2024,high,Hyderabad,ads,52,female
C05644,25-05-2024,high,Chennai,ads,32,female
C05645,30-01-2024,medium,Ahmedabad,ads,33,female
C05646,14-02-2024,high,Mumbai,ads,33,male
C05647,15-04-2025,high,Pune,ads,21,female
C05648,03-02-2024,medium,Hyderabad,organic,40,female
C05649,14-10-2025,medium,Pune,referral,28,male
C05650,02-03-2025,medium,Kolkata,ads,34,female
C05651,08-08-2024,low,Ahmedabad,organic,39,male
C05652,17-06-2025,low,Pune,ads,54,female
C05653,22-11-2025,medium,Mumbai,ads,21,male
C05654,01-01-2025,medium,Kolkata,organic,43,female
C05655,03-07-2025,low,Chennai,ads,43,female
C05656,04-08-2025,high,Mumbai,organic,28,male
C05657,25-04-2024,low,Jaipur,organic,40,male
C05658,26-08-2024,high,Bhubaneswar,organic,51,male
C05659,30-11-2024,low,Delhi,organic,27,male
C05660,16-03-2025,medium,Bangalore,organic,37,male
C05661,27-05-2024,medium,Delhi,organic,39,male
C05662,09-01-2024,low,Chennai,referral,40,male
C05663,14-10-2024,medium,Bhubaneswar,organic,42,male
C05664,22-01-2025,medium,Pune,ads,36,male
C05665,19-02-2024,medium,Ahmedabad,organic,40,female
C05666,31-05-2025,low,Mumbai,ads,25,male
C05667,29-09-2025,high,Bhubaneswar,organic,36,male
C05668,09-08-2025,high,Bhubaneswar,organic,30,male
C05669,07-11-2025,medium,Hyderabad,organic,22,female
C05670,04-10-2024,high,Bangalore,referral,29,male
C05671,26-10-2024,medium,Mumbai,ads,37,male
C05672,11-08-2025,medium,Bhubaneswar,organic,39,male
C05673,10-10-2025,medium,Hyderabad,organic,22,male
C05674,09-09-2025,high,Kolkata,organic,25,male
C05675,29-08-2025,medium,Chennai,organic,42,male
C05676,14-05-2024,high,Chennai,ads,40,female
C05677,02-08-2025,high,Ahmedabad,ads,43,female
C05678,26-05-2024,high,Ahmedabad,ads,48,other
C05679,04-05-2025,low,Bhubaneswar,organic,40,female
C05680,22-04-2025,high,Bhubaneswar,ads,30,female
C05681,07-06-2024,low,Mumbai,organic,36,female
C05682,18-01-2025,high,Bangalore,organic,51,male
C05683,11-06-2024,high,Bhubaneswar,ads,62,female
C05684,16-03-2025,medium,Chennai,organic,39,male
C05685,07-07-2024,medium,Pune,ads,40,female
C05686,18-02-2025,low,Bhubaneswar,referral,42,male
C05687,04-12-2024,low,Hyderabad,organic,35,female
C05688,29-08-2025,low,Chennai,referral,46,other
C05689,29-06-2024,medium,Bhubaneswar,organic,45,male
C05690,14-10-2024,medium,Delhi,organic,38,female
C05691,05-07-2024,medium,Delhi,ads,31,male
C05692,17-05-2024,low,Delhi,ads,19,male
C05693,09-05-2024,medium,Bangalore,organic,42,female
C05694,12-07-2024,medium,Jaipur,ads,37,male
C05695,11-11-2024,medium,Hyderabad,referral,27,male
C05696,23-05-2024,high,Hyderabad,organic,23,male
C05697,16-01-2024,low,Chennai,referral,41,female
C05698,28-10-2024,medium,Pune,ads,18,male
C05699,26-02-2025,medium,Chennai,referral,37,female
C05700,01-09-2024,high,Mumbai,organic,43,female
C05701,16-04-2024,low,Kolkata,ads,40,male
C05702,28-03-2024,high,Delhi,organic,31,male
C05703,08-05-2024,low,Pune,referral,22,female
C05704,06-12-2024,high,Kolkata,ads,40,female
C05705,04-01-2024,low,Kolkata,organic,47,female
C05706,22-11-2024,low,Kolkata,organic,29,female
C05707,13-02-2025,high,Bangalore,referral,40,male
C05708,01-11-2024,medium,Bhubaneswar,ads,50,female
C05709,29-08-2025,medium,Kolkata,organic,38,female
C05710,21-12-2025,high,Bhubaneswar,ads,31,male
C05711,12-08-2024,low,Ahmedabad,referral,45,other
C05712,13-12-2024,medium,Delhi,organic,27,male
C05713,16-11-2024,medium,Kolkata,organic,22,male
C05714,12-07-2025,high,Hyderabad,referral,43,male
C05715,29-06-2024,medium,Bhubaneswar,organic,30,female
C05716,09-09-2025,low,Hyderabad,organic,31,male
C05717,11-12-2025,medium,Hyderabad,organic,28,male
C05718,20-01-2025,low,Jaipur,referral,30,other
C05719,09-09-2025,low,Kolkata,organic,49,male
C05720,17-04-2024,high,Ahmedabad,ads,51,male
C05721,14-06-2025,high,Pune,referral,52,male
C05722,13-02-2025,low,Hyderabad,organic,45,male
C05723,22-10-2024,medium,Delhi,referral,39,male
C05724,19-06-2024,high,Mumbai,ads,20,male
C05725,26-11-2024,medium,Hyderabad,ads,33,male
C05726,07-05-2025,medium,Delhi,organic,56,female
C05727,13-07-2024,low,Chennai,ads,30,male
C05728,12-01-2024,high,Delhi,organic,50,female
C05729,13-07-2024,high,Bangalore,organic,35,male
C05730,04-05-2025,low,Pune,referral,18,male
C05731,30-06-2024,low,Chennai,organic,41,male
C05732,17-10-2025,medium,Jaipur,referral,47,male
C05733,11-11-2024,low,Delhi,organic,34,female
C05734,24-11-2025,medium,Delhi,organic,47,male
C05735,30-01-2024,low,Bhubaneswar,referral,18,other
C05736,18-08-2025,medium,Ahmedabad,organic,21,female
C05737,08-11-2025,medium,Pune,referral,37,male
C05738,05-04-2024,low,Bangalore,ads,39,male
C05739,15-01-2025,medium,Hyderabad,organic,48,male
C05740,19-03-2025,low,Bangalore,ads,41,male
C05741,24-10-2024,medium,Jaipur,organic,23,female
C05742,26-12-2024,low,Kolkata,organic,37,female
C05743,08-01-2025,low,Kolkata,ads,41,male
C05744,07-07-2025,medium,Bangalore,organic,18,male
C05745,29-10-2024,low,Jaipur,organic,34,male
C05746,24-02-2025,medium,Hyderabad,referral,31,female
C05747,02-09-2024,low,Chennai,referral,28,male
C05748,20-12-2025,medium,Ahmedabad,ads,39,female
C05749,24-08-2024,low,Ahmedabad,ads,23,female
C05750,17-06-2025,medium,Bangalore,ads,39,female
C05751,03-07-2024,medium,Ahmedabad,ads,40,male
C05752,12-04-2025,high,Bangalore,ads,45,female
C05753,28-12-2024,medium,Kolkata,referral,23,female
C05754,09-10-2024,low,Delhi,organic,19,female
C05755,06-07-2025,medium,Chennai,ads,37,male
C05756,01-12-2024,medium,Ahmedabad,referral,32,other
C05757,10-06-2024,medium,Mumbai,ads,64,female
C05758,08-06-2024,medium,Kolkata,referral,39,male
C05759,18-04-2025,high,Jaipur,organic,35,female
C05760,23-08-2025,low,Mumbai,organic,33,male
C05761,17-11-2024,low,Bhubaneswar,referral,22,female
C05762,12-01-2024,medium,Ahmedabad,organic,40,female
C05763,27-02-2025,high,Bangalore,ads,34,male
C05764,13-03-2024,high,Ahmedabad,organic,34,male
C05765,10-08-2025,medium,Hyderabad,ads,35,male
C05766,19-07-2024,medium,Hyderabad,ads,37,male
C05767,05-06-2025,low,Pune,organic,18,male
C05768,19-05-2025,medium,Chennai,ads,43,female
C05769,18-11-2025,low,Hyderabad,ads,26,female
C05770,08-02-2024,medium,Delhi,organic,33,male
C05771,29-02-2024,medium,Bangalore,ads,47,female
C05772,31-07-2025,medium,Ahmedabad,ads,52,male
C05773,16-11-2024,high,Chennai,organic,18,male
C05774,10-03-2025,medium,Chennai,ads,35,female
C05775,27-09-2025,low,Bhubaneswar,organic,37,male
C05776,06-11-2025,medium,Mumbai,organic,19,male
C05777,11-02-2025,low,Pune,ads,43,male
C05778,20-01-2025,medium,Ahmedabad,ads,36,female
C05779,01-11-2025,high,Pune,referral,36,female
C05780,22-07-2025,medium,Chennai,organic,25,male
C05781,18-03-2024,medium,Hyderabad,organic,39,male
C05782,12-07-2024,medium,Kolkata,organic,43,female
C05783,11-10-2024,high,Pune,ads,36,male
C05784,10-06-2025,medium,Delhi,ads,29,male
C05785,07-06-2025,high,Kolkata,ads,30,male
C05786,04-09-2025,high,Bangalore,organic,37,female
C05787,04-06-2024,medium,Kolkata,referral,35,female
C05788,05-12-2024,medium,Delhi,ads,44,female
C05789,04-05-2024,low,Mumbai,referral,30,female
C05790,06-10-2024,medium,Ahmedabad,organic,22,female
C05791,13-09-2025,low,Pune,ads,38,male
C05792,19-10-2025,medium,Hyderabad,ads,30,female
C05793,28-12-2025,low,Mumbai,ads,42,female
C05794,04-11-2025,medium,Delhi,organic,35,female
C05795,07-05-2024,low,Mumbai,referral,41,male
C05796,09-11-2024,medium,Pune,organic,24,male
C05797,27-11-2024,low,Mumbai,organic,36,female
C05798,29-05-2024,medium,Bangalore,ads,28,male
C05799,29-03-2025,high,Bhubaneswar,ads,22,male
C05800,05-02-2024,medium,Pune,ads,26,male
C05801,15-11-2025,high,Ahmedabad,organic,29,female
C05802,23-02-2025,medium,Kolkata,ads,47,male
C05803,22-01-2024,high,Pune,ads,29,male
C05804,24-07-2024,medium,Delhi,organic,22,female
C05805,30-09-2025,low,Mumbai,referral,36,male
C05806,21-12-2024,medium,Pune,referral,35,female
C05807,15-03-2025,low,Mumbai,ads,30,male
C05808,29-12-2025,medium,Hyderabad,organic,33,female
C05809,05-04-2024,medium,Jaipur,referral,44,female
C05810,12-06-2024,low,Ahmedabad,organic,41,male
C05811,27-05-2024,low,Chennai,organic,40,female
C05812,13-06-2025,low,Jaipur,organic,23,female
C05813,20-10-2024,medium,Pune,organic,63,female
C05814,13-07-2024,medium,Delhi,referral,45,male
C05815,24-10-2025,medium,Bhubaneswar,ads,40,male
C05816,24-04-2025,medium,Ahmedabad,referral,23,female
C05817,02-05-2024,medium,Chennai,organic,44,male
C05818,03-02-2025,low,Hyderabad,ads,29,female
C05819,29-11-2025,low,Bhubaneswar,referral,33,female
C05820,27-03-2025,medium,Kolkata,referral,18,female
C05821,22-10-2025,high,Mumbai,ads,22,female
C05822,13-04-2024,low,Jaipur,organic,39,other
C05823,06-04-2025,high,Bhubaneswar,ads,45,male
C05824,18-12-2025,medium,Mumbai,organic,41,female
C05825,10-12-2025,high,Chennai,ads,41,female
C05826,30-01-2025,medium,Hyderabad,ads,34,male
C05827,02-12-2024,low,Chennai,ads,30,other
C05828,21-08-2025,high,Hyderabad,ads,37,female
C05829,21-05-2024,medium,Hyderabad,ads,43,female
C05830,12-11-2024,medium,Bangalore,organic,35,male
C05831,11-12-2025,low,Bangalore,ads,47,female
C05832,11-07-2025,low,Ahmedabad,ads,32,female
C05833,10-06-2025,medium,Bangalore,organic,25,male
C05834,09-07-2025,high,Bangalore,organic,34,male
C05835,04-02-2025,medium,Mumbai,organic,36,male
C05836,11-11-2025,medium,Pune,ads,34,female
C05837,05-11-2024,medium,Jaipur,referral,47,female
C05838,09-05-2025,high,Jaipur,organic,43,male
C05839,09-07-2025,high,Kolkata,ads,20,female
C05840,01-09-2025,medium,Delhi,ads,50,male
C05841,18-04-2024,medium,Hyderabad,organic,18,female
C05842,06-01-2025,low,Chennai,referral,56,female
C05843,07-09-2025,high,Mumbai,organic,32,female
C05844,24-07-2024,medium,Hyderabad,referral,33,female
C05845,12-02-2024,low,Delhi,organic,34,male
C05846,01-09-2024,medium,Bangalore,organic,38,male
C05847,13-10-2024,low,Kolkata,organic,34,female
C05848,20-12-2024,high,Bangalore,organic,33,female
C05849,20-04-2025,medium,Hyderabad,referral,48,male
C05850,23-03-2024,low,Kolkata,organic,40,male
C05851,19-04-2024,medium,Delhi,ads,25,male
C05852,08-07-2024,low,Chennai,organic,42,male
C05853,07-09-2024,medium,Chennai,referral,40,male
C05854,24-12-2025,medium,Ahmedabad,ads,29,male
C05855,17-10-2024,medium,Bhubaneswar,ads,42,female
C05856,06-10-2025,medium,Bhubaneswar,organic,33,male
C05857,19-07-2024,high,Chennai,ads,32,female
C05858,21-11-2024,medium,Bhubaneswar,organic,32,female
C05859,25-05-2025,medium,Jaipur,organic,18,male
C05860,12-02-2025,medium,Pune,ads,29,male
C05861,29-08-2025,low,Delhi,referral,42,female
C05862,22-05-2025,medium,Pune,referral,34,female
C05863,31-12-2025,low,Bhubaneswar,ads,22,female
C05864,23-08-2025,medium,Bangalore,ads,44,female
C05865,12-03-2024,medium,Ahmedabad,referral,32,female
C05866,03-09-2024,low,Bhubaneswar,ads,22,female
C05867,02-10-2025,medium,Mumbai,ads,57,male
C05868,24-12-2025,medium,Hyderabad,referral,24,male
C05869,30-08-2025,high,Kolkata,organic,43,male
C05870,09-08-2025,medium,Bangalore,organic,27,female
C05871,19-07-2025,medium,Hyderabad,ads,36,male
C05872,09-12-2024,low,Jaipur,organic,25,female
C05873,23-02-2024,medium,Ahmedabad,organic,22,male
C05874,30-12-2025,low,Mumbai,ads,40,male
C05875,11-06-2025,medium,Jaipur,ads,39,male
C05876,02-09-2025,medium,Jaipur,referral,46,male
C05877,15-06-2025,medium,Jaipur,organic,34,male
C05878,11-07-2025,low,Chennai,organic,57,male
C05879,11-07-2024,low,Hyderabad,organic,37,male
C05880,27-02-2024,high,Kolkata,ads,40,female
C05881,12-03-2025,medium,Pune,ads,21,male
C05882,20-04-2024,medium,Mumbai,ads,28,male
C05883,08-05-2024,high,Pune,organic,40,male
C05884,06-12-2025,medium,Mumbai,ads,34,female
C05885,21-11-2024,low,Delhi,ads,36,female
C05886,08-01-2024,medium,Chennai,organic,26,other
C05887,29-01-2024,low,Mumbai,ads,36,female
C05888,21-04-2024,medium,Bhubaneswar,ads,36,other
C05889,03-11-2025,medium,Bhubaneswar,referral,23,male
C05890,10-05-2024,high,Delhi,referral,41,male
C05891,06-07-2024,low,Kolkata,ads,18,female
C05892,05-11-2025,low,Ahmedabad,referral,36,other
C05893,09-12-2025,medium,Chennai,ads,52,female
C05894,19-04-2025,high,Jaipur,referral,41,female
C05895,29-12-2024,medium,Hyderabad,organic,41,male
C05896,22-07-2024,high,Bangalore,ads,26,male
C05897,30-07-2024,medium,Chennai,ads,52,male
C05898,12-09-2025,low,Delhi,ads,48,male
C05899,02-10-2024,high,Bhubaneswar,organic,26,male
C05900,13-03-2024,low,Hyderabad,organic,30,male
C05901,09-11-2025,medium,Mumbai,organic,47,female
C05902,30-08-2024,medium,Kolkata,organic,52,male
C05903,11-04-2024,low,Kolkata,organic,22,male
C05904,15-11-2025,high,Ahmedabad,ads,24,male
C05905,19-06-2024,low,Ahmedabad,referral,33,male
C05906,14-10-2025,high,Chennai,ads,18,male
C05907,06-07-2024,medium,Bangalore,referral,35,male
C05908,16-03-2025,low,Delhi,referral,46,female
C05909,26-03-2024,low,Hyderabad,ads,20,male
C05910,20-04-2025,medium,Bhubaneswar,organic,36,male
C05911,21-02-2024,medium,Delhi,organic,29,male
C05912,20-04-2024,low,Delhi,referral,51,male
C05913,12-02-2024,low,Pune,organic,29,male
C05914,29-07-2024,high,Pune,ads,50,male
C05915,18-07-2024,low,Mumbai,organic,29,male
C05916,18-09-2025,medium,Bangalore,referral,42,female
C05917,26-01-2024,medium,Mumbai,ads,37,female
C05918,25-10-2024,medium,Hyderabad,referral,33,male
C05919,17-03-2024,medium,Bhubaneswar,organic,27,female
C05920,16-05-2024,low,Bhubaneswar,organic,38,male
C05921,20-01-2024,medium,Delhi,ads,30,male
C05922,15-03-2025,low,Ahmedabad,referral,28,male
C05923,29-07-2024,high,Bhubaneswar,ads,49,female
C05924,04-07-2025,low,Ahmedabad,referral,40,male
C05925,10-03-2025,low,Ahmedabad,ads,41,female
C05926,25-07-2024,medium,Hyderabad,ads,31,female
C05927,14-03-2025,medium,Bangalore,ads,33,female
C05928,27-10-2025,medium,Delhi,organic,32,male
C05929,11-02-2024,low,Bhubaneswar,organic,38,male
C05930,14-02-2025,low,Jaipur,referral,41,male
C05931,06-06-2025,high,Bangalore,referral,34,female
C05932,01-09-2025,low,Pune,ads,27,female
C05933,02-03-2025,medium,Jaipur,organic,42,female
C05934,01-10-2024,medium,Hyderabad,organic,35,female
C05935,23-03-2025,low,Bangalore,referral,20,female
C05936,03-01-2025,medium,Hyderabad,organic,18,male
C05937,07-08-2024,low,Bangalore,referral,37,female
C05938,30-07-2025,medium,Ahmedabad,organic,26,female
C05939,19-08-2024,high,Delhi,ads,39,male
C05940,23-11-2024,medium,Bhubaneswar,referral,27,male
C05941,18-03-2025,high,Chennai,organic,36,female
C05942,21-02-2024,low,Kolkata,organic,31,male
C05943,10-01-2025,medium,Delhi,referral,52,female
C05944,19-09-2024,medium,Ahmedabad,ads,44,male
C05945,23-09-2024,high,Ahmedabad,ads,48,male
C05946,24-12-2024,medium,Chennai,ads,35,female
C05947,12-11-2024,low,Ahmedabad,organic,43,female
C05948,19-11-2024,high,Jaipur,organic,35,male
C05949,27-10-2025,medium,Ahmedabad,ads,49,female
C05950,13-10-2025,low,Pune,organic,34,other
C05951,16-07-2025,medium,Bhubaneswar,ads,21,female
C05952,20-09-2025,low,Delhi,ads,18,female
C05953,24-02-2025,high,Kolkata,organic,51,female
C05954,15-02-2024,medium,Jaipur,ads,39,female
C05955,22-08-2025,low,Jaipur,organic,40,female
C05956,20-12-2025,low,Kolkata,organic,49,male
C05957,25-09-2024,medium,Ahmedabad,ads,18,male
C05958,23-08-2025,medium,Bangalore,referral,31,female
C05959,15-01-2025,medium,Jaipur,organic,32,male
C05960,27-04-2024,high,Jaipur,ads,42,female
C05961,19-07-2025,low,Delhi,ads,28,male
C05962,25-04-2024,medium,Chennai,organic,22,other
C05963,21-09-2025,medium,Pune,ads,22,female
C05964,16-09-2024,low,Kolkata,referral,46,female
C05965,15-03-2024,medium,Ahmedabad,ads,27,female
C05966,24-04-2025,medium,Hyderabad,organic,29,male
C05967,31-10-2024,low,Hyderabad,ads,41,male
C05968,07-01-2024,low,Bangalore,ads,28,female
C05969,31-12-2024,medium,Jaipur,organic,18,female
C05970,25-09-2025,high,Jaipur,organic,19,male
C05971,06-06-2025,medium,Chennai,organic,34,female
C05972,13-12-2024,medium,Jaipur,organic,39,male
C05973,13-03-2025,medium,Hyderabad,organic,32,female
C05974,02-08-2024,low,Kolkata,ads,39,female
C05975,04-03-2025,low,Bangalore,organic,18,female
C05976,12-05-2025,low,Chennai,referral,19,male
C05977,23-06-2025,medium,Pune,ads,57,male
C05978,01-01-2025,low,Hyderabad,referral,47,male
C05979,08-11-2024,medium,Mumbai,ads,42,male
C05980,21-06-2025,high,Delhi,organic,28,male
C05981,23-02-2024,high,Chennai,ads,32,female
C05982,24-06-2025,medium,Chennai,referral,34,male
C05983,11-04-2025,low,Hyderabad,organic,48,male
C05984,12-06-2024,medium,Bangalore,organic,39,female
C05985,29-11-2024,medium,Delhi,organic,40,female
C05986,30-06-2025,low,Kolkata,organic,33,male
C05987,13-12-2024,high,Kolkata,organic,42,female
C05988,29-09-2024,low,Jaipur,organic,38,other
C05989,20-12-2025,medium,Mumbai,organic,35,female
C05990,17-02-2025,high,Bhubaneswar,ads,27,female
C05991,14-05-2025,low,Hyderabad,organic,33,female
C05992,02-04-2024,high,Bangalore,ads,24,male
C05993,15-11-2025,medium,Delhi,ads,34,female
C05994,19-03-2024,medium,Bangalore,ads,35,female
C05995,13-09-2025,high,Bhubaneswar,organic,18,male
C05996,04-08-2024,high,Kolkata,ads,32,male
C05997,23-12-2024,high,Bangalore,organic,23,male
C05998,09-09-2025,high,Kolkata,ads,39,female
C05999,21-05-2025,low,Kolkata,ads,41,male
C06000,12-07-2025,medium,Mumbai,organic,30,female
C06001,29-06-2024,medium,Kolkata,organic,40,female
C06002,29-07-2025,medium,Ahmedabad,organic,40,male
C06003,02-09-2024,low,Kolkata,organic,32,other
C06004,31-08-2024,low,Delhi,organic,50,male
C06005,20-05-2025,low,Delhi,referral,27,male
C06006,25-02-2025,low,Delhi,organic,49,male
C06007,15-11-2024,medium,Chennai,ads,32,male
C06008,27-03-2024,medium,Hyderabad,ads,26,male
C06009,04-08-2024,medium,Hyderabad,ads,31,female
C06010,04-05-2025,medium,Hyderabad,referral,24,female
C06011,02-06-2025,medium,Ahmedabad,referral,42,female
C06012,04-10-2024,medium,Delhi,ads,18,female
C06013,22-12-2025,low,Jaipur,referral,48,male
C06014,17-06-2024,low,Hyderabad,organic,25,male
C06015,25-11-2024,medium,Bhubaneswar,ads,43,female
C06016,11-10-2025,low,Bhubaneswar,referral,35,female
C06017,16-03-2025,medium,Bangalore,ads,37,male
C06018,25-01-2025,high,Chennai,referral,29,female
C06019,10-05-2025,medium,Jaipur,organic,38,female
C06020,15-01-2025,medium,Kolkata,ads,36,female
C06021,01-11-2024,high,Delhi,referral,20,female
C06022,03-11-2025,low,Ahmedabad,organic,25,male
C06023,27-05-2025,medium,Chennai,ads,29,female
C06024,06-07-2024,medium,Mumbai,organic,27,male
C06025,30-05-2025,high,Mumbai,ads,47,female
C06026,05-10-2025,high,Pune,referral,35,male
C06027,02-03-2025,low,Kolkata,organic,27,male
C06028,16-05-2025,medium,Delhi,organic,30,male
C06029,30-12-2025,low,Chennai,organic,29,male
C06030,16-09-2024,low,Mumbai,referral,32,male
C06031,27-05-2025,medium,Pune,ads,24,female
C06032,11-03-2024,medium,Ahmedabad,organic,26,female
C06033,22-04-2025,low,Delhi,organic,42,male
C06034,26-06-2024,low,Mumbai,referral,36,female
C06035,01-04-2025,medium,Hyderabad,referral,33,female
C06036,07-07-2024,low,Bhubaneswar,organic,35,male
C06037,17-10-2024,low,Pune,organic,34,female
C06038,03-06-2025,medium,Ahmedabad,ads,32,male
C06039,18-10-2024,medium,Mumbai,ads,40,female
C06040,26-09-2025,low,Ahmedabad,referral,39,female
C06041,09-10-2024,medium,Kolkata,ads,19,male
C06042,27-06-2025,high,Bangalore,ads,33,male
C06043,11-01-2025,medium,Pune,ads,19,female
C06044,19-10-2025,high,Chennai,referral,41,male
C06045,04-06-2024,medium,Chennai,organic,42,female
C06046,22-05-2025,low,Mumbai,organic,28,male
C06047,16-02-2025,high,Hyderabad,organic,33,male
C06048,11-06-2025,medium,Hyderabad,referral,18,male
C06049,20-12-2024,medium,Kolkata,ads,44,female
C06050,12-07-2025,medium,Chennai,organic,42,male
C06051,05-07-2024,medium,Pune,ads,46,male
C06052,31-01-2024,medium,Bhubaneswar,organic,49,female
C06053,16-09-2024,high,Hyderabad,organic,22,male
C06054,24-02-2025,medium,Chennai,organic,43,male
C06055,12-06-2025,medium,Bangalore,ads,49,male
C06056,04-07-2025,medium,Pune,ads,20,female
C06057,30-10-2024,low,Bhubaneswar,referral,33,female
C06058,08-02-2024,medium,Bangalore,referral,31,female
C06059,03-05-2025,high,Chennai,ads,43,male
C06060,05-10-2025,low,Mumbai,ads,18,female
C06061,25-06-2025,medium,Jaipur,organic,53,female
C06062,31-10-2025,medium,Jaipur,organic,33,male
C06063,04-10-2024,medium,Kolkata,organic,44,male
C06064,21-07-2024,medium,Kolkata,ads,34,female
C06065,06-03-2024,low,Bhubaneswar,organic,39,male
C06066,17-04-2024,low,Bangalore,organic,18,female
C06067,24-09-2024,medium,Chennai,ads,31,male
C06068,09-08-2024,medium,Chennai,organic,43,female
C06069,13-06-2025,medium,Mumbai,ads,37,male
C06070,30-03-2024,low,Ahmedabad,ads,18,male
C06071,23-11-2025,low,Kolkata,organic,35,female
C06072,11-09-2024,high,Ahmedabad,organic,26,other
C06073,30-03-2025,high,Ahmedabad,organic,25,other
C06074,09-09-2024,medium,Mumbai,organic,19,male
C06075,13-09-2024,high,Ahmedabad,ads,41,male
C06076,17-01-2025,medium,Ahmedabad,ads,46,female
C06077,17-03-2025,high,Mumbai,organic,56,male
C06078,21-08-2025,medium,Hyderabad,organic,20,female
C06079,30-03-2024,low,Ahmedabad,referral,42,female
C06080,24-01-2025,low,Kolkata,organic,43,female
C06081,04-08-2025,medium,Mumbai,organic,29,female
C06082,13-02-2024,medium,Pune,ads,25,male
C06083,12-12-2025,low,Ahmedabad,ads,24,female
C06084,25-10-2025,high,Hyderabad,ads,29,female
C06085,20-08-2025,medium,Kolkata,ads,37,female
C06086,19-01-2024,medium,Delhi,organic,48,male
C06087,10-04-2024,medium,Kolkata,ads,46,male
C06088,29-08-2025,medium,Bangalore,organic,18,female
C06089,22-12-2024,high,Pune,ads,27,female
C06090,25-06-2025,medium,Jaipur,referral,47,female
C06091,02-02-2024,medium,Chennai,organic,27,female
C06092,16-08-2024,medium,Bangalore,organic,34,female
C06093,07-06-2025,high,Mumbai,organic,18,male
C06094,21-09-2025,low,Mumbai,organic,46,male
C06095,03-06-2024,medium,Chennai,organic,18,female
C06096,26-02-2025,medium,Bhubaneswar,ads,18,female
C06097,02-09-2024,medium,Bhubaneswar,referral,45,female
C06098,08-02-2025,medium,Chennai,organic,54,female
C06099,24-06-2025,high,Mumbai,organic,32,female
C06100,09-06-2024,low,Kolkata,organic,34,male
C06101,02-12-2025,high,Pune,organic,44,female
C06102,26-04-2024,high,Hyderabad,organic,37,male
C06103,27-09-2024,low,Jaipur,ads,31,male
C06104,22-11-2025,medium,Pune,organic,30,male
C06105,01-05-2025,medium,Chennai,referral,19,female
C06106,20-06-2024,medium,Mumbai,ads,37,female
C06107,30-09-2024,medium,Bhubaneswar,ads,34,other
C06108,15-09-2024,low,Mumbai,organic,30,male
C06109,14-05-2024,medium,Bhubaneswar,ads,24,male
C06110,13-11-2025,medium,Pune,ads,25,male
C06111,22-12-2025,low,Bangalore,organic,41,male
C06112,25-02-2025,medium,Kolkata,organic,43,male
C06113,24-02-2025,medium,Pune,referral,31,male
C06114,04-07-2024,medium,Kolkata,organic,30,male
C06115,29-12-2024,medium,Ahmedabad,ads,26,male
C06116,29-08-2025,low,Pune,organic,44,female
C06117,12-01-2025,low,Delhi,organic,35,female
C06118,06-06-2025,high,Delhi,organic,38,female
C06119,02-08-2025,high,Kolkata,organic,38,female
C06120,22-12-2025,high,Ahmedabad,ads,31,female
C06121,14-07-2024,medium,Kolkata,ads,23,male
C06122,07-04-2024,high,Chennai,ads,25,female
C06123,27-08-2025,medium,Delhi,ads,46,female
C06124,22-01-2024,low,Mumbai,organic,27,male
C06125,25-03-2025,low,Kolkata,ads,30,female
C06126,20-06-2024,medium,Kolkata,ads,23,male
C06127,17-01-2025,medium,Jaipur,ads,22,male
C06128,13-05-2024,medium,Hyderabad,ads,27,female
C06129,01-03-2025,low,Hyderabad,ads,51,female
C06130,25-01-2024,low,Bhubaneswar,organic,41,female
C06131,17-05-2025,low,Ahmedabad,ads,29,male
C06132,03-07-2024,medium,Delhi,organic,45,female
C06133,25-03-2024,medium,Delhi,ads,33,male
C06134,20-07-2025,high,Hyderabad,organic,48,other
C06135,23-05-2024,medium,Kolkata,referral,57,female
C06136,09-11-2025,medium,Kolkata,ads,45,female
C06137,15-02-2025,medium,Delhi,ads,35,male
C06138,11-08-2024,medium,Ahmedabad,ads,41,male
C06139,07-08-2024,medium,Bangalore,referral,35,male
C06140,27-06-2024,high,Chennai,ads,18,female
C06141,22-09-2025,high,Jaipur,organic,28,male
C06142,08-03-2025,high,Delhi,referral,25,female
C06143,21-09-2024,high,Bhubaneswar,ads,28,male
C06144,04-03-2025,high,Bangalore,ads,52,female
C06145,23-10-2025,medium,Delhi,referral,46,male
C06146,19-02-2025,medium,Jaipur,organic,39,male
C06147,28-03-2025,low,Hyderabad,organic,43,female
C06148,27-12-2025,medium,Delhi,ads,18,female
C06149,15-07-2024,high,Bangalore,ads,42,female
C06150,07-07-2025,medium,Chennai,ads,44,female
C06151,22-02-2024,low,Kolkata,ads,18,female
C06152,24-04-2025,medium,Pune,ads,42,male
C06153,18-03-2025,medium,Hyderabad,ads,20,male
C06154,25-11-2024,medium,Bangalore,referral,18,female
C06155,07-09-2024,low,Bhubaneswar,organic,48,female
C06156,02-05-2024,low,Bhubaneswar,ads,24,female
C06157,21-01-2025,medium,Mumbai,ads,27,male
C06158,04-12-2024,low,Pune,ads,44,male
C06159,13-12-2024,low,Delhi,organic,31,female
C06160,29-01-2024,medium,Mumbai,organic,33,male
C06161,04-02-2024,medium,Bhubaneswar,ads,32,female
C06162,01-06-2025,medium,Delhi,organic,38,male
C06163,30-01-2025,low,Mumbai,organic,32,male
C06164,14-09-2025,high,Delhi,organic,36,male
C06165,20-10-2024,low,Chennai,ads,29,male
C06166,11-08-2025,high,Pune,ads,38,male
C06167,14-12-2024,medium,Hyderabad,ads,38,male
C06168,26-05-2024,low,Hyderabad,organic,53,female
C06169,07-03-2024,medium,Hyderabad,ads,31,female
C06170,03-06-2025,medium,Bhubaneswar,ads,33,male
C06171,01-05-2024,high,Chennai,organic,37,female
C06172,05-12-2024,medium,Jaipur,organic,44,female
C06173,23-06-2024,high,Pune,referral,24,male
C06174,21-11-2025,medium,Bangalore,ads,36,female
C06175,19-08-2025,medium,Ahmedabad,ads,18,female
C06176,26-03-2025,low,Jaipur,organic,32,male
C06177,10-07-2025,low,Bangalore,referral,45,male
C06178,15-05-2024,high,Hyderabad,ads,27,male
C06179,16-01-2024,low,Bangalore,referral,36,male
C06180,28-11-2024,high,Delhi,referral,29,female
C06181,13-07-2024,high,Delhi,referral,26,male
C06182,10-05-2025,high,Bangalore,referral,44,female
C06183,09-01-2024,low,Kolkata,organic,24,female
C06184,29-11-2024,low,Mumbai,referral,37,female
C06185,28-11-2024,high,Ahmedabad,organic,38,female
C06186,22-11-2024,high,Bhubaneswar,referral,26,male
C06187,15-01-2024,medium,Bangalore,organic,36,female
C06188,05-09-2025,medium,Pune,ads,25,female
C06189,13-08-2024,medium,Kolkata,organic,40,male
C06190,28-02-2025,medium,Chennai,ads,21,male
C06191,11-02-2025,low,Kolkata,organic,31,male
C06192,22-04-2024,medium,Ahmedabad,ads,32,female
C06193,03-03-2025,low,Pune,referral,46,male
C06194,01-01-2024,medium,Kolkata,ads,36,male
C06195,22-09-2024,medium,Bhubaneswar,organic,44,female
C06196,05-05-2025,low,Mumbai,ads,40,male
C06197,26-07-2024,low,Pune,organic,40,female
C06198,13-09-2025,medium,Delhi,ads,31,male
C06199,12-12-2025,medium,Bhubaneswar,referral,45,male
C06200,03-01-2025,low,Hyderabad,ads,31,male
C06201,01-11-2024,high,Chennai,organic,18,female
C06202,12-01-2024,high,Ahmedabad,organic,32,female
C06203,10-12-2024,medium,Ahmedabad,referral,39,male
C06204,09-04-2025,low,Bangalore,organic,18,male
C06205,30-11-2025,low,Ahmedabad,ads,26,female
C06206,27-10-2025,low,Ahmedabad,ads,22,female
C06207,08-05-2025,medium,Mumbai,ads,42,male
C06208,02-01-2025,high,Chennai,referral,51,female
C06209,23-02-2025,medium,Mumbai,organic,32,female
C06210,19-06-2024,low,Delhi,ads,40,male
C06211,13-05-2024,high,Pune,ads,40,male
C06212,02-03-2025,high,Kolkata,organic,50,male
C06213,25-01-2024,high,Chennai,organic,28,female
C06214,13-06-2025,medium,Kolkata,ads,32,male
C06215,08-07-2024,low,Hyderabad,organic,31,female
C06216,20-05-2024,medium,Mumbai,referral,35,female
C06217,08-07-2025,low,Bhubaneswar,organic,60,female
C06218,19-10-2025,high,Kolkata,organic,35,male
C06219,10-11-2024,low,Bhubaneswar,organic,26,other
C06220,19-03-2025,low,Bangalore,organic,23,female
C06221,14-11-2024,medium,Chennai,ads,47,male
C06222,16-03-2025,low,Bangalore,organic,26,other
C06223,01-04-2024,medium,Pune,ads,41,female
C06224,27-06-2024,low,Bangalore,referral,28,male
C06225,25-02-2024,low,Bhubaneswar,ads,22,male
C06226,03-06-2024,low,Ahmedabad,organic,41,male
C06227,02-11-2025,medium,Mumbai,referral,28,female
C06228,20-04-2024,high,Bangalore,organic,39,female
C06229,16-05-2024,medium,Pune,ads,39,male
C06230,19-08-2024,medium,Chennai,ads,40,female
C06231,12-04-2025,low,Jaipur,organic,32,female
C06232,25-04-2025,low,Pune,referral,41,male
C06233,08-03-2024,low,Mumbai,organic,25,female
C06234,05-09-2024,high,Kolkata,ads,18,male
C06235,18-11-2024,low,Delhi,organic,42,female
C06236,01-06-2025,low,Chennai,ads,36,male
C06237,07-03-2025,low,Bhubaneswar,ads,28,female
C06238,01-05-2025,high,Delhi,organic,20,male
C06239,28-08-2025,high,Pune,ads,18,male
C06240,04-03-2025,high,Pune,ads,35,male
C06241,25-09-2024,medium,Pune,ads,51,female
C06242,09-12-2025,medium,Delhi,ads,33,male
C06243,20-06-2025,low,Bangalore,ads,31,female
C06244,27-05-2024,medium,Mumbai,organic,34,male
C06245,27-04-2024,medium,Chennai,ads,56,female
C06246,01-01-2025,medium,Mumbai,ads,42,female
C06247,06-03-2024,low,Chennai,ads,25,male
C06248,04-01-2025,low,Chennai,referral,35,male
C06249,23-06-2024,low,Kolkata,organic,38,male
C06250,10-08-2025,medium,Pune,organic,24,female
C06251,09-05-2025,medium,Jaipur,organic,42,female
C06252,23-04-2024,low,Hyderabad,organic,26,male
C06253,20-04-2024,medium,Mumbai,organic,19,female
C06254,14-03-2025,medium,Kolkata,referral,35,male
C06255,15-12-2025,high,Pune,organic,34,male
C06256,26-05-2024,high,Ahmedabad,ads,34,female
C06257,04-02-2024,low,Ahmedabad,organic,27,male
C06258,04-11-2024,high,Bangalore,ads,28,female
C06259,21-06-2025,medium,Delhi,referral,46,female
C06260,14-01-2024,medium,Ahmedabad,organic,39,male
C06261,08-01-2025,medium,Bhubaneswar,referral,25,female
C06262,10-07-2025,medium,Pune,referral,18,female
C06263,03-03-2025,medium,Hyderabad,ads,25,male
C06264,28-12-2025,high,Jaipur,organic,36,male
C06265,20-08-2024,high,Pune,ads,28,male
C06266,05-12-2025,medium,Ahmedabad,referral,27,female
C06267,16-07-2025,medium,Hyderabad,organic,29,female
C06268,26-12-2025,medium,Jaipur,ads,34,female
C06269,24-10-2025,high,Bangalore,organic,42,female
C06270,15-03-2025,low,Bangalore,organic,34,female
C06271,16-05-2025,medium,Kolkata,referral,35,male
C06272,01-10-2024,high,Jaipur,ads,32,female
C06273,16-03-2024,high,Jaipur,organic,30,male
C06274,14-03-2025,low,Bhubaneswar,ads,43,male
C06275,29-11-2025,medium,Jaipur,organic,42,female
C06276,15-10-2024,medium,Ahmedabad,organic,55,female
C06277,23-06-2025,low,Bhubaneswar,ads,41,female
C06278,22-11-2025,low,Jaipur,ads,30,male
C06279,09-09-2024,low,Mumbai,organic,25,female
C06280,05-05-2024,medium,Kolkata,organic,44,female
C06281,25-06-2024,medium,Kolkata,ads,26,female
C06282,06-02-2024,high,Mumbai,referral,43,other
C06283,13-02-2025,low,Bhubaneswar,referral,27,male
C06284,02-09-2025,medium,Bangalore,organic,38,female
C06285,01-09-2025,medium,Mumbai,ads,24,female
C06286,06-05-2024,low,Pune,referral,42,male
C06287,27-04-2025,low,Delhi,ads,22,male
C06288,16-06-2024,low,Hyderabad,referral,37,male
C06289,14-08-2025,low,Bangalore,referral,33,female
C06290,20-10-2024,low,Bangalore,organic,36,male
C06291,29-09-2025,medium,Chennai,organic,31,male
C06292,08-12-2024,low,Bangalore,organic,30,male
C06293,05-11-2024,low,Kolkata,organic,36,male
C06294,23-10-2025,medium,Bangalore,referral,24,male
C06295,11-06-2025,high,Pune,referral,24,male
C06296,23-06-2025,low,Bangalore,organic,31,female
C06297,22-02-2025,medium,Jaipur,ads,31,male
C06298,19-03-2025,low,Kolkata,ads,24,female
C06299,15-11-2025,high,Mumbai,organic,44,female
C06300,11-07-2025,high,Mumbai,ads,31,female
C06301,23-08-2024,medium,Ahmedabad,referral,32,male
C06302,14-03-2025,medium,Delhi,organic,21,female
C06303,01-08-2024,medium,Delhi,organic,55,male
C06304,25-03-2024,medium,Jaipur,organic,59,male
C06305,25-03-2024,high,Delhi,organic,27,male
C06306,03-05-2025,high,Bangalore,organic,47,male
C06307,05-03-2024,medium,Mumbai,ads,34,male
C06308,07-10-2025,high,Bangalore,ads,51,female
C06309,24-10-2025,low,Chennai,ads,38,male
C06310,18-09-2025,medium,Ahmedabad,organic,35,female
C06311,04-03-2024,high,Mumbai,organic,18,female
C06312,08-12-2024,medium,Delhi,referral,26,male
C06313,17-12-2024,high,Hyderabad,referral,35,male
C06314,06-06-2024,high,Bangalore,organic,36,female
C06315,11-08-2025,medium,Pune,organic,22,female
C06316,05-05-2025,low,Hyderabad,referral,27,male
C06317,19-10-2025,low,Pune,organic,40,female
C06318,07-04-2025,low,Chennai,organic,21,female
C06319,12-08-2024,medium,Delhi,ads,36,female
C06320,08-11-2024,medium,Bangalore,organic,47,male
C06321,06-09-2025,medium,Bangalore,organic,38,male
C06322,10-04-2025,low,Pune,ads,38,female
C06323,28-03-2024,low,Bangalore,ads,18,male
C06324,29-10-2024,high,Chennai,referral,26,male
C06325,10-11-2025,high,Kolkata,referral,55,male
C06326,10-03-2025,medium,Kolkata,organic,29,male
C06327,12-11-2025,low,Pune,organic,47,male
C06328,14-05-2024,low,Delhi,ads,28,female
C06329,19-02-2024,medium,Pune,ads,32,female
C06330,07-03-2025,low,Bhubaneswar,organic,40,female
C06331,05-12-2024,medium,Bangalore,organic,36,male
C06332,12-12-2024,low,Bangalore,organic,38,male
C06333,07-10-2025,low,Kolkata,ads,26,female
C06334,12-12-2024,low,Hyderabad,organic,23,female
C06335,10-10-2025,medium,Pune,referral,26,female
C06336,01-09-2024,high,Delhi,organic,29,male
C06337,18-04-2024,medium,Kolkata,referral,32,female
C06338,16-06-2025,medium,Pune,referral,45,female
C06339,30-03-2024,low,Mumbai,ads,35,male
C06340,22-10-2024,high,Delhi,ads,39,male
C06341,21-04-2024,medium,Delhi,ads,36,female
C06342,11-08-2025,low,Jaipur,organic,23,female
C06343,25-06-2024,high,Hyderabad,organic,35,male
C06344,08-12-2024,medium,Chennai,ads,36,female
C06345,21-10-2025,medium,Delhi,ads,42,male
C06346,10-04-2024,medium,Jaipur,ads,24,female
C06347,20-09-2025,high,Bangalore,ads,18,male
C06348,26-08-2025,low,Pune,ads,36,male
C06349,04-02-2025,medium,Ahmedabad,ads,38,female
C06350,28-01-2024,low,Ahmedabad,ads,33,female
C06351,20-06-2025,medium,Hyderabad,ads,35,other
C06352,27-02-2024,medium,Bangalore,referral,43,male
C06353,12-05-2025,high,Delhi,ads,30,female
C06354,23-10-2024,high,Bangalore,ads,32,male
C06355,13-05-2024,medium,Jaipur,ads,35,male
C06356,26-11-2024,high,Mumbai,ads,22,male
C06357,05-09-2024,medium,Chennai,ads,33,male
C06358,03-07-2025,medium,Bhubaneswar,organic,34,female
C06359,15-03-2024,medium,Chennai,referral,51,male
C06360,15-10-2025,high,Delhi,organic,32,female
C06361,16-06-2024,low,Bangalore,organic,37,female
C06362,17-05-2025,low,Chennai,organic,44,male
C06363,20-12-2024,high,Pune,organic,26,other
C06364,12-08-2024,high,Chennai,ads,48,male
C06365,25-10-2025,low,Jaipur,ads,52,female
C06366,14-06-2025,high,Chennai,referral,34,female
C06367,25-05-2024,low,Pune,organic,29,female
C06368,28-08-2024,high,Bhubaneswar,organic,51,female
C06369,09-12-2024,low,Bhubaneswar,organic,42,male
C06370,04-02-2024,medium,Pune,ads,35,male
C06371,02-12-2025,low,Bangalore,referral,49,female
C06372,01-01-2024,medium,Mumbai,ads,48,male
C06373,01-06-2024,medium,Delhi,organic,31,female
C06374,04-03-2025,high,Hyderabad,referral,37,female
C06375,22-05-2025,medium,Ahmedabad,organic,40,male
C06376,05-05-2024,low,Bangalore,ads,35,male
C06377,05-05-2025,medium,Chennai,ads,21,male
C06378,26-04-2025,low,Ahmedabad,organic,25,female
C06379,10-12-2024,medium,Ahmedabad,organic,21,male
C06380,08-08-2024,low,Pune,organic,39,female
C06381,23-12-2025,medium,Kolkata,referral,23,female
C06382,25-01-2024,low,Mumbai,ads,36,male
C06383,11-06-2025,low,Mumbai,referral,53,female
C06384,30-06-2024,medium,Kolkata,ads,49,female
C06385,13-05-2025,low,Delhi,ads,18,male
C06386,02-10-2025,low,Kolkata,ads,22,female
C06387,11-02-2024,medium,Hyderabad,referral,27,male
C06388,25-04-2025,medium,Hyderabad,organic,23,male
C06389,14-03-2025,high,Pune,organic,18,female
C06390,05-02-2025,low,Chennai,ads,34,male
C06391,29-06-2025,high,Ahmedabad,referral,42,male
C06392,10-12-2024,high,Mumbai,referral,44,female
C06393,14-02-2024,medium,Mumbai,ads,30,female
C06394,07-10-2025,medium,Kolkata,organic,32,male
C06395,21-01-2024,low,Kolkata,organic,38,male
C06396,25-09-2025,low,Kolkata,referral,33,male
C06397,10-03-2024,medium,Delhi,ads,43,female
C06398,17-02-2024,high,Kolkata,organic,39,female
C06399,05-05-2025,low,Chennai,referral,31,female
C06400,04-07-2025,medium,Ahmedabad,organic,18,female
C06401,13-10-2024,medium,Bangalore,ads,49,male
C06402,10-01-2024,medium,Bangalore,ads,28,male
C06403,25-06-2025,medium,Chennai,organic,38,male
C06404,30-09-2024,medium,Jaipur,organic,18,male
C06405,22-08-2025,low,Hyderabad,organic,34,female
C06406,15-01-2025,medium,Bangalore,ads,36,female
C06407,24-11-2024,low,Delhi,ads,36,male
C06408,23-04-2025,medium,Jaipur,organic,65,female
C06409,15-01-2024,medium,Bhubaneswar,referral,28,male
C06410,30-05-2025,low,Delhi,organic,43,male
C06411,09-07-2024,medium,Mumbai,organic,40,male
C06412,16-06-2024,medium,Bangalore,organic,28,female
C06413,04-06-2025,medium,Hyderabad,organic,43,male
C06414,12-09-2025,medium,Kolkata,referral,33,female
C06415,16-05-2024,low,Kolkata,organic,43,female
C06416,02-06-2024,medium,Ahmedabad,ads,54,female
C06417,22-01-2025,low,Hyderabad,referral,36,male
C06418,27-07-2024,high,Mumbai,ads,32,female
C06419,28-09-2024,medium,Pune,organic,45,female
C06420,22-05-2024,low,Bangalore,referral,48,male
C06421,02-09-2025,low,Ahmedabad,ads,26,male
C06422,09-03-2024,high,Hyderabad,organic,30,male
C06423,03-09-2024,medium,Bhubaneswar,ads,41,other
C06424,17-09-2024,medium,Delhi,referral,33,female
C06425,19-03-2024,medium,Mumbai,ads,25,female
C06426,19-10-2025,low,Hyderabad,ads,40,female
C06427,14-09-2025,low,Bangalore,referral,41,male
C06428,27-08-2025,medium,Delhi,ads,31,male
C06429,08-06-2025,low,Hyderabad,organic,35,male
C06430,12-09-2025,medium,Chennai,organic,29,male
C06431,25-11-2024,high,Ahmedabad,ads,24,female
C06432,07-07-2024,medium,Hyderabad,organic,30,female
C06433,04-04-2024,low,Chennai,referral,35,other
C06434,08-09-2025,low,Delhi,ads,20,male
C06435,08-01-2024,medium,Delhi,ads,30,male
C06436,07-03-2024,medium,Delhi,ads,35,female
C06437,10-05-2025,low,Pune,ads,46,male
C06438,09-07-2024,medium,Hyderabad,organic,31,male
C06439,31-12-2024,medium,Chennai,organic,22,male
C06440,04-06-2025,low,Kolkata,ads,32,male
C06441,26-04-2024,low,Bhubaneswar,referral,29,other
C06442,23-09-2024,medium,Bhubaneswar,ads,40,male
C06443,02-09-2025,medium,Chennai,organic,31,female
C06444,29-04-2025,medium,Kolkata,organic,18,female
C06445,23-05-2025,high,Mumbai,referral,65,male
C06446,24-10-2024,low,Pune,referral,36,female
C06447,12-06-2024,medium,Chennai,organic,35,male
C06448,10-01-2025,low,Bangalore,ads,19,male
C06449,14-10-2025,high,Ahmedabad,ads,20,female
C06450,24-09-2024,medium,Ahmedabad,ads,34,male
C06451,02-07-2025,high,Jaipur,referral,38,male
C06452,14-03-2024,low,Bhubaneswar,organic,42,male
C06453,22-05-2025,medium,Delhi,ads,37,male
C06454,13-03-2024,medium,Bangalore,organic,23,male
C06455,03-11-2024,high,Mumbai,organic,18,male
C06456,17-07-2024,medium,Kolkata,ads,33,male
C06457,09-05-2024,high,Mumbai,organic,29,female
C06458,25-07-2025,medium,Bhubaneswar,ads,22,male
C06459,06-09-2025,medium,Delhi,organic,43,male
C06460,01-05-2025,medium,Kolkata,ads,19,male
C06461,30-05-2024,medium,Chennai,organic,41,female
C06462,30-10-2025,medium,Jaipur,ads,20,female
C06463,24-07-2024,medium,Kolkata,ads,36,female
C06464,27-06-2024,medium,Bhubaneswar,referral,44,female
C06465,15-07-2024,high,Mumbai,referral,31,male
C06466,29-03-2024,low,Ahmedabad,organic,51,male
C06467,09-03-2025,medium,Mumbai,organic,54,female
C06468,01-07-2024,high,Mumbai,ads,37,female
C06469,27-07-2024,high,Mumbai,ads,40,male
C06470,07-05-2025,low,Jaipur,organic,45,female
C06471,09-05-2024,low,Bhubaneswar,organic,40,female
C06472,26-10-2025,medium,Bangalore,ads,39,female
C06473,13-01-2024,medium,Jaipur,referral,29,female
C06474,25-09-2025,medium,Jaipur,referral,18,female
C06475,15-04-2024,low,Bhubaneswar,organic,21,male
C06476,09-01-2025,low,Pune,organic,58,male
C06477,04-08-2025,medium,Jaipur,organic,38,male
C06478,07-12-2025,low,Kolkata,ads,32,male
C06479,28-11-2025,low,Pune,ads,47,female
C06480,08-04-2024,medium,Bhubaneswar,ads,27,male
C06481,16-08-2025,medium,Hyderabad,ads,40,female
C06482,09-08-2025,high,Hyderabad,organic,35,female
C06483,10-07-2024,high,Bangalore,organic,39,female
C06484,20-11-2024,low,Chennai,referral,31,female
C06485,26-12-2025,medium,Jaipur,organic,25,female
C06486,11-04-2025,low,Mumbai,organic,26,male
C06487,01-01-2025,low,Chennai,ads,27,female
C06488,13-11-2024,high,Chennai,ads,34,male
C06489,23-05-2024,medium,Pune,referral,19,male
C06490,18-01-2025,low,Kolkata,organic,22,female
C06491,03-08-2024,low,Hyderabad,ads,36,male
C06492,26-12-2024,low,Ahmedabad,ads,33,male
C06493,19-11-2024,medium,Kolkata,referral,36,other
C06494,15-01-2024,medium,Hyderabad,ads,34,female
C06495,04-08-2024,medium,Ahmedabad,referral,60,female
C06496,06-05-2025,low,Jaipur,organic,36,male
C06497,30-06-2025,medium,Delhi,ads,31,male
C06498,01-07-2024,low,Bhubaneswar,ads,36,female
C06499,26-09-2024,medium,Delhi,organic,45,female
C06500,11-04-2025,low,Kolkata,organic,34,female
C06501,03-09-2025,medium,Bangalore,ads,41,female
C06502,02-06-2025,medium,Kolkata,organic,38,other
C06503,25-06-2025,medium,Pune,referral,32,male
C06504,11-04-2025,medium,Ahmedabad,ads,36,male
C06505,31-10-2024,medium,Ahmedabad,organic,50,female
C06506,23-05-2024,high,Jaipur,ads,37,other
C06507,20-04-2024,high,Delhi,organic,25,male
C06508,19-08-2024,medium,Jaipur,ads,31,female
C06509,21-11-2025,low,Delhi,ads,18,female
C06510,06-08-2025,medium,Ahmedabad,referral,36,male
C06511,22-12-2025,high,Kolkata,ads,48,female
C06512,14-08-2025,low,Bangalore,referral,21,male
C06513,14-05-2025,medium,Ahmedabad,ads,36,female
C06514,17-08-2025,low,Chennai,ads,44,female
C06515,07-07-2025,medium,Hyderabad,ads,45,female
C06516,29-09-2024,high,Delhi,ads,47,male
C06517,03-12-2025,medium,Delhi,organic,18,male
C06518,21-06-2024,medium,Pune,referral,40,female
C06519,07-01-2024,high,Jaipur,ads,19,male
C06520,03-06-2024,high,Bhubaneswar,organic,25,male
C06521,05-06-2025,high,Bhubaneswar,referral,43,male
C06522,29-06-2025,medium,Pune,organic,36,female
C06523,01-07-2025,medium,Ahmedabad,referral,42,male
C06524,01-06-2025,medium,Delhi,organic,25,female
C06525,02-08-2024,high,Mumbai,ads,49,female
C06526,13-05-2024,medium,Bangalore,ads,41,female
C06527,11-10-2024,medium,Chennai,ads,43,female
C06528,05-05-2024,medium,Kolkata,organic,24,male
C06529,14-03-2025,high,Kolkata,organic,46,female
C06530,16-11-2025,high,Bhubaneswar,organic,31,male
C06531,31-05-2024,medium,Bhubaneswar,referral,28,female
C06532,26-11-2024,high,Pune,organic,41,female
C06533,21-06-2025,medium,Delhi,ads,40,male
C06534,17-01-2025,medium,Jaipur,referral,26,male
C06535,24-04-2024,medium,Kolkata,referral,55,male
C06536,26-04-2025,medium,Delhi,organic,53,female
C06537,10-10-2024,medium,Chennai,referral,41,female
C06538,15-03-2024,medium,Bangalore,organic,39,female
C06539,14-06-2024,low,Bangalore,ads,38,male
C06540,07-07-2024,low,Kolkata,ads,19,male
C06541,18-03-2024,medium,Mumbai,organic,36,female
C06542,24-08-2025,medium,Pune,organic,35,female
C06543,18-11-2025,medium,Kolkata,ads,29,male
C06544,21-01-2024,low,Chennai,ads,31,male
C06545,19-07-2025,high,Mumbai,referral,18,female
C06546,02-07-2024,low,Hyderabad,organic,24,male
C06547,09-08-2024,medium,Ahmedabad,referral,44,male
C06548,23-11-2024,medium,Bhubaneswar,ads,52,male
C06549,27-06-2024,high,Bhubaneswar,referral,25,male
C06550,21-04-2024,medium,Mumbai,ads,36,male
C06551,26-12-2025,medium,Kolkata,referral,45,female
C06552,28-02-2024,high,Bhubaneswar,organic,29,male
C06553,22-11-2024,medium,Delhi,ads,41,male
C06554,12-09-2025,low,Bhubaneswar,organic,34,female
C06555,30-10-2025,medium,Bangalore,organic,46,other
C06556,09-07-2024,medium,Bhubaneswar,ads,22,female
C06557,18-07-2024,high,Hyderabad,ads,23,female
C06558,07-11-2024,low,Pune,organic,37,female
C06559,08-12-2025,low,Mumbai,ads,35,female
C06560,04-02-2024,medium,Delhi,ads,34,other
C06561,13-01-2025,medium,Hyderabad,organic,40,female
C06562,21-01-2025,medium,Bangalore,ads,25,female
C06563,24-08-2024,medium,Kolkata,ads,21,female
C06564,07-09-2025,medium,Ahmedabad,organic,29,female
C06565,02-06-2025,low,Bangalore,ads,31,female
C06566,09-10-2024,medium,Mumbai,ads,32,female
C06567,01-01-2024,medium,Mumbai,referral,47,male
C06568,31-12-2025,medium,Mumbai,organic,42,female
C06569,08-04-2025,low,Hyderabad,referral,40,male
C06570,17-08-2024,high,Mumbai,organic,37,male
C06571,20-06-2024,medium,Pune,ads,30,female
C06572,27-03-2024,medium,Pune,organic,26,male
C06573,06-07-2025,medium,Pune,referral,23,male
C06574,02-05-2024,low,Mumbai,ads,28,male
C06575,24-10-2024,high,Pune,organic,34,male
C06576,20-11-2025,low,Jaipur,organic,23,male
C06577,28-07-2025,high,Bhubaneswar,organic,36,female
C06578,28-04-2025,high,Bhubaneswar,organic,33,female
C06579,13-06-2024,low,Mumbai,ads,31,male
C06580,29-11-2025,medium,Chennai,ads,46,female
C06581,17-01-2025,medium,Hyderabad,referral,18,female
C06582,27-07-2024,medium,Ahmedabad,referral,31,male
C06583,07-03-2025,medium,Hyderabad,ads,18,female
C06584,23-01-2025,medium,Jaipur,organic,37,male
C06585,13-07-2025,low,Hyderabad,organic,42,female
C06586,11-08-2024,low,Jaipur,ads,21,male
C06587,03-01-2024,medium,Jaipur,ads,22,other
C06588,06-01-2025,medium,Hyderabad,ads,18,male
C06589,17-11-2025,medium,Ahmedabad,referral,35,female
C06590,21-03-2025,medium,Jaipur,referral,31,male
C06591,02-09-2025,high,Pune,organic,32,female
C06592,25-04-2024,medium,Delhi,organic,31,male
C06593,26-09-2024,high,Delhi,referral,25,male
C06594,22-03-2025,high,Kolkata,referral,46,male
C06595,02-01-2025,high,Mumbai,organic,37,male
C06596,09-09-2024,medium,Bangalore,ads,23,female
C06597,12-11-2024,low,Pune,ads,27,male
C06598,18-02-2025,medium,Pune,ads,26,female
C06599,04-04-2024,medium,Bangalore,organic,49,female
C06600,24-01-2024,high,Mumbai,referral,42,male
C06601,19-09-2025,medium,Delhi,ads,33,male
C06602,24-10-2025,medium,Ahmedabad,organic,52,female
C06603,19-02-2024,medium,Jaipur,ads,49,female
C06604,16-05-2025,low,Bangalore,ads,32,male
C06605,18-12-2025,high,Ahmedabad,referral,30,female
C06606,12-05-2025,medium,Kolkata,organic,31,female
C06607,30-11-2024,medium,Jaipur,referral,25,male
C06608,19-03-2024,low,Hyderabad,organic,52,female
C06609,04-08-2025,low,Pune,ads,24,male
C06610,27-01-2024,low,Jaipur,ads,43,male
C06611,27-09-2024,medium,Hyderabad,ads,41,male
C06612,15-07-2025,low,Delhi,ads,31,female
C06613,03-09-2024,high,Hyderabad,referral,53,male
C06614,13-08-2025,high,Hyderabad,ads,19,male
C06615,21-01-2025,low,Chennai,ads,34,male
C06616,02-12-2025,low,Bangalore,organic,30,male
C06617,12-07-2025,high,Jaipur,organic,44,male
C06618,26-12-2024,high,Bangalore,organic,38,female
C06619,02-05-2025,high,Jaipur,referral,18,male
C06620,17-12-2024,high,Pune,ads,47,female
C06621,01-12-2025,medium,Bhubaneswar,referral,39,male
C06622,12-09-2024,low,Bangalore,organic,24,female
C06623,09-08-2024,medium,Bangalore,ads,31,male
C06624,01-01-2024,low,Pune,organic,22,female
C06625,29-06-2025,low,Jaipur,ads,33,female
C06626,21-03-2025,medium,Pune,organic,36,male
C06627,19-03-2024,low,Ahmedabad,organic,31,female
C06628,23-08-2024,medium,Hyderabad,ads,30,male
C06629,29-11-2024,medium,Pune,organic,18,male
C06630,14-12-2024,medium,Jaipur,ads,38,female
C06631,07-04-2024,medium,Delhi,ads,18,male
C06632,22-03-2024,low,Pune,ads,35,male
C06633,16-05-2025,low,Mumbai,referral,18,male
C06634,21-04-2025,medium,Pune,organic,35,male
C06635,04-12-2025,low,Bangalore,ads,34,female
C06636,03-07-2025,high,Ahmedabad,referral,39,male
C06637,14-01-2024,low,Chennai,ads,43,female
C06638,26-01-2025,medium,Pune,organic,45,male
C06639,12-12-2024,high,Bhubaneswar,referral,18,male
C06640,05-11-2024,medium,Mumbai,organic,34,female
C06641,20-01-2025,medium,Delhi,organic,55,female
C06642,27-07-2024,high,Pune,organic,36,male
C06643,22-12-2024,low,Hyderabad,organic,26,female
C06644,23-08-2025,high,Hyderabad,organic,34,male
C06645,21-07-2025,low,Mumbai,organic,31,male
C06646,03-04-2024,low,Bangalore,ads,23,other
C06647,02-04-2024,medium,Kolkata,organic,43,female
C06648,05-12-2024,medium,Bangalore,organic,40,female
C06649,19-08-2025,low,Mumbai,ads,21,female
C06650,20-03-2025,medium,Bangalore,organic,34,male
C06651,22-01-2024,medium,Hyderabad,organic,29,female
C06652,17-10-2024,medium,Ahmedabad,ads,18,male
C06653,29-04-2025,medium,Kolkata,organic,20,female
C06654,01-11-2024,low,Hyderabad,organic,22,female
C06655,25-09-2025,medium,Delhi,ads,34,female
C06656,07-05-2024,medium,Hyderabad,ads,30,female
C06657,16-09-2025,medium,Bangalore,ads,25,male
C06658,29-09-2024,low,Ahmedabad,referral,31,male
C06659,17-03-2025,low,Kolkata,ads,42,male
C06660,17-05-2025,medium,Pune,ads,38,female
C06661,09-05-2024,high,Kolkata,organic,45,female
C06662,11-05-2024,high,Hyderabad,ads,32,male
C06663,19-08-2025,medium,Pune,organic,51,other
C06664,26-04-2025,medium,Mumbai,ads,38,female
C06665,24-01-2025,low,Jaipur,ads,30,female
C06666,15-08-2025,medium,Hyderabad,ads,35,male
C06667,20-11-2024,medium,Bhubaneswar,referral,22,female
C06668,09-03-2024,low,Hyderabad,referral,31,female
C06669,21-10-2025,medium,Mumbai,organic,39,female
C06670,23-03-2025,medium,Kolkata,organic,41,male
C06671,11-06-2025,high,Delhi,referral,30,female
C06672,08-09-2025,medium,Pune,ads,62,female
C06673,13-06-2024,low,Bhubaneswar,ads,33,female
C06674,02-05-2025,medium,Jaipur,ads,18,male
C06675,13-12-2025,medium,Mumbai,ads,47,male
C06676,09-12-2025,medium,Jaipur,referral,41,female
C06677,01-03-2025,low,Chennai,ads,37,female
C06678,27-11-2025,medium,Bhubaneswar,ads,30,female
C06679,21-09-2024,medium,Bhubaneswar,ads,38,male
C06680,03-09-2025,low,Chennai,referral,51,male
C06681,07-12-2024,high,Bhubaneswar,ads,37,male
C06682,26-12-2025,low,Hyderabad,ads,20,male
C06683,04-10-2024,medium,Chennai,referral,18,female
C06684,04-11-2025,medium,Kolkata,ads,38,male
C06685,14-03-2025,medium,Chennai,organic,25,female
C06686,05-06-2024,medium,Kolkata,ads,34,female
C06687,25-02-2025,medium,Delhi,ads,26,male
C06688,07-09-2024,medium,Bangalore,organic,26,female
C06689,31-08-2025,medium,Bhubaneswar,ads,27,female
C06690,13-06-2025,high,Pune,ads,28,female
C06691,22-11-2024,high,Pune,ads,42,female
C06692,06-04-2024,low,Bangalore,ads,40,male
C06693,27-05-2025,medium,Ahmedabad,ads,22,male
C06694,03-08-2024,low,Hyderabad,referral,24,male
C06695,11-05-2024,high,Bhubaneswar,organic,38,male
C06696,16-09-2024,medium,Bhubaneswar,organic,45,female
C06697,04-05-2024,medium,Bangalore,ads,45,female
C06698,22-03-2024,low,Kolkata,ads,24,male
C06699,09-10-2024,low,Hyderabad,organic,44,male
C06700,13-11-2025,high,Mumbai,organic,18,male
C06701,28-02-2024,low,Pune,ads,32,male
C06702,27-06-2025,high,Mumbai,organic,39,female
C06703,09-06-2024,medium,Chennai,ads,18,female
C06704,10-10-2024,low,Kolkata,ads,55,male
C06705,15-04-2024,low,Ahmedabad,ads,48,male
C06706,14-04-2024,low,Mumbai,organic,41,male
C06707,14-03-2025,medium,Pune,ads,25,female
C06708,15-08-2024,high,Pune,ads,34,other
C06709,30-11-2025,high,Pune,referral,42,male
C06710,04-08-2025,medium,Delhi,referral,23,female
C06711,13-11-2024,low,Bhubaneswar,organic,33,female
C06712,08-04-2025,high,Mumbai,organic,44,male
C06713,21-08-2025,medium,Chennai,organic,20,female
C06714,16-04-2025,medium,Mumbai,organic,38,male
C06715,25-02-2024,medium,Chennai,ads,18,other
C06716,16-09-2025,medium,Pune,ads,25,female
C06717,13-01-2024,medium,Hyderabad,organic,29,male
C06718,15-03-2025,low,Chennai,ads,40,other
C06719,18-01-2024,high,Kolkata,referral,27,male
C06720,24-11-2025,low,Bhubaneswar,ads,36,female
C06721,22-04-2024,high,Bhubaneswar,organic,28,male
C06722,16-08-2024,high,Delhi,ads,29,female
C06723,19-06-2024,medium,Jaipur,ads,47,male
C06724,21-10-2024,low,Mumbai,referral,23,other
C06725,07-07-2024,medium,Bangalore,organic,42,male
C06726,01-03-2025,medium,Delhi,ads,34,male
C06727,19-03-2024,medium,Bangalore,ads,29,female
C06728,19-10-2025,medium,Jaipur,ads,22,other
C06729,30-06-2024,low,Bhubaneswar,ads,23,male
C06730,13-05-2025,low,Kolkata,organic,27,male
C06731,08-12-2025,high,Pune,ads,33,male
C06732,11-03-2024,medium,Pune,organic,41,male
C06733,04-09-2024,low,Chennai,organic,31,female
C06734,25-05-2024,medium,Delhi,ads,32,male
C06735,09-09-2025,medium,Jaipur,organic,34,female
C06736,22-10-2024,high,Kolkata,organic,39,female
C06737,04-08-2025,medium,Pune,ads,41,male
C06738,14-04-2025,high,Chennai,ads,21,female
C06739,20-05-2025,low,Mumbai,organic,32,female
C06740,11-07-2024,medium,Bhubaneswar,ads,47,male
C06741,08-03-2024,medium,Mumbai,organic,21,male
C06742,08-05-2025,low,Bhubaneswar,organic,35,male
C06743,21-02-2024,high,Mumbai,ads,33,female
C06744,28-12-2024,medium,Chennai,organic,29,male
C06745,18-04-2025,medium,Kolkata,referral,50,female
C06746,04-06-2025,medium,Delhi,organic,35,female
C06747,06-03-2025,low,Bhubaneswar,ads,50,male
C06748,24-10-2024,low,Jaipur,referral,35,female
C06749,10-03-2025,high,Bangalore,referral,39,male
C06750,26-11-2025,low,Kolkata,ads,29,female
C06751,21-11-2025,medium,Kolkata,referral,29,male
C06752,16-07-2024,low,Chennai,referral,39,male
C06753,07-05-2024,medium,Bangalore,organic,39,female
C06754,15-06-2025,medium,Ahmedabad,ads,40,female
C06755,14-02-2025,medium,Kolkata,organic,38,female
C06756,05-03-2024,medium,Jaipur,ads,21,female
C06757,24-11-2025,medium,Kolkata,ads,26,male
C06758,28-08-2024,medium,Hyderabad,organic,43,male
C06759,03-01-2025,low,Bhubaneswar,ads,18,female
C06760,19-06-2025,medium,Pune,organic,37,female
C06761,18-01-2025,low,Kolkata,referral,33,other
C06762,06-03-2025,medium,Kolkata,organic,43,other
C06763,23-03-2024,medium,Chennai,ads,39,male
C06764,27-11-2025,low,Jaipur,organic,28,female
C06765,02-09-2025,medium,Chennai,organic,27,male
C06766,27-07-2025,low,Delhi,ads,29,male
C06767,12-10-2024,low,Bhubaneswar,organic,40,male
C06768,17-06-2025,medium,Jaipur,ads,18,male
C06769,03-04-2025,medium,Chennai,referral,36,male
C06770,30-07-2024,high,Bangalore,organic,26,male
C06771,05-05-2024,medium,Bangalore,referral,36,male
C06772,16-02-2025,medium,Kolkata,organic,38,male
C06773,13-05-2025,low,Pune,organic,18,female
C06774,28-02-2025,medium,Chennai,organic,32,male
C06775,07-07-2025,medium,Delhi,referral,36,female
C06776,01-09-2025,medium,Chennai,organic,35,male
C06777,26-06-2025,low,Chennai,referral,33,female
C06778,06-06-2024,high,Hyderabad,referral,22,male
C06779,21-04-2024,high,Pune,organic,24,male
C06780,05-02-2025,medium,Chennai,ads,21,female
C06781,01-05-2024,low,Mumbai,ads,40,female
C06782,29-09-2024,low,Mumbai,organic,33,male
C06783,20-10-2024,medium,Kolkata,organic,34,male
C06784,01-02-2025,low,Delhi,ads,18,female
C06785,15-04-2025,medium,Pune,ads,34,male
C06786,25-07-2024,low,Delhi,ads,41,male
C06787,19-04-2024,high,Bangalore,organic,18,female
C06788,15-03-2025,high,Jaipur,organic,29,female
C06789,04-10-2024,high,Pune,referral,19,male
C06790,21-07-2025,medium,Hyderabad,organic,30,female
C06791,22-07-2025,low,Pune,ads,25,female
C06792,26-04-2025,medium,Chennai,organic,38,male
C06793,23-04-2024,low,Bhubaneswar,referral,36,female
C06794,21-04-2025,medium,Hyderabad,referral,47,female
C06795,10-12-2025,high,Kolkata,organic,34,female
C06796,16-11-2024,medium,Delhi,organic,38,other
C06797,27-06-2024,medium,Mumbai,ads,29,male
C06798,06-08-2024,low,Hyderabad,organic,23,female
C06799,11-06-2025,medium,Kolkata,ads,43,male
C06800,06-05-2025,medium,Bangalore,ads,47,male
C06801,01-03-2024,medium,Pune,organic,42,female
C06802,23-02-2024,medium,Pune,organic,36,female
C06803,10-11-2025,low,Mumbai,ads,25,female
C06804,21-06-2025,high,Bhubaneswar,ads,46,female
C06805,05-03-2024,low,Delhi,organic,40,female
C06806,03-09-2025,medium,Jaipur,ads,55,male
C06807,08-08-2025,medium,Pune,ads,23,female
C06808,04-12-2025,low,Jaipur,ads,43,male
C06809,19-06-2024,medium,Delhi,organic,40,male
C06810,29-09-2024,medium,Bangalore,organic,31,female
C06811,29-11-2025,high,Bangalore,referral,48,female
C06812,18-06-2025,medium,Jaipur,referral,39,female
C06813,25-01-2025,low,Mumbai,ads,25,female
C06814,23-11-2025,medium,Jaipur,organic,33,male
C06815,22-11-2024,low,Chennai,ads,25,male
C06816,17-04-2024,medium,Kolkata,referral,30,female
C06817,10-06-2024,high,Hyderabad,organic,42,female
C06818,27-03-2025,high,Mumbai,organic,44,male
C06819,24-07-2024,medium,Kolkata,ads,37,male
C06820,12-08-2025,low,Pune,referral,27,male
C06821,16-01-2024,medium,Delhi,organic,38,female
C06822,22-11-2024,medium,Bangalore,ads,42,female
C06823,30-08-2025,low,Delhi,ads,18,male
C06824,20-10-2025,low,Mumbai,ads,36,male
C06825,02-01-2024,high,Ahmedabad,ads,33,male
C06826,10-01-2024,low,Jaipur,ads,44,male
C06827,09-03-2025,medium,Chennai,organic,38,male
C06828,04-05-2024,high,Kolkata,organic,39,male
C06829,21-03-2024,medium,Kolkata,ads,30,male
C06830,29-04-2025,medium,Bhubaneswar,organic,35,male
C06831,13-10-2025,medium,Bangalore,ads,44,female
C06832,29-05-2024,medium,Kolkata,ads,34,male
C06833,05-12-2024,high,Mumbai,organic,36,female
C06834,08-05-2024,low,Hyderabad,ads,19,female
C06835,13-03-2025,low,Ahmedabad,ads,34,male
C06836,15-05-2025,low,Kolkata,organic,18,male
C06837,27-02-2024,medium,Hyderabad,ads,29,male
C06838,16-07-2024,medium,Kolkata,referral,35,male
C06839,29-07-2024,medium,Mumbai,ads,42,male
C06840,14-02-2024,high,Hyderabad,ads,25,female
C06841,06-04-2024,medium,Pune,organic,38,female
C06842,05-10-2024,medium,Kolkata,organic,49,male
C06843,18-06-2025,low,Pune,organic,28,female
C06844,13-02-2025,medium,Bhubaneswar,ads,19,male
C06845,05-04-2025,medium,Bangalore,organic,37,male
C06846,25-01-2025,medium,Mumbai,organic,23,female
C06847,13-02-2024,medium,Chennai,ads,26,male
C06848,27-01-2024,medium,Mumbai,organic,44,female
C06849,06-04-2024,medium,Jaipur,organic,53,other
C06850,01-07-2025,medium,Chennai,ads,24,female
C06851,12-09-2025,medium,Jaipur,organic,27,male
C06852,20-07-2025,high,Hyderabad,ads,30,female
C06853,04-12-2025,low,Bhubaneswar,organic,29,male
C06854,06-08-2024,low,Hyderabad,organic,54,other
C06855,03-07-2024,medium,Kolkata,referral,29,other
C06856,09-03-2024,high,Bangalore,referral,31,male
C06857,09-05-2024,low,Mumbai,referral,51,female
C06858,20-07-2025,medium,Delhi,referral,40,male
C06859,31-08-2025,medium,Mumbai,ads,44,male
C06860,21-08-2025,high,Mumbai,ads,25,male
C06861,22-09-2025,medium,Chennai,ads,29,male
C06862,20-12-2025,low,Ahmedabad,ads,24,female
C06863,29-11-2024,low,Delhi,ads,43,male
C06864,02-06-2024,medium,Kolkata,organic,47,female
C06865,30-06-2025,medium,Jaipur,referral,29,other
C06866,19-03-2024,high,Pune,ads,31,female
C06867,01-08-2025,high,Jaipur,referral,31,male
C06868,16-02-2025,low,Bangalore,organic,19,female
C06869,29-06-2025,medium,Bhubaneswar,organic,28,female
C06870,31-08-2025,medium,Bangalore,organic,42,female
C06871,17-06-2024,low,Bhubaneswar,ads,26,male
C06872,11-11-2025,low,Mumbai,organic,35,female
C06873,24-10-2025,low,Chennai,organic,21,female
C06874,05-08-2025,high,Kolkata,organic,33,female
C06875,29-05-2025,high,Ahmedabad,organic,29,other
C06876,09-11-2024,medium,Bangalore,ads,22,male
C06877,01-02-2024,medium,Chennai,referral,42,male
C06878,13-10-2024,low,Jaipur,organic,43,male
C06879,16-08-2025,medium,Ahmedabad,ads,25,male
C06880,12-02-2024,low,Hyderabad,organic,32,male
C06881,08-09-2025,medium,Mumbai,organic,35,male
C06882,01-01-2024,low,Delhi,ads,18,female
C06883,26-07-2025,medium,Delhi,ads,21,female
C06884,26-09-2024,low,Pune,referral,47,male
C06885,28-06-2024,high,Mumbai,ads,24,male
C06886,01-06-2025,medium,Pune,referral,47,male
C06887,12-04-2024,low,Delhi,organic,21,female
C06888,10-01-2024,medium,Kolkata,organic,41,female
C06889,05-08-2025,medium,Jaipur,organic,31,male
C06890,30-03-2024,low,Kolkata,ads,33,female
C06891,13-08-2024,medium,Chennai,organic,53,male
C06892,31-10-2025,medium,Jaipur,organic,22,other
C06893,05-05-2024,high,Delhi,ads,40,female
C06894,27-07-2024,low,Pune,organic,40,female
C06895,06-04-2024,medium,Mumbai,organic,65,male
C06896,14-03-2024,medium,Mumbai,organic,24,female
C06897,18-09-2025,high,Bhubaneswar,organic,28,male
C06898,09-07-2024,medium,Ahmedabad,ads,43,female
C06899,12-11-2025,high,Hyderabad,ads,32,male
C06900,16-12-2025,high,Delhi,organic,30,female
C06901,25-02-2024,medium,Delhi,organic,44,female
C06902,20-12-2025,high,Pune,referral,32,female
C06903,06-07-2025,high,Bhubaneswar,ads,26,female
C06904,01-02-2024,medium,Bangalore,ads,42,female
C06905,10-06-2025,high,Ahmedabad,ads,38,male
C06906,27-07-2025,medium,Kolkata,organic,31,female
C06907,28-10-2025,high,Kolkata,referral,31,female
C06908,10-10-2024,medium,Bangalore,ads,25,female
C06909,21-12-2025,medium,Bhubaneswar,organic,42,female
C06910,08-05-2025,low,Ahmedabad,ads,31,female
C06911,05-07-2024,medium,Delhi,organic,27,female
C06912,12-05-2025,high,Mumbai,organic,22,other
C06913,17-03-2025,high,Delhi,referral,38,male
C06914,09-05-2024,medium,Kolkata,referral,29,female
C06915,30-09-2025,low,Jaipur,organic,18,male
C06916,18-10-2024,medium,Pune,organic,22,male
C06917,23-04-2024,medium,Pune,ads,32,male
C06918,17-07-2024,high,Hyderabad,organic,32,male
C06919,13-01-2024,medium,Chennai,ads,32,male
C06920,27-09-2024,medium,Kolkata,ads,31,male
C06921,23-08-2025,medium,Bhubaneswar,ads,20,male
C06922,02-08-2024,low,Pune,ads,26,female
C06923,19-03-2025,medium,Jaipur,ads,46,male
C06924,26-05-2025,high,Delhi,referral,45,male
C06925,22-03-2025,medium,Hyderabad,organic,40,male
C06926,15-12-2025,medium,Mumbai,referral,39,male
C06927,14-03-2024,medium,Kolkata,organic,44,female
C06928,20-06-2025,medium,Chennai,organic,23,female
C06929,10-04-2024,medium,Bhubaneswar,organic,35,female
C06930,24-06-2024,medium,Hyderabad,ads,23,male
C06931,02-03-2025,low,Mumbai,organic,23,male
C06932,26-04-2024,medium,Chennai,referral,38,male
C06933,14-06-2024,low,Chennai,ads,44,female
C06934,10-02-2024,medium,Hyderabad,organic,33,female
C06935,04-03-2025,medium,Delhi,ads,51,female
C06936,09-12-2024,low,Bhubaneswar,referral,37,male
C06937,27-02-2025,medium,Bangalore,ads,27,male
C06938,31-12-2024,low,Chennai,organic,24,male
C06939,29-04-2024,low,Pune,referral,45,female
C06940,31-08-2025,high,Bangalore,ads,36,male
C06941,18-10-2025,medium,Jaipur,organic,41,female
C06942,28-12-2025,high,Hyderabad,organic,18,female
C06943,16-08-2024,low,Chennai,ads,37,female
C06944,09-05-2024,low,Pune,referral,29,male
C06945,17-12-2024,high,Jaipur,organic,21,male
C06946,13-11-2024,high,Bangalore,organic,34,female
C06947,10-10-2025,medium,Mumbai,referral,45,female
C06948,02-12-2024,medium,Kolkata,organic,57,female
C06949,29-09-2024,high,Bangalore,referral,37,male
C06950,26-04-2024,medium,Kolkata,organic,27,female
C06951,02-01-2025,medium,Pune,ads,27,female
C06952,03-04-2024,high,Chennai,organic,44,female
C06953,16-06-2024,low,Kolkata,referral,25,male
C06954,15-12-2025,low,Hyderabad,ads,41,male
C06955,06-12-2024,low,Pune,referral,37,male
C06956,22-10-2025,low,Chennai,ads,36,female
C06957,25-11-2025,medium,Pune,organic,19,male
C06958,31-05-2024,medium,Bangalore,organic,31,male
C06959,08-08-2025,medium,Pune,ads,20,male
C06960,30-09-2024,low,Bangalore,ads,29,female
C06961,07-07-2025,low,Hyderabad,referral,44,female
C06962,10-05-2025,low,Bhubaneswar,organic,47,female
C06963,24-12-2025,low,Hyderabad,ads,37,female
C06964,10-04-2024,medium,Jaipur,referral,29,other
C06965,10-07-2025,medium,Bangalore,organic,50,male
C06966,22-03-2024,medium,Chennai,referral,29,female
C06967,12-06-2025,high,Ahmedabad,ads,23,male
C06968,13-03-2024,high,Bhubaneswar,ads,41,male
C06969,14-01-2024,medium,Hyderabad,organic,39,male
C06970,08-03-2025,medium,Ahmedabad,organic,29,male
C06971,05-06-2024,medium,Mumbai,organic,36,male
C06972,11-05-2024,medium,Ahmedabad,referral,39,male
C06973,03-12-2024,medium,Jaipur,referral,37,female
C06974,07-02-2025,medium,Jaipur,organic,39,male
C06975,10-01-2025,medium,Hyderabad,referral,29,male
C06976,12-07-2025,medium,Ahmedabad,ads,40,female
C06977,16-04-2024,low,Kolkata,referral,35,female
C06978,11-09-2025,medium,Chennai,organic,30,other
C06979,21-09-2024,medium,Mumbai,organic,32,female
C06980,23-07-2024,low,Bangalore,ads,34,female
C06981,19-03-2024,low,Delhi,organic,20,female
C06982,03-06-2024,low,Kolkata,ads,28,female
C06983,03-09-2024,medium,Mumbai,ads,35,male
C06984,14-06-2025,high,Mumbai,organic,21,male
C06985,21-06-2025,medium,Delhi,organic,28,male
C06986,29-12-2025,medium,Jaipur,referral,58,female
C06987,02-06-2024,low,Mumbai,organic,23,female
C06988,02-06-2024,medium,Kolkata,organic,31,male
C06989,16-11-2025,high,Hyderabad,ads,26,male
C06990,01-04-2024,high,Pune,ads,33,male
C06991,08-03-2025,high,Pune,ads,26,female
C06992,03-12-2024,medium,Pune,ads,32,female
C06993,24-04-2025,low,Kolkata,organic,27,male
C06994,23-11-2025,low,Chennai,organic,45,male
C06995,10-05-2024,low,Bangalore,ads,35,female
C06996,25-03-2025,medium,Delhi,referral,24,other
C06997,29-09-2024,medium,Bhubaneswar,ads,43,female
C06998,10-08-2025,medium,Jaipur,organic,25,male
C06999,25-06-2024,medium,Pune,organic,19,female
C07000,26-11-2025,low,Ahmedabad,organic,34,male
C07001,04-10-2025,medium,Jaipur,ads,54,female
C07002,18-02-2024,low,Kolkata,organic,18,female
C07003,20-07-2025,medium,Chennai,organic,21,male
C07004,27-10-2025,high,Chennai,ads,42,female
C07005,20-12-2024,high,Pune,ads,28,male
C07006,12-12-2025,medium,Ahmedabad,ads,41,other
C07007,03-11-2024,low,Bhubaneswar,ads,26,male
C07008,21-09-2025,medium,Pune,ads,36,male
C07009,15-02-2024,low,Delhi,organic,52,female
C07010,28-10-2024,low,Jaipur,ads,23,female
C07011,11-02-2025,medium,Hyderabad,organic,45,female
C07012,07-07-2024,low,Jaipur,organic,41,other
C07013,08-05-2024,medium,Ahmedabad,ads,20,male
C07014,14-07-2025,medium,Pune,ads,40,male
C07015,20-06-2025,low,Delhi,ads,35,female
C07016,22-09-2024,low,Ahmedabad,ads,35,female
C07017,27-04-2024,medium,Bangalore,referral,38,male
C07018,08-04-2025,medium,Ahmedabad,ads,31,female
C07019,23-05-2024,high,Kolkata,ads,35,female
C07020,17-03-2025,medium,Ahmedabad,ads,37,male
C07021,18-07-2024,medium,Bhubaneswar,organic,42,male
C07022,05-06-2024,low,Pune,organic,19,male
C07023,01-05-2025,medium,Kolkata,ads,47,male
C07024,13-05-2024,high,Ahmedabad,organic,23,female
C07025,27-05-2024,medium,Kolkata,ads,42,male
C07026,01-12-2024,medium,Delhi,ads,35,male
C07027,11-03-2024,medium,Hyderabad,referral,22,female
C07028,20-08-2024,medium,Kolkata,referral,40,female
C07029,29-11-2024,low,Jaipur,organic,25,female
C07030,27-10-2025,high,Bangalore,ads,45,male
C07031,30-03-2024,medium,Chennai,organic,27,female
C07032,29-11-2024,low,Bangalore,organic,20,female
C07033,17-07-2024,medium,Ahmedabad,ads,50,male
C07034,09-06-2024,medium,Hyderabad,organic,36,female
C07035,21-06-2025,medium,Bangalore,organic,43,male
C07036,30-04-2024,medium,Chennai,referral,26,female
C07037,27-10-2024,medium,Bhubaneswar,referral,18,female
C07038,24-12-2025,medium,Bhubaneswar,ads,51,female
C07039,28-07-2025,low,Hyderabad,referral,34,male
C07040,11-03-2025,low,Chennai,ads,39,female
C07041,08-03-2024,medium,Chennai,organic,41,female
C07042,03-04-2025,high,Delhi,ads,31,female
C07043,28-05-2025,high,Mumbai,ads,37,male
C07044,01-02-2025,high,Kolkata,organic,50,female
C07045,11-09-2025,medium,Hyderabad,referral,34,male
C07046,12-10-2024,high,Pune,ads,44,female
C07047,14-07-2025,medium,Delhi,organic,18,female
C07048,19-05-2024,low,Bhubaneswar,organic,46,male
C07049,30-12-2025,medium,Delhi,organic,19,male
C07050,09-07-2025,low,Ahmedabad,referral,45,female
C07051,12-08-2025,low,Kolkata,ads,38,male
C07052,28-12-2025,medium,Pune,ads,34,female
C07053,01-09-2025,low,Hyderabad,ads,34,female
C07054,08-10-2024,low,Ahmedabad,ads,32,female
C07055,22-10-2025,medium,Mumbai,ads,26,male
C07056,31-07-2025,medium,Pune,ads,32,female
C07057,01-04-2025,medium,Chennai,referral,57,female
C07058,27-03-2024,low,Pune,referral,48,female
C07059,19-03-2024,medium,Delhi,referral,26,male
C07060,23-07-2024,high,Jaipur,ads,37,male
C07061,02-12-2024,medium,Ahmedabad,referral,35,female
C07062,10-09-2024,medium,Delhi,ads,33,female
C07063,30-10-2024,medium,Chennai,referral,24,male
C07064,14-01-2025,low,Bhubaneswar,referral,39,female
C07065,09-05-2024,medium,Delhi,referral,43,female
C07066,18-08-2025,low,Pune,referral,26,male
C07067,02-10-2024,low,Mumbai,ads,54,female
C07068,29-11-2025,medium,Pune,organic,50,female
C07069,11-07-2025,high,Pune,organic,40,other
C07070,01-07-2024,low,Ahmedabad,ads,22,male
C07071,24-09-2024,low,Hyderabad,organic,39,male
C07072,17-11-2024,high,Kolkata,ads,37,other
C07073,26-05-2025,medium,Pune,ads,40,male
C07074,03-09-2025,medium,Pune,ads,50,female
C07075,18-03-2024,low,Kolkata,referral,33,female
C07076,04-12-2024,low,Mumbai,ads,55,female
C07077,04-11-2025,high,Ahmedabad,ads,39,male
C07078,09-07-2025,low,Bhubaneswar,ads,32,female
C07079,23-05-2025,high,Chennai,referral,58,male
C07080,25-08-2024,low,Chennai,organic,43,female
C07081,13-05-2024,medium,Delhi,organic,30,female
C07082,10-07-2024,medium,Ahmedabad,referral,35,male
C07083,21-12-2024,high,Jaipur,ads,41,male
C07084,04-10-2024,high,Bhubaneswar,ads,33,female
C07085,18-01-2024,medium,Chennai,ads,36,female
C07086,07-06-2025,medium,Jaipur,organic,26,female
C07087,28-06-2024,high,Hyderabad,ads,18,female
C07088,02-05-2024,high,Jaipur,organic,36,male
C07089,02-09-2024,high,Jaipur,ads,36,female
C07090,07-01-2025,low,Bhubaneswar,ads,40,male
C07091,20-02-2024,low,Hyderabad,ads,29,female
C07092,11-03-2024,high,Jaipur,ads,21,male
C07093,24-04-2025,medium,Kolkata,referral,25,female
C07094,13-07-2025,high,Bangalore,ads,45,female
C07095,19-01-2024,low,Pune,referral,28,male
C07096,24-03-2024,low,Mumbai,ads,30,male
C07097,03-06-2024,medium,Pune,ads,31,male
C07098,18-07-2025,low,Delhi,organic,28,female
C07099,10-09-2025,low,Jaipur,organic,28,male
C07100,22-12-2024,low,Chennai,ads,26,male
C07101,08-10-2025,medium,Ahmedabad,organic,49,male
C07102,18-03-2025,medium,Delhi,ads,41,other
C07103,09-03-2024,medium,Bhubaneswar,ads,47,female
C07104,06-06-2025,medium,Ahmedabad,referral,49,male
C07105,22-05-2024,medium,Ahmedabad,referral,18,female
C07106,10-07-2024,high,Bhubaneswar,organic,38,other
C07107,21-01-2025,medium,Kolkata,organic,29,female
C07108,12-01-2025,medium,Pune,ads,46,male
C07109,03-08-2025,medium,Delhi,organic,27,male
C07110,18-06-2025,medium,Pune,organic,24,male
C07111,23-11-2025,low,Hyderabad,referral,20,male
C07112,19-10-2024,low,Chennai,referral,31,female
C07113,09-01-2024,medium,Delhi,ads,44,female
C07114,27-09-2024,medium,Bhubaneswar,ads,37,female
C07115,21-01-2025,medium,Jaipur,ads,22,female
C07116,02-04-2024,high,Delhi,ads,56,male
C07117,12-06-2025,low,Delhi,ads,41,female
C07118,02-06-2024,medium,Bangalore,ads,42,female
C07119,08-02-2025,high,Bhubaneswar,organic,47,male
C07120,28-05-2024,low,Bhubaneswar,referral,18,female
C07121,23-09-2024,high,Pune,ads,25,male
C07122,25-02-2025,medium,Chennai,ads,43,male
C07123,09-09-2025,high,Bhubaneswar,referral,26,female
C07124,16-04-2025,high,Mumbai,organic,32,male
C07125,30-06-2025,high,Bhubaneswar,organic,34,female
C07126,22-09-2025,high,Mumbai,referral,22,male
C07127,09-06-2025,medium,Jaipur,referral,31,female
C07128,17-05-2025,low,Chennai,ads,44,female
C07129,14-01-2024,medium,Kolkata,organic,42,other
C07130,13-10-2025,low,Delhi,ads,46,female
C07131,29-12-2024,medium,Chennai,organic,45,other
C07132,28-04-2024,medium,Pune,ads,39,female
C07133,25-08-2024,high,Delhi,organic,38,other
C07134,29-06-2025,medium,Mumbai,referral,37,female
C07135,17-06-2024,medium,Ahmedabad,ads,28,female
C07136,05-06-2025,medium,Chennai,referral,24,male
C07137,25-09-2025,low,Pune,organic,28,female
C07138,18-10-2025,medium,Mumbai,organic,31,female
C07139,30-05-2025,medium,Pune,referral,28,female
C07140,31-01-2025,low,Pune,organic,39,male
C07141,15-04-2024,medium,Pune,ads,37,female
C07142,25-03-2024,medium,Chennai,organic,38,female
C07143,01-08-2024,low,Ahmedabad,ads,38,female
C07144,30-04-2024,medium,Mumbai,organic,46,female
C07145,11-05-2024,high,Kolkata,ads,34,male
C07146,15-07-2024,medium,Mumbai,ads,45,female
C07147,19-01-2024,medium,Bhubaneswar,ads,40,female
C07148,03-10-2025,medium,Delhi,organic,46,male
C07149,12-01-2024,high,Ahmedabad,ads,51,female
C07150,21-03-2024,low,Chennai,ads,40,male
C07151,25-11-2024,low,Bangalore,organic,36,male
C07152,26-01-2025,medium,Kolkata,ads,35,female
C07153,28-09-2025,medium,Delhi,referral,30,female
C07154,02-11-2024,low,Bangalore,organic,29,male
C07155,23-09-2024,high,Bhubaneswar,ads,44,male
C07156,22-03-2025,medium,Mumbai,ads,25,male
C07157,16-03-2025,medium,Mumbai,organic,51,female
C07158,13-10-2025,low,Ahmedabad,organic,33,female
C07159,02-01-2024,high,Chennai,ads,63,male
C07160,03-06-2025,low,Chennai,ads,28,male
C07161,12-10-2025,medium,Delhi,organic,37,male
C07162,27-09-2025,medium,Hyderabad,referral,31,female
C07163,04-11-2024,medium,Bhubaneswar,ads,27,male
C07164,05-06-2025,high,Hyderabad,organic,45,female
C07165,13-04-2025,low,Pune,ads,23,female
C07166,30-07-2024,low,Kolkata,referral,28,male
C07167,21-04-2024,medium,Mumbai,organic,40,male
C07168,08-01-2024,low,Delhi,ads,42,male
C07169,21-04-2025,low,Hyderabad,ads,21,female
C07170,04-04-2025,medium,Ahmedabad,organic,40,female
C07171,09-09-2024,medium,Jaipur,organic,36,female
C07172,09-06-2025,medium,Chennai,organic,25,male
C07173,13-03-2025,medium,Mumbai,organic,27,male
C07174,22-10-2025,high,Delhi,organic,18,male
C07175,23-08-2024,medium,Bangalore,referral,52,male
C07176,01-11-2024,high,Kolkata,referral,45,female
C07177,22-04-2025,low,Pune,organic,22,female
C07178,09-11-2025,low,Ahmedabad,ads,42,female
C07179,20-01-2024,medium,Bhubaneswar,organic,29,female
C07180,03-08-2024,medium,Ahmedabad,organic,44,female
C07181,14-05-2024,medium,Pune,organic,30,female
C07182,08-05-2024,medium,Jaipur,organic,31,female
C07183,13-02-2025,medium,Bhubaneswar,referral,32,female
C07184,25-02-2025,medium,Bhubaneswar,organic,28,male
C07185,20-10-2024,medium,Delhi,ads,48,male
C07186,02-09-2024,high,Ahmedabad,organic,43,male
C07187,01-12-2025,high,Mumbai,organic,36,female
C07188,09-07-2025,high,Pune,referral,45,female
C07189,26-03-2024,low,Jaipur,organic,18,male
C07190,09-07-2025,low,Jaipur,referral,22,female
C07191,09-01-2025,medium,Chennai,organic,39,male
C07192,21-03-2025,medium,Kolkata,ads,42,female
C07193,12-01-2025,high,Delhi,referral,37,male
C07194,24-01-2025,medium,Delhi,organic,18,female
C07195,18-10-2025,high,Bangalore,ads,24,female
C07196,20-02-2024,medium,Delhi,ads,39,other
C07197,29-08-2024,low,Bhubaneswar,organic,59,female
C07198,20-10-2024,high,Bangalore,ads,47,female
C07199,16-07-2025,low,Jaipur,organic,50,male
C07200,22-09-2024,high,Mumbai,organic,38,male
C07201,29-04-2024,medium,Hyderabad,organic,38,male
C07202,12-12-2025,high,Kolkata,referral,24,female
C07203,04-09-2024,medium,Kolkata,organic,44,male
C07204,10-03-2024,high,Mumbai,organic,34,male
C07205,26-02-2024,medium,Mumbai,ads,41,female
C07206,16-01-2025,medium,Hyderabad,organic,35,female
C07207,08-02-2024,medium,Chennai,ads,37,female
C07208,18-03-2025,medium,Ahmedabad,organic,34,male
C07209,18-01-2024,low,Kolkata,ads,37,female
C07210,17-12-2024,medium,Chennai,ads,45,female
C07211,24-10-2024,high,Delhi,organic,22,male
C07212,09-10-2024,medium,Mumbai,organic,20,female
C07213,08-08-2025,low,Bangalore,ads,39,male
C07214,19-04-2024,medium,Chennai,ads,49,female
C07215,28-06-2024,medium,Chennai,organic,51,male
C07216,27-06-2025,high,Kolkata,organic,22,female
C07217,25-01-2024,medium,Jaipur,organic,30,other
C07218,26-02-2024,medium,Bangalore,ads,20,male
C07219,28-06-2024,low,Ahmedabad,referral,29,male
C07220,19-08-2024,low,Delhi,organic,46,male
C07221,08-12-2024,high,Hyderabad,organic,34,female
C07222,21-04-2025,medium,Pune,organic,31,male
C07223,29-07-2025,medium,Jaipur,organic,40,female
C07224,30-03-2025,medium,Kolkata,ads,27,male
C07225,19-08-2024,low,Jaipur,referral,50,female
C07226,15-10-2024,medium,Bangalore,organic,35,male
C07227,31-07-2024,medium,Bhubaneswar,ads,30,female
C07228,14-09-2024,medium,Ahmedabad,organic,40,male
C07229,13-06-2025,low,Delhi,referral,44,female
C07230,17-11-2025,medium,Jaipur,ads,50,female
C07231,16-08-2024,medium,Ahmedabad,organic,32,female
C07232,13-08-2024,medium,Pune,referral,45,male
C07233,18-08-2025,medium,Delhi,organic,36,male
C07234,10-03-2025,low,Pune,ads,28,female
C07235,05-02-2025,medium,Chennai,referral,27,female
C07236,13-09-2025,medium,Jaipur,organic,24,male
C07237,28-03-2024,medium,Pune,ads,27,male
C07238,06-08-2025,low,Ahmedabad,referral,46,male
C07239,25-06-2025,medium,Bhubaneswar,referral,42,female
C07240,14-11-2025,high,Hyderabad,ads,22,female
C07241,04-11-2024,medium,Mumbai,organic,18,female
C07242,08-12-2024,medium,Bhubaneswar,ads,23,male
C07243,11-03-2025,low,Kolkata,ads,27,male
C07244,25-06-2024,low,Bhubaneswar,ads,31,female
C07245,18-05-2024,medium,Pune,referral,46,male
C07246,12-07-2024,high,Kolkata,organic,29,male
C07247,04-07-2024,low,Bhubaneswar,organic,51,female
C07248,05-08-2024,medium,Mumbai,ads,18,male
C07249,12-06-2024,medium,Ahmedabad,referral,31,female
C07250,09-06-2024,medium,Hyderabad,ads,42,male
C07251,08-06-2025,medium,Pune,referral,43,male
C07252,23-08-2025,medium,Jaipur,referral,31,male
C07253,11-02-2024,low,Delhi,referral,45,female
C07254,28-07-2024,low,Bangalore,referral,43,female
C07255,01-10-2024,medium,Jaipur,referral,28,female
C07256,05-10-2024,medium,Chennai,referral,38,male
C07257,07-09-2024,high,Pune,ads,42,male
C07258,05-11-2024,high,Delhi,organic,28,male
C07259,20-12-2025,medium,Ahmedabad,organic,51,other
C07260,19-05-2024,medium,Chennai,organic,26,male
C07261,29-06-2025,low,Bangalore,organic,36,female
C07262,13-06-2025,low,Pune,organic,22,female
C07263,26-02-2024,medium,Jaipur,referral,36,male
C07264,21-04-2024,medium,Bhubaneswar,ads,24,female
C07265,05-01-2024,high,Jaipur,organic,32,male
C07266,13-02-2025,low,Jaipur,ads,19,male
C07267,17-02-2025,medium,Bangalore,ads,42,male
C07268,30-06-2024,high,Pune,organic,38,female
C07269,13-01-2024,medium,Pune,referral,45,male
C07270,04-12-2024,low,Kolkata,organic,31,male
C07271,15-09-2024,low,Jaipur,ads,46,male
C07272,30-03-2024,high,Ahmedabad,organic,35,male
C07273,07-09-2025,low,Delhi,ads,36,female
C07274,28-11-2025,medium,Delhi,referral,56,male
C07275,06-09-2024,high,Chennai,organic,30,female
C07276,11-09-2024,low,Bangalore,referral,47,female
C07277,10-08-2025,low,Jaipur,organic,39,female
C07278,17-04-2024,medium,Ahmedabad,ads,29,male
C07279,29-10-2025,medium,Chennai,referral,21,male
C07280,16-08-2025,low,Pune,referral,24,female
C07281,11-08-2025,low,Delhi,organic,46,male
C07282,29-04-2025,low,Mumbai,organic,52,female
C07283,14-09-2024,medium,Kolkata,ads,35,male
C07284,30-09-2025,low,Ahmedabad,organic,36,other
C07285,08-10-2024,low,Chennai,ads,42,male
C07286,28-03-2024,high,Chennai,ads,35,male
C07287,22-07-2024,low,Ahmedabad,ads,45,female
C07288,16-01-2024,medium,Bhubaneswar,organic,37,male
C07289,30-05-2024,medium,Mumbai,ads,36,male
C07290,10-09-2024,medium,Pune,referral,28,male
C07291,06-07-2024,high,Delhi,ads,25,male
C07292,24-11-2024,medium,Jaipur,ads,18,male
C07293,27-06-2025,low,Ahmedabad,organic,47,male
C07294,31-01-2025,medium,Bangalore,organic,33,female
C07295,31-05-2025,medium,Mumbai,organic,30,male
C07296,03-04-2025,low,Kolkata,ads,18,male
C07297,25-11-2024,medium,Kolkata,organic,28,female
C07298,17-06-2024,medium,Bangalore,ads,27,male
C07299,23-11-2025,medium,Mumbai,ads,27,male
C07300,31-12-2024,medium,Chennai,ads,38,female
C07301,26-06-2024,medium,Kolkata,organic,36,female
C07302,16-10-2025,low,Chennai,ads,21,male
C07303,27-12-2024,medium,Bhubaneswar,ads,22,other
C07304,30-09-2025,low,Mumbai,organic,22,female
C07305,09-02-2024,medium,Ahmedabad,organic,53,male
C07306,19-02-2025,medium,Jaipur,ads,49,other
C07307,20-12-2024,medium,Delhi,organic,26,male
C07308,11-09-2024,low,Bhubaneswar,organic,18,other
C07309,22-05-2024,medium,Chennai,organic,36,male
C07310,10-12-2025,high,Mumbai,organic,35,male
C07311,30-07-2025,high,Bhubaneswar,referral,38,female
C07312,11-01-2024,medium,Chennai,ads,42,male
C07313,11-09-2025,medium,Jaipur,ads,39,male
C07314,26-01-2024,medium,Jaipur,referral,23,female
C07315,24-02-2025,high,Bangalore,ads,37,male
C07316,24-10-2025,low,Pune,ads,43,female
C07317,08-08-2024,medium,Kolkata,organic,27,male
C07318,10-05-2025,medium,Jaipur,ads,37,female
C07319,24-08-2024,medium,Hyderabad,organic,29,male
C07320,24-08-2024,medium,Jaipur,ads,54,female
C07321,06-08-2024,low,Bhubaneswar,organic,21,male
C07322,01-05-2025,high,Delhi,organic,46,female
C07323,05-04-2025,medium,Mumbai,organic,18,male
C07324,24-10-2025,low,Bhubaneswar,organic,52,male
C07325,26-09-2025,medium,Pune,referral,23,male
C07326,23-05-2024,medium,Jaipur,organic,36,male
C07327,07-07-2024,medium,Ahmedabad,referral,18,male
C07328,11-09-2024,low,Mumbai,ads,21,female
C07329,08-03-2024,low,Bhubaneswar,ads,43,male
C07330,07-09-2025,low,Hyderabad,organic,45,male
C07331,01-12-2024,medium,Delhi,referral,37,female
C07332,01-11-2025,low,Kolkata,organic,42,female
C07333,12-02-2025,high,Mumbai,ads,45,female
C07334,26-10-2024,high,Pune,ads,28,female
C07335,24-08-2025,low,Ahmedabad,ads,21,male
C07336,22-12-2024,high,Hyderabad,organic,34,female
C07337,12-09-2024,high,Kolkata,ads,29,male
C07338,18-12-2024,medium,Chennai,referral,38,female
C07339,04-06-2025,medium,Delhi,referral,40,female
C07340,07-06-2025,low,Kolkata,referral,28,female
C07341,24-11-2025,medium,Jaipur,organic,42,female
C07342,10-10-2024,medium,Bangalore,organic,41,female
C07343,07-11-2024,medium,Ahmedabad,organic,42,female
C07344,08-04-2024,low,Hyderabad,referral,30,male
C07345,15-07-2024,low,Kolkata,organic,42,male
C07346,26-04-2025,medium,Bangalore,ads,40,female
C07347,13-08-2024,low,Kolkata,referral,41,male
C07348,06-09-2025,low,Bhubaneswar,ads,51,female
C07349,09-09-2025,high,Chennai,ads,38,female
C07350,30-12-2024,high,Delhi,organic,28,male
C07351,02-01-2025,high,Chennai,ads,23,female
C07352,23-07-2025,low,Bhubaneswar,referral,46,female
C07353,12-08-2025,high,Kolkata,ads,38,female
C07354,15-03-2024,medium,Mumbai,organic,51,male
C07355,11-02-2024,high,Bangalore,organic,18,female
C07356,25-02-2025,low,Ahmedabad,organic,44,other
C07357,29-06-2024,medium,Pune,ads,32,female
C07358,28-06-2025,low,Bangalore,organic,31,female
C07359,11-03-2024,low,Chennai,ads,27,female
C07360,21-07-2025,high,Bangalore,ads,43,male
C07361,14-04-2024,medium,Jaipur,ads,41,female
C07362,18-07-2024,high,Kolkata,organic,23,female
C07363,10-04-2024,low,Bhubaneswar,ads,36,female
C07364,02-11-2024,medium,Bangalore,ads,42,female
C07365,08-08-2025,high,Bangalore,organic,36,female
C07366,13-11-2025,high,Bhubaneswar,referral,46,female
C07367,11-01-2025,medium,Jaipur,organic,32,male
C07368,16-10-2025,low,Jaipur,ads,18,male
C07369,08-11-2025,medium,Pune,organic,36,female
C07370,02-02-2025,low,Pune,ads,36,male
C07371,08-08-2024,medium,Jaipur,ads,38,male
C07372,17-08-2025,high,Mumbai,organic,46,female
C07373,30-06-2024,low,Pune,ads,18,female
C07374,02-11-2024,high,Jaipur,ads,32,female
C07375,05-06-2025,low,Jaipur,ads,25,female
C07376,30-01-2025,medium,Bangalore,organic,22,male
C07377,04-01-2024,high,Pune,organic,34,male
C07378,07-10-2024,medium,Kolkata,ads,42,female
C07379,02-08-2024,low,Bhubaneswar,organic,38,female
C07380,01-09-2025,low,Bhubaneswar,ads,28,female
C07381,23-02-2025,high,Hyderabad,organic,33,male
C07382,10-04-2024,high,Bangalore,organic,44,female
C07383,04-06-2025,medium,Hyderabad,referral,41,female
C07384,26-07-2025,medium,Hyderabad,ads,29,male
C07385,04-11-2024,low,Bangalore,ads,28,male
C07386,19-10-2025,high,Kolkata,referral,18,female
C07387,24-05-2025,low,Mumbai,ads,30,male
C07388,03-03-2024,medium,Delhi,ads,18,male
C07389,24-09-2025,low,Mumbai,referral,55,male
C07390,13-08-2024,medium,Pune,ads,26,male
C07391,14-04-2024,medium,Jaipur,ads,46,male
C07392,28-02-2025,low,Chennai,ads,53,male
C07393,11-09-2024,medium,Ahmedabad,referral,37,male
C07394,04-03-2025,low,Bangalore,organic,33,female
C07395,09-03-2025,low,Mumbai,organic,21,male
C07396,25-07-2024,medium,Kolkata,organic,29,female
C07397,28-01-2024,medium,Mumbai,organic,51,female
C07398,12-11-2025,high,Pune,organic,38,male
C07399,01-12-2024,high,Jaipur,referral,35,male
C07400,10-08-2025,medium,Hyderabad,ads,48,female
C07401,19-09-2025,high,Bhubaneswar,organic,41,male
C07402,09-03-2024,medium,Chennai,ads,33,male
C07403,27-05-2025,medium,Mumbai,ads,37,female
C07404,15-06-2024,medium,Kolkata,ads,27,male
C07405,30-12-2025,medium,Delhi,organic,29,female
C07406,02-01-2025,high,Mumbai,referral,32,female
C07407,07-09-2024,high,Kolkata,organic,40,male
C07408,16-11-2025,medium,Hyderabad,organic,22,male
C07409,18-06-2024,medium,Kolkata,organic,35,female
C07410,30-03-2024,medium,Kolkata,ads,31,other
C07411,14-07-2025,medium,Jaipur,ads,25,male
C07412,21-03-2025,low,Jaipur,organic,31,male
C07413,20-10-2024,medium,Mumbai,organic,18,male
C07414,29-05-2024,medium,Ahmedabad,ads,27,male
C07415,11-05-2024,low,Jaipur,ads,24,male
C07416,08-03-2025,low,Bhubaneswar,organic,32,male
C07417,28-02-2024,medium,Bhubaneswar,referral,18,female
C07418,17-07-2024,medium,Chennai,referral,36,other
C07419,02-08-2024,high,Bangalore,organic,44,female
C07420,14-07-2025,medium,Hyderabad,ads,33,female
C07421,16-04-2025,low,Ahmedabad,organic,39,male
C07422,03-09-2024,medium,Bhubaneswar,ads,29,male
C07423,16-01-2025,low,Pune,ads,19,female
C07424,26-08-2024,medium,Bhubaneswar,organic,35,female
C07425,01-01-2025,low,Kolkata,ads,41,female
C07426,16-06-2024,medium,Hyderabad,referral,21,male
C07427,13-07-2025,high,Chennai,organic,30,female
C07428,20-02-2024,medium,Mumbai,organic,32,male
C07429,01-09-2025,medium,Bhubaneswar,organic,63,male
C07430,28-12-2025,high,Bangalore,ads,37,male
C07431,19-11-2025,low,Chennai,ads,18,female
C07432,14-01-2025,medium,Bhubaneswar,ads,18,male
C07433,18-04-2025,low,Ahmedabad,ads,42,female
C07434,20-03-2024,medium,Ahmedabad,ads,59,female
C07435,27-11-2025,high,Chennai,ads,32,female
C07436,01-01-2025,low,Mumbai,ads,31,other
C07437,05-04-2025,medium,Pune,ads,39,male
C07438,22-06-2025,medium,Pune,referral,27,female
C07439,27-03-2025,medium,Bhubaneswar,organic,18,female
C07440,08-04-2025,medium,Bhubaneswar,organic,45,male
C07441,22-04-2025,low,Chennai,organic,28,female
C07442,23-02-2025,medium,Delhi,referral,45,male
C07443,07-12-2025,medium,Kolkata,ads,27,male
C07444,01-08-2024,low,Kolkata,organic,36,female
C07445,03-01-2025,high,Bangalore,referral,43,female
C07446,23-04-2024,medium,Bhubaneswar,referral,45,male
C07447,17-05-2025,low,Bangalore,referral,37,female
C07448,27-09-2025,medium,Chennai,organic,36,male
C07449,10-08-2025,low,Mumbai,referral,41,female
C07450,06-11-2024,medium,Hyderabad,organic,39,other
C07451,13-04-2025,low,Hyderabad,organic,22,female
C07452,08-12-2025,low,Bhubaneswar,organic,22,female
C07453,13-02-2024,medium,Bhubaneswar,ads,18,female
C07454,18-02-2025,high,Delhi,organic,42,female
C07455,28-11-2025,medium,Chennai,ads,31,male
C07456,02-09-2024,low,Mumbai,referral,43,male
C07457,24-03-2024,medium,Jaipur,organic,39,male
C07458,25-07-2024,high,Chennai,organic,24,female
C07459,30-05-2024,medium,Jaipur,organic,33,female
C07460,29-10-2025,low,Ahmedabad,referral,30,female
C07461,11-06-2025,medium,Kolkata,organic,28,female
C07462,13-06-2024,medium,Bhubaneswar,ads,44,female
C07463,24-05-2024,high,Delhi,organic,60,female
C07464,06-02-2024,medium,Bhubaneswar,referral,46,male
C07465,28-11-2024,high,Hyderabad,organic,34,male
C07466,06-02-2025,high,Bhubaneswar,ads,47,male
C07467,17-02-2025,low,Hyderabad,ads,52,female
C07468,14-02-2024,low,Bangalore,referral,21,male
C07469,05-02-2025,high,Bhubaneswar,organic,47,female
C07470,24-07-2024,high,Chennai,ads,42,male
C07471,02-03-2024,medium,Jaipur,organic,46,male
C07472,23-02-2025,medium,Chennai,referral,43,female
C07473,12-04-2025,medium,Pune,ads,32,male
C07474,19-01-2024,medium,Hyderabad,ads,55,female
C07475,30-12-2024,medium,Ahmedabad,ads,38,female
C07476,26-10-2024,low,Pune,organic,30,female
C07477,07-01-2024,low,Bangalore,organic,40,female
C07478,03-03-2025,medium,Chennai,ads,44,female
C07479,26-04-2024,medium,Ahmedabad,referral,35,male
C07480,02-08-2025,low,Jaipur,organic,38,female
C07481,21-05-2025,low,Mumbai,referral,35,male
C07482,29-06-2025,high,Delhi,organic,28,male
C07483,06-12-2025,medium,Bhubaneswar,referral,26,male
C07484,20-11-2024,medium,Bhubaneswar,organic,20,female
C07485,24-02-2024,high,Mumbai,organic,50,female
C07486,11-02-2024,medium,Bhubaneswar,ads,32,female
C07487,23-10-2024,medium,Chennai,ads,18,male
C07488,18-08-2024,medium,Mumbai,ads,38,male
C07489,28-03-2025,medium,Pune,ads,38,female
C07490,28-01-2025,medium,Pune,ads,18,female
C07491,05-06-2025,low,Bangalore,organic,26,male
C07492,23-12-2024,medium,Delhi,organic,26,male
C07493,19-03-2025,medium,Kolkata,organic,27,female
C07494,07-05-2024,high,Mumbai,ads,47,male
C07495,21-11-2025,high,Kolkata,ads,33,female
C07496,08-02-2025,medium,Bhubaneswar,ads,30,female
C07497,26-01-2025,high,Mumbai,ads,46,male
C07498,11-07-2024,high,Delhi,organic,39,male
C07499,26-08-2025,high,Bangalore,ads,18,female
C07500,18-03-2024,medium,Jaipur,organic,28,male
C07501,25-03-2024,low,Pune,ads,38,male
C07502,30-01-2024,medium,Hyderabad,organic,25,female
C07503,25-12-2025,medium,Hyderabad,ads,55,female
C07504,18-02-2024,high,Pune,ads,36,female
C07505,24-05-2024,medium,Bhubaneswar,ads,27,female
C07506,09-03-2024,medium,Bangalore,ads,23,other
C07507,27-02-2024,medium,Bangalore,organic,44,male
C07508,27-11-2025,low,Jaipur,organic,28,female
C07509,27-07-2025,low,Bhubaneswar,ads,38,female
C07510,23-04-2025,high,Pune,referral,23,male
C07511,20-03-2025,low,Jaipur,organic,35,male
C07512,22-10-2024,high,Chennai,organic,28,female
C07513,08-11-2025,low,Kolkata,ads,31,male
C07514,19-06-2024,medium,Hyderabad,ads,27,female
C07515,28-07-2025,medium,Ahmedabad,ads,45,female
C07516,26-05-2024,high,Hyderabad,referral,30,female
C07517,28-04-2025,high,Bhubaneswar,ads,33,female
C07518,01-11-2024,low,Delhi,organic,34,female
C07519,03-11-2025,low,Hyderabad,organic,51,female
C07520,14-10-2025,medium,Mumbai,ads,43,female
C07521,31-08-2025,low,Bangalore,ads,42,female
C07522,21-03-2025,low,Hyderabad,organic,19,female
C07523,08-08-2024,medium,Mumbai,referral,28,male
C07524,08-07-2025,high,Kolkata,organic,46,female
C07525,12-01-2025,high,Hyderabad,ads,23,male
C07526,11-09-2025,medium,Chennai,organic,35,female
C07527,22-09-2024,medium,Hyderabad,referral,24,male
C07528,04-04-2024,high,Hyderabad,ads,25,female
C07529,18-09-2024,high,Bhubaneswar,organic,51,other
C07530,11-03-2024,high,Ahmedabad,referral,42,female
C07531,06-08-2024,low,Chennai,organic,44,female
C07532,16-06-2025,high,Hyderabad,ads,42,female
C07533,01-04-2024,medium,Hyderabad,referral,33,female
C07534,06-05-2024,medium,Hyderabad,ads,28,male
C07535,20-03-2024,medium,Mumbai,referral,30,male
C07536,25-08-2024,high,Kolkata,referral,33,male
C07537,06-01-2025,medium,Delhi,referral,52,female
C07538,30-04-2025,high,Delhi,organic,21,male
C07539,24-11-2025,medium,Delhi,organic,29,female
C07540,25-01-2024,high,Pune,ads,25,female
C07541,04-06-2024,medium,Delhi,ads,45,female
C07542,31-05-2025,medium,Hyderabad,ads,53,male
C07543,23-09-2025,medium,Mumbai,organic,38,male
C07544,13-06-2025,medium,Hyderabad,referral,38,male
C07545,10-12-2025,medium,Hyderabad,referral,35,female
C07546,26-02-2024,low,Bangalore,ads,39,male
C07547,27-08-2025,medium,Bhubaneswar,organic,42,female
C07548,19-01-2024,low,Kolkata,organic,39,female
C07549,18-01-2025,low,Pune,organic,39,male
C07550,11-07-2024,medium,Kolkata,ads,42,male
C07551,24-08-2024,medium,Delhi,referral,18,female
C07552,21-01-2025,medium,Hyderabad,organic,35,male
C07553,01-03-2025,high,Chennai,ads,38,female
C07554,03-10-2024,high,Ahmedabad,ads,39,female
C07555,14-08-2024,high,Ahmedabad,organic,33,male
C07556,05-07-2025,high,Bhubaneswar,ads,36,female
C07557,18-11-2024,medium,Pune,ads,27,male
C07558,01-06-2024,low,Mumbai,referral,18,male
C07559,30-09-2025,medium,Bhubaneswar,ads,44,female
C07560,24-08-2024,low,Bangalore,ads,23,male
C07561,24-02-2024,low,Hyderabad,organic,33,male
C07562,11-03-2025,low,Jaipur,organic,27,female
C07563,14-11-2025,low,Pune,organic,50,male
C07564,18-04-2024,medium,Hyderabad,organic,34,male
C07565,02-07-2024,high,Chennai,organic,31,female
C07566,02-01-2025,medium,Kolkata,organic,42,male
C07567,16-07-2024,medium,Mumbai,ads,56,female
C07568,05-01-2025,low,Ahmedabad,ads,39,male
C07569,07-01-2025,low,Pune,organic,31,female
C07570,11-05-2025,medium,Pune,organic,41,male
C07571,21-08-2025,medium,Kolkata,ads,19,female
C07572,19-07-2024,high,Chennai,organic,35,male
C07573,23-05-2025,high,Hyderabad,ads,54,female
C07574,17-11-2024,medium,Mumbai,ads,36,female
C07575,01-10-2024,medium,Kolkata,organic,36,male
C07576,29-07-2024,low,Kolkata,organic,35,male
C07577,18-05-2025,medium,Kolkata,organic,31,male
C07578,27-04-2024,low,Pune,organic,38,other
C07579,03-12-2025,medium,Pune,referral,42,female
C07580,07-07-2025,low,Pune,organic,31,female
C07581,11-02-2024,high,Pune,ads,18,female
C07582,10-11-2024,low,Mumbai,ads,39,male
C07583,24-11-2024,medium,Chennai,organic,56,male
C07584,17-01-2024,high,Jaipur,organic,31,female
C07585,09-10-2024,high,Mumbai,referral,20,female
C07586,14-09-2024,low,Chennai,referral,41,male
C07587,28-07-2025,high,Hyderabad,organic,52,female
C07588,27-07-2025,medium,Bangalore,organic,40,male
C07589,03-09-2025,medium,Hyderabad,ads,52,male
C07590,19-01-2024,medium,Chennai,organic,42,female
C07591,12-06-2025,low,Kolkata,organic,42,male
C07592,26-02-2025,medium,Jaipur,organic,29,male
C07593,10-04-2025,medium,Ahmedabad,organic,37,female
C07594,07-01-2025,low,Bhubaneswar,organic,34,female
C07595,21-03-2024,low,Pune,ads,34,male
C07596,04-07-2025,low,Delhi,ads,32,male
C07597,01-07-2025,medium,Ahmedabad,ads,37,female
C07598,27-02-2025,medium,Ahmedabad,organic,22,male
C07599,04-03-2025,medium,Hyderabad,ads,43,male
C07600,22-01-2025,low,Pune,ads,26,male
C07601,09-12-2025,high,Bangalore,organic,32,male
C07602,31-10-2025,medium,Chennai,organic,38,female
C07603,22-07-2024,high,Pune,organic,25,female
C07604,14-07-2024,medium,Delhi,organic,18,female
C07605,28-12-2025,low,Delhi,referral,31,female
C07606,11-10-2024,high,Chennai,ads,20,female
C07607,14-07-2024,medium,Ahmedabad,organic,42,male
C07608,02-11-2024,low,Pune,ads,23,female
C07609,25-10-2025,medium,Delhi,organic,49,female
C07610,14-01-2024,medium,Chennai,organic,34,male
C07611,25-05-2024,low,Bhubaneswar,organic,35,female
C07612,26-02-2024,low,Bhubaneswar,ads,18,female
C07613,23-12-2025,medium,Mumbai,organic,36,male
C07614,28-07-2024,high,Pune,organic,34,male
C07615,12-06-2025,high,Jaipur,organic,22,male
C07616,09-12-2024,low,Chennai,organic,35,male
C07617,15-12-2025,low,Ahmedabad,ads,31,male
C07618,02-09-2025,medium,Bangalore,referral,32,female
C07619,05-10-2024,medium,Delhi,ads,35,male
C07620,27-07-2024,high,Kolkata,ads,30,female
C07621,02-10-2025,medium,Pune,referral,37,male
C07622,30-11-2024,medium,Delhi,organic,34,female
C07623,14-10-2024,low,Mumbai,organic,39,female
C07624,08-09-2024,medium,Chennai,ads,29,female
C07625,21-09-2024,medium,Ahmedabad,organic,24,female
C07626,27-09-2024,medium,Delhi,ads,27,male
C07627,30-11-2025,medium,Kolkata,organic,49,male
C07628,22-02-2025,medium,Bangalore,organic,44,male
C07629,26-12-2025,high,Chennai,ads,47,other
C07630,29-07-2024,medium,Chennai,referral,47,female
C07631,30-12-2024,high,Jaipur,organic,30,female
C07632,16-03-2024,high,Mumbai,organic,37,female
C07633,21-10-2025,low,Chennai,ads,35,female
C07634,16-11-2024,medium,Ahmedabad,organic,41,female
C07635,25-12-2025,medium,Chennai,organic,32,male
C07636,08-03-2025,low,Jaipur,organic,35,male
C07637,18-04-2024,medium,Mumbai,ads,35,female
C07638,02-10-2025,low,Pune,referral,40,female
C07639,05-06-2025,high,Hyderabad,ads,41,male
C07640,16-02-2024,low,Pune,organic,35,female
C07641,13-01-2025,low,Bhubaneswar,organic,36,male
C07642,05-04-2024,low,Jaipur,organic,37,male
C07643,12-04-2024,high,Chennai,referral,51,male
C07644,25-05-2024,medium,Mumbai,ads,18,female
C07645,27-01-2024,high,Pune,organic,25,female
C07646,13-06-2025,medium,Pune,ads,41,female
C07647,09-11-2025,low,Bhubaneswar,ads,37,male
C07648,22-03-2024,medium,Pune,referral,37,female
C07649,03-03-2025,medium,Jaipur,referral,41,male
C07650,06-08-2025,medium,Pune,organic,37,male
C07651,23-04-2025,medium,Ahmedabad,ads,29,male
C07652,10-06-2024,low,Bhubaneswar,ads,41,male
C07653,05-02-2025,low,Mumbai,organic,35,male
C07654,22-05-2025,high,Mumbai,ads,30,female
C07655,07-02-2024,medium,Pune,ads,41,male
C07656,25-05-2025,medium,Jaipur,organic,41,female
C07657,27-01-2025,medium,Jaipur,ads,37,female
C07658,13-12-2025,low,Bangalore,ads,52,female
C07659,08-05-2025,low,Delhi,organic,48,female
C07660,18-07-2024,medium,Ahmedabad,organic,45,female
C07661,11-09-2024,medium,Bangalore,ads,60,female
C07662,27-06-2024,medium,Delhi,organic,33,male
C07663,30-06-2025,medium,Hyderabad,referral,30,female
C07664,16-08-2025,high,Kolkata,organic,43,male
C07665,23-01-2025,medium,Delhi,organic,32,male
C07666,01-02-2025,high,Kolkata,organic,35,male
C07667,06-06-2024,medium,Bhubaneswar,ads,25,female
C07668,04-01-2024,medium,Pune,ads,41,female
C07669,15-06-2024,low,Delhi,ads,20,female
C07670,12-04-2025,low,Jaipur,organic,34,male
C07671,12-02-2025,medium,Ahmedabad,referral,34,male
C07672,15-02-2025,high,Hyderabad,organic,30,male
C07673,22-07-2024,medium,Mumbai,organic,18,female
C07674,12-07-2024,medium,Bangalore,organic,18,male
C07675,22-08-2024,medium,Pune,organic,27,female
C07676,18-12-2025,low,Bangalore,organic,40,female
C07677,29-05-2024,medium,Bangalore,organic,37,female
C07678,07-06-2024,medium,Chennai,organic,34,female
C07679,05-10-2024,medium,Bangalore,referral,26,male
C07680,07-02-2025,low,Bangalore,organic,38,female
C07681,08-11-2025,low,Chennai,ads,18,female
C07682,06-11-2024,medium,Chennai,ads,18,female
C07683,08-03-2024,medium,Ahmedabad,organic,32,female
C07684,07-04-2025,medium,Delhi,ads,29,female
C07685,28-03-2024,high,Delhi,ads,45,male
C07686,04-08-2024,medium,Ahmedabad,organic,36,male
C07687,01-01-2024,medium,Chennai,referral,51,female
C07688,14-05-2024,high,Kolkata,ads,29,female
C07689,27-11-2025,high,Mumbai,referral,39,male
C07690,16-12-2024,medium,Ahmedabad,referral,32,female
C07691,19-05-2024,low,Hyderabad,organic,48,male
C07692,09-09-2025,medium,Ahmedabad,organic,32,male
C07693,12-05-2024,medium,Chennai,organic,43,male
C07694,11-09-2025,medium,Kolkata,referral,24,male
C07695,26-06-2024,medium,Pune,referral,30,female
C07696,23-12-2024,medium,Chennai,ads,34,female
C07697,14-01-2025,medium,Bhubaneswar,organic,47,female
C07698,19-10-2025,high,Bhubaneswar,organic,18,female
C07699,25-03-2025,medium,Mumbai,referral,31,male
C07700,08-08-2025,medium,Chennai,referral,31,female
C07701,07-04-2025,medium,Jaipur,organic,18,female
C07702,17-04-2024,low,Bhubaneswar,organic,30,female
C07703,01-05-2024,high,Bangalore,organic,19,male
C07704,17-01-2024,medium,Pune,organic,18,female
C07705,14-07-2024,medium,Bangalore,referral,32,other
C07706,22-11-2024,low,Hyderabad,ads,32,male
C07707,13-11-2024,medium,Mumbai,ads,32,male
C07708,23-04-2025,low,Hyderabad,ads,37,male
C07709,08-09-2024,low,Hyderabad,organic,26,male
C07710,17-05-2025,medium,Bhubaneswar,organic,52,female
C07711,28-04-2024,medium,Chennai,ads,34,female
C07712,04-11-2025,medium,Delhi,ads,47,female
C07713,10-12-2025,low,Bhubaneswar,organic,18,female
C07714,12-05-2025,high,Ahmedabad,organic,26,female
C07715,30-04-2025,medium,Delhi,organic,41,male
C07716,14-02-2024,medium,Chennai,organic,32,female
C07717,09-11-2024,medium,Hyderabad,ads,24,female
C07718,27-06-2024,medium,Kolkata,ads,18,female
C07719,21-02-2025,medium,Mumbai,ads,42,male
C07720,09-07-2025,high,Chennai,referral,41,male
C07721,18-03-2024,medium,Kolkata,ads,37,male
C07722,21-11-2024,medium,Pune,organic,30,female
C07723,20-11-2025,low,Hyderabad,organic,23,female
C07724,22-12-2024,medium,Bangalore,referral,34,male
C07725,19-02-2025,low,Ahmedabad,ads,21,female
C07726,29-05-2025,medium,Kolkata,organic,27,male
C07727,01-08-2024,high,Chennai,ads,47,male
C07728,14-03-2024,low,Bangalore,ads,18,female
C07729,16-07-2025,high,Bhubaneswar,referral,41,male
C07730,01-08-2025,low,Pune,referral,49,male
C07731,23-05-2025,low,Pune,ads,43,male
C07732,27-11-2024,medium,Bhubaneswar,ads,38,male
C07733,02-04-2024,medium,Pune,organic,30,female
C07734,18-11-2025,medium,Bangalore,ads,28,female
C07735,18-10-2025,medium,Bangalore,ads,18,male
C07736,02-06-2025,medium,Mumbai,ads,35,male
C07737,25-09-2024,medium,Delhi,ads,30,male
C07738,10-01-2025,medium,Chennai,referral,28,female
C07739,04-01-2024,high,Kolkata,organic,34,female
C07740,17-05-2024,low,Mumbai,organic,35,male
C07741,18-08-2024,low,Delhi,ads,28,male
C07742,22-08-2025,medium,Bangalore,referral,51,male
C07743,12-06-2025,low,Hyderabad,referral,42,male
C07744,21-02-2024,medium,Mumbai,ads,43,male
C07745,07-10-2025,high,Jaipur,referral,33,female
C07746,23-12-2025,medium,Pune,ads,40,male
C07747,20-11-2024,medium,Pune,organic,26,male
C07748,31-12-2025,medium,Bangalore,ads,41,female
C07749,17-12-2025,low,Delhi,organic,32,female
C07750,23-12-2025,low,Ahmedabad,organic,24,male
C07751,03-10-2024,medium,Chennai,organic,34,male
C07752,19-06-2025,low,Mumbai,organic,32,female
C07753,30-04-2025,high,Bhubaneswar,organic,58,female
C07754,30-05-2025,high,Jaipur,organic,39,male
C07755,31-05-2024,low,Jaipur,organic,50,male
C07756,27-04-2025,medium,Kolkata,organic,46,male
C07757,15-09-2024,medium,Jaipur,ads,35,female
C07758,19-11-2024,medium,Pune,ads,30,female
C07759,16-06-2024,medium,Chennai,referral,18,male
C07760,18-11-2025,high,Bangalore,referral,26,male
C07761,05-11-2024,medium,Jaipur,ads,41,female
C07762,23-04-2025,high,Bhubaneswar,ads,31,male
C07763,25-02-2024,high,Mumbai,organic,38,male
C07764,11-09-2025,medium,Delhi,organic,18,female
C07765,17-04-2025,medium,Chennai,ads,39,male
C07766,22-10-2024,low,Kolkata,ads,45,female
C07767,05-04-2025,high,Jaipur,referral,18,female
C07768,19-11-2024,high,Pune,ads,38,female
C07769,20-05-2024,medium,Ahmedabad,organic,48,female
C07770,28-10-2025,medium,Hyderabad,referral,51,male
C07771,18-09-2024,high,Delhi,ads,29,female
C07772,23-02-2025,high,Bhubaneswar,referral,42,female
C07773,28-08-2024,low,Mumbai,ads,49,male
C07774,20-12-2024,medium,Kolkata,organic,39,male
C07775,11-08-2025,medium,Bangalore,organic,47,female
C07776,28-06-2024,medium,Hyderabad,organic,34,male
C07777,06-03-2024,medium,Mumbai,organic,38,male
C07778,13-12-2024,medium,Chennai,organic,28,male
C07779,19-06-2024,medium,Ahmedabad,ads,33,male
C07780,18-04-2025,low,Bangalore,referral,39,female
C07781,17-06-2025,high,Mumbai,referral,28,male
C07782,01-01-2025,low,Mumbai,ads,32,male
C07783,16-04-2024,high,Ahmedabad,organic,42,female
C07784,14-03-2025,medium,Hyderabad,organic,55,female
C07785,14-08-2024,high,Mumbai,ads,18,female
C07786,19-03-2025,high,Bangalore,organic,54,male
C07787,17-03-2025,low,Delhi,referral,32,male
C07788,30-01-2025,medium,Mumbai,referral,44,female
C07789,28-12-2025,high,Mumbai,organic,46,male
C07790,03-08-2025,low,Mumbai,ads,50,male
C07791,24-03-2024,low,Pune,organic,27,female
C07792,06-09-2025,low,Bangalore,ads,32,male
C07793,04-07-2025,low,Kolkata,organic,34,female
C07794,13-01-2024,medium,Mumbai,organic,31,female
C07795,23-11-2025,low,Chennai,ads,48,male
C07796,07-05-2025,medium,Ahmedabad,ads,34,male
C07797,24-09-2024,low,Ahmedabad,ads,18,male
C07798,08-06-2025,low,Pune,ads,28,male
C07799,29-04-2024,medium,Bhubaneswar,ads,19,other
C07800,18-12-2024,low,Chennai,ads,32,female
C07801,26-02-2024,medium,Chennai,referral,41,male
C07802,09-02-2024,medium,Bangalore,referral,28,male
C07803,01-12-2024,high,Hyderabad,ads,30,male
C07804,01-10-2025,low,Delhi,ads,32,female
C07805,21-06-2024,medium,Bangalore,ads,36,female
C07806,30-06-2025,medium,Mumbai,organic,40,male
C07807,15-09-2024,medium,Pune,organic,43,female
C07808,31-05-2025,low,Ahmedabad,referral,57,male
C07809,30-12-2025,medium,Kolkata,referral,36,male
C07810,06-06-2025,low,Pune,ads,42,male
C07811,26-04-2024,low,Bhubaneswar,ads,19,female
C07812,02-07-2024,medium,Jaipur,organic,31,male
C07813,25-04-2024,medium,Mumbai,organic,32,female
C07814,10-06-2024,low,Pune,ads,24,male
C07815,01-08-2025,low,Bangalore,ads,29,female
C07816,12-12-2025,low,Bhubaneswar,referral,33,male
C07817,26-06-2025,medium,Hyderabad,organic,29,male
C07818,09-08-2025,low,Bangalore,ads,61,male
C07819,24-08-2024,medium,Bhubaneswar,organic,40,female
C07820,06-03-2024,medium,Bangalore,referral,55,female
C07821,10-03-2024,low,Ahmedabad,referral,49,male
C07822,22-03-2025,high,Bangalore,ads,28,male
C07823,19-02-2025,low,Delhi,referral,35,female
C07824,15-06-2025,medium,Mumbai,ads,30,male
C07825,16-03-2025,low,Kolkata,organic,33,female
C07826,08-04-2025,high,Mumbai,ads,25,female
C07827,30-01-2025,medium,Kolkata,organic,30,female
C07828,11-12-2025,low,Kolkata,ads,38,female
C07829,04-07-2025,high,Kolkata,referral,38,female
C07830,18-10-2025,high,Delhi,ads,37,male
C07831,10-07-2025,low,Ahmedabad,organic,34,male
C07832,29-01-2025,medium,Jaipur,organic,43,male
C07833,21-11-2024,low,Pune,organic,32,female
C07834,31-03-2024,high,Mumbai,organic,48,female
C07835,10-03-2024,medium,Bangalore,organic,18,male
C07836,14-06-2024,low,Bhubaneswar,ads,41,female
C07837,03-10-2025,medium,Pune,ads,39,male
C07838,01-08-2024,medium,Kolkata,ads,28,female
C07839,23-08-2025,medium,Kolkata,organic,31,male
C07840,30-11-2024,low,Ahmedabad,organic,39,female
C07841,03-01-2025,medium,Chennai,organic,44,male
C07842,06-08-2025,medium,Chennai,organic,18,female
C07843,07-11-2025,high,Pune,organic,41,male
C07844,18-02-2024,medium,Delhi,organic,30,male
C07845,21-02-2024,medium,Bangalore,ads,46,female
C07846,15-10-2024,medium,Mumbai,referral,18,female
C07847,17-09-2025,medium,Jaipur,ads,59,other
C07848,26-08-2024,high,Hyderabad,ads,26,female
C07849,12-05-2024,high,Hyderabad,organic,49,female
C07850,14-06-2024,medium,Jaipur,referral,34,female
C07851,08-01-2025,medium,Delhi,organic,26,female
C07852,07-01-2025,low,Hyderabad,organic,37,female
C07853,22-04-2025,medium,Jaipur,organic,45,female
C07854,23-04-2025,high,Mumbai,organic,19,female
C07855,11-10-2025,medium,Kolkata,ads,42,female
C07856,13-08-2025,high,Hyderabad,referral,34,female
C07857,12-11-2025,low,Bangalore,ads,40,male
C07858,26-09-2025,low,Bangalore,organic,35,female
C07859,18-11-2025,medium,Bangalore,ads,29,male
C07860,26-10-2024,medium,Kolkata,ads,23,male
C07861,22-03-2024,medium,Ahmedabad,referral,41,female
C07862,27-03-2024,medium,Kolkata,ads,41,female
C07863,12-08-2024,low,Kolkata,ads,41,male
C07864,16-01-2024,high,Kolkata,ads,39,male
C07865,23-12-2024,medium,Pune,ads,44,male
C07866,11-06-2024,medium,Chennai,organic,49,male
C07867,01-09-2025,low,Mumbai,organic,18,male
C07868,29-10-2025,medium,Pune,ads,18,male
C07869,28-05-2025,low,Bangalore,referral,52,male
C07870,15-12-2024,high,Delhi,ads,21,female
C07871,11-11-2025,medium,Ahmedabad,referral,24,male
C07872,08-04-2025,low,Chennai,organic,32,male
C07873,09-01-2025,medium,Jaipur,ads,18,female
C07874,01-04-2024,medium,Delhi,organic,31,female
C07875,29-06-2024,high,Delhi,referral,25,male
C07876,27-10-2024,high,Delhi,organic,32,male
C07877,21-10-2025,high,Ahmedabad,ads,37,female
C07878,07-07-2024,low,Bhubaneswar,organic,31,male
C07879,09-11-2024,medium,Hyderabad,ads,31,female
C07880,07-05-2025,low,Jaipur,referral,37,male
C07881,07-05-2024,medium,Hyderabad,organic,45,other
C07882,02-06-2025,medium,Hyderabad,referral,51,female
C07883,01-03-2025,medium,Kolkata,referral,32,male
C07884,12-07-2025,low,Chennai,organic,53,male
C07885,18-07-2025,low,Jaipur,ads,43,female
C07886,05-07-2024,low,Bangalore,organic,22,male
C07887,03-07-2025,high,Bangalore,organic,22,male
C07888,28-03-2025,medium,Jaipur,ads,29,male
C07889,15-04-2025,medium,Pune,ads,49,female
C07890,18-07-2025,low,Chennai,organic,29,female
C07891,11-08-2024,medium,Bhubaneswar,organic,18,male
C07892,02-06-2024,medium,Chennai,referral,32,female
C07893,13-07-2025,medium,Kolkata,ads,18,female
C07894,16-12-2024,medium,Bangalore,organic,24,female
C07895,26-05-2024,high,Mumbai,ads,29,female
C07896,29-07-2025,low,Bangalore,organic,36,female
C07897,14-12-2024,medium,Pune,organic,45,other
C07898,30-06-2024,low,Bhubaneswar,ads,41,male
C07899,28-09-2025,low,Chennai,ads,23,female
C07900,27-06-2024,medium,Delhi,organic,31,male
C07901,08-02-2024,medium,Bangalore,ads,35,female
C07902,03-01-2024,high,Kolkata,organic,32,male
C07903,04-03-2024,low,Jaipur,ads,32,female
C07904,29-01-2024,medium,Kolkata,organic,18,male
C07905,06-01-2025,medium,Delhi,ads,23,male
C07906,06-06-2025,medium,Jaipur,organic,30,male
C07907,06-04-2024,medium,Ahmedabad,ads,18,female
C07908,17-03-2025,medium,Jaipur,ads,41,male
C07909,21-07-2024,medium,Kolkata,organic,21,female
C07910,14-02-2025,low,Mumbai,organic,41,male
C07911,21-01-2024,low,Ahmedabad,ads,40,female
C07912,04-07-2025,medium,Kolkata,organic,29,male
C07913,11-04-2024,medium,Kolkata,ads,45,male
C07914,15-02-2024,low,Hyderabad,ads,42,other
C07915,06-03-2024,high,Bhubaneswar,ads,31,male
C07916,25-08-2025,low,Chennai,referral,30,male
C07917,12-06-2024,medium,Bhubaneswar,ads,45,female
C07918,20-04-2024,medium,Delhi,ads,37,female
C07919,03-12-2024,medium,Kolkata,ads,45,other
C07920,02-05-2024,medium,Delhi,referral,18,female
C07921,05-12-2025,low,Bangalore,organic,35,female
C07922,22-03-2025,high,Pune,referral,19,male
C07923,02-09-2025,medium,Delhi,referral,34,female
C07924,17-10-2024,medium,Chennai,organic,42,female
C07925,01-11-2025,low,Delhi,organic,52,male
C07926,15-02-2025,medium,Hyderabad,referral,25,female
C07927,06-09-2025,low,Ahmedabad,ads,29,male
C07928,07-10-2024,medium,Bangalore,organic,34,female
C07929,12-02-2024,high,Hyderabad,ads,25,male
C07930,30-04-2025,low,Kolkata,organic,44,male
C07931,18-08-2025,high,Hyderabad,organic,34,female
C07932,03-12-2025,medium,Mumbai,ads,36,male
C07933,20-02-2024,high,Kolkata,ads,41,male
C07934,28-07-2024,medium,Pune,referral,34,male
C07935,05-05-2024,medium,Hyderabad,ads,26,male
C07936,06-05-2025,medium,Ahmedabad,referral,34,male
C07937,23-05-2025,medium,Pune,organic,26,female
C07938,03-08-2025,medium,Delhi,ads,36,male
C07939,14-09-2024,medium,Hyderabad,organic,44,male
C07940,06-07-2024,medium,Bangalore,organic,23,female
C07941,17-08-2024,low,Bhubaneswar,referral,19,female
C07942,07-07-2024,low,Delhi,organic,35,male
C07943,18-02-2025,high,Jaipur,referral,27,female
C07944,10-01-2024,high,Mumbai,organic,35,other
C07945,23-04-2024,low,Bangalore,organic,38,male
C07946,16-03-2024,medium,Bangalore,organic,18,female
C07947,06-11-2025,medium,Pune,ads,41,male
C07948,16-05-2025,low,Bhubaneswar,organic,23,male
C07949,25-03-2024,medium,Ahmedabad,ads,34,male
C07950,18-02-2024,medium,Pune,ads,28,female
C07951,09-05-2025,low,Bhubaneswar,organic,29,female
C07952,19-11-2025,medium,Hyderabad,ads,51,male
C07953,21-01-2025,high,Mumbai,ads,38,male
C07954,23-01-2025,high,Delhi,referral,44,male
C07955,05-08-2024,medium,Bangalore,organic,36,male
C07956,01-12-2025,low,Ahmedabad,organic,41,female
C07957,11-12-2024,medium,Pune,organic,39,female
C07958,17-08-2024,high,Mumbai,ads,37,female
C07959,11-09-2024,low,Delhi,ads,46,male
C07960,23-08-2024,high,Mumbai,referral,36,female
C07961,26-01-2024,high,Bangalore,referral,57,female
C07962,06-08-2025,medium,Hyderabad,organic,44,male
C07963,17-09-2024,medium,Ahmedabad,ads,23,male
C07964,27-09-2024,medium,Bhubaneswar,ads,33,male
C07965,02-05-2024,low,Jaipur,referral,38,other
C07966,17-10-2025,low,Ahmedabad,organic,35,male
C07967,13-09-2024,medium,Bhubaneswar,ads,41,male
C07968,17-10-2025,medium,Pune,referral,42,male
C07969,24-02-2025,medium,Hyderabad,organic,21,male
C07970,15-09-2024,medium,Bhubaneswar,ads,47,female
C07971,16-02-2024,high,Hyderabad,referral,30,male
C07972,08-06-2025,low,Mumbai,referral,29,male
C07973,26-07-2024,high,Ahmedabad,organic,29,male
C07974,06-11-2024,high,Ahmedabad,organic,43,male
C07975,28-05-2024,medium,Bangalore,organic,32,male
C07976,13-03-2025,medium,Ahmedabad,referral,28,female
C07977,03-06-2024,high,Mumbai,referral,30,male
C07978,08-11-2025,high,Bangalore,ads,18,male
C07979,30-03-2024,medium,Hyderabad,ads,26,female
C07980,28-11-2025,medium,Kolkata,organic,22,female
C07981,23-12-2024,medium,Bhubaneswar,ads,32,female
C07982,22-06-2024,medium,Delhi,organic,41,male
C07983,04-08-2024,medium,Hyderabad,ads,40,female
C07984,31-03-2025,low,Mumbai,ads,47,male
C07985,31-08-2025,medium,Hyderabad,ads,45,female
C07986,20-09-2025,high,Delhi,referral,29,female
C07987,17-07-2024,medium,Mumbai,organic,35,female
C07988,30-04-2025,low,Ahmedabad,ads,34,male
C07989,16-06-2025,high,Hyderabad,ads,18,male
C07990,18-07-2024,medium,Bhubaneswar,ads,22,other
C07991,05-01-2025,high,Pune,ads,33,female
C07992,23-03-2025,high,Ahmedabad,organic,33,male
C07993,04-09-2024,medium,Ahmedabad,organic,40,male
C07994,20-09-2024,medium,Kolkata,organic,39,female
C07995,27-02-2024,low,Pune,organic,18,other
C07996,28-10-2024,medium,Chennai,ads,40,female
C07997,31-01-2024,medium,Pune,organic,36,male
C07998,12-05-2025,medium,Kolkata,ads,41,male
C07999,05-09-2024,medium,Jaipur,organic,45,male
C08000,27-08-2025,high,Delhi,ads,33,female
